#pragma once
#include "Arduino_GFX_Library.h"

const uint8_t SFCompactBold48pt7bBitmaps[] PROGMEM = {
  0x00, 0xFF, 0xFF, 0xFF, 0xFF, 0xFF, 0xFF, 0xFF, 0xFF, 0xFF, 0xFF, 0xFF, 
  0xFF, 0x7F, 0xFF, 0x7F, 0xFF, 0x7F, 0xFF, 0x7F, 0xFF, 0x7F, 0xFF, 0x7F, 
  0xFF, 0x7F, 0xFF, 0x7F, 0xFF, 0x7F, 0xFF, 0x7F, 0xFF, 0x7F, 0xFF, 0x7F, 
  0xFF, 0x7F, 0xFF, 0x7F, 0xFF, 0x7F, 0xFF, 0x7F, 0xFF, 0x7F, 0xFE, 0x7F, 
  0xFE, 0x7F, 0xFE, 0x7F, 0xFE, 0x7F, 0xFE, 0x7F, 0xFE, 0x7F, 0xFE, 0x7F, 
  0xFE, 0x7F, 0xFE, 0x7F, 0xFE, 0x3F, 0xFE, 0x3F, 0xFE, 0x3F, 0xFE, 0x3F, 
  0xFE, 0x3F, 0xFE, 0x3F, 0xFE, 0x3F, 0xFE, 0x3F, 0xFE, 0x3F, 0xFE, 0x3F, 
  0xFE, 0x3F, 0xFE, 0x3F, 0xFE, 0x00, 0x00, 0x00, 0x00, 0x00, 0x00, 0x00, 
  0x00, 0x00, 0x00, 0x01, 0x80, 0x0F, 0xF8, 0x1F, 0xFC, 0x3F, 0xFE, 0x7F, 
  0xFF, 0x7F, 0xFF, 0xFF, 0xFF, 0xFF, 0xFF, 0xFF, 0xFF, 0x7F, 0xFF, 0x7F, 
  0xFF, 0x7F, 0xFE, 0x3F, 0xFC, 0x1F, 0xF8, 0x03, 0xE0, 0xFF, 0xFC, 0x0F, 
  0xFF, 0xFF, 0xFE, 0x07, 0xFF, 0xFF, 0xFF, 0x03, 0xFF, 0xFF, 0xFF, 0x81, 
  0xFF, 0xF7, 0xFF, 0xC0, 0xFF, 0xFB, 0xFF, 0xC0, 0x7F, 0xFD, 0xFF, 0xE0, 
  0x3F, 0xFE, 0xFF, 0xF0, 0x1F, 0xFF, 0x7F, 0xF8, 0x0F, 0xFF, 0xBF, 0xFC, 
  0x07, 0xFF, 0x9F, 0xFE, 0x03, 0xFF, 0xCF, 0xFF, 0x01, 0xFF, 0xE7, 0xFF, 
  0x80, 0xFF, 0xF3, 0xFF, 0xC0, 0x7F, 0xF9, 0xFF, 0xE0, 0x1F, 0xFC, 0xFF, 
  0xF0, 0x0F, 0xFE, 0x7F, 0xF8, 0x07, 0xFF, 0x3F, 0xFC, 0x03, 0xFF, 0x8F, 
  0xFE, 0x01, 0xFF, 0xC7, 0xFE, 0x00, 0xFF, 0xE3, 0xFF, 0x00, 0x7F, 0xF1, 
  0xFF, 0x80, 0x3F, 0xF8, 0xFF, 0xC0, 0x1F, 0xFC, 0x7F, 0xE0, 0x0F, 0xFC, 
  0x3F, 0xF0, 0x07, 0xFE, 0x1F, 0xF8, 0x03, 0xFF, 0x00, 0x00, 0x00, 0x1F, 
  0xFC, 0x00, 0xFF, 0xE0, 0x00, 0x00, 0x1F, 0xFC, 0x00, 0x7F, 0xF0, 0x00, 
  0x00, 0x0F, 0xFE, 0x00, 0x7F, 0xF0, 0x00, 0x00, 0x07, 0xFF, 0x00, 0x3F, 
  0xF8, 0x00, 0x00, 0x03, 0xFF, 0x80, 0x1F, 0xFC, 0x00, 0x00, 0x01, 0xFF, 
  0xC0, 0x0F, 0xFE, 0x00, 0x00, 0x01, 0xFF, 0xC0, 0x07, 0xFF, 0x00, 0x00, 
  0x00, 0xFF, 0xE0, 0x07, 0xFF, 0x00, 0x00, 0x00, 0x7F, 0xF0, 0x03, 0xFF, 
  0x80, 0x00, 0x00, 0x3F, 0xF8, 0x01, 0xFF, 0xC0, 0x00, 0x00, 0x1F, 0xFC, 
  0x00, 0xFF, 0xE0, 0x00, 0x00, 0x1F, 0xFC, 0x00, 0x7F, 0xF0, 0x00, 0x00, 
  0x0F, 0xFE, 0x00, 0x7F, 0xF0, 0x00, 0x00, 0x07, 0xFF, 0x00, 0x3F, 0xF8, 
  0x00, 0x00, 0x03, 0xFF, 0x80, 0x1F, 0xFC, 0x00, 0x00, 0x01, 0xFF, 0xC0, 
  0x0F, 0xFE, 0x00, 0x03, 0xFF, 0xFF, 0xFF, 0xFF, 0xFF, 0xFF, 0x81, 0xFF, 
  0xFF, 0xFF, 0xFF, 0xFF, 0xFF, 0xC0, 0xFF, 0xFF, 0xFF, 0xFF, 0xFF, 0xFF, 
  0xE0, 0x7F, 0xFF, 0xFF, 0xFF, 0xFF, 0xFF, 0xE0, 0x3F, 0xFF, 0xFF, 0xFF, 
  0xFF, 0xFF, 0xF0, 0x1F, 0xFF, 0xFF, 0xFF, 0xFF, 0xFF, 0xF8, 0x1F, 0xFF, 
  0xFF, 0xFF, 0xFF, 0xFF, 0xFC, 0x0F, 0xFF, 0xFF, 0xFF, 0xFF, 0xFF, 0xFE, 
  0x07, 0xFF, 0xFF, 0xFF, 0xFF, 0xFF, 0xFE, 0x03, 0xFF, 0xFF, 0x80, 0x07, 
  0xFF, 0xFF, 0x00, 0x00, 0xFF, 0xC0, 0x03, 0xFE, 0x00, 0x00, 0x00, 0x7F, 
  0xC0, 0x03, 0xFF, 0x00, 0x00, 0x00, 0x7F, 0xE0, 0x01, 0xFF, 0x80, 0x00, 
  0x00, 0x3F, 0xF0, 0x00, 0xFF, 0xC0, 0x00, 0x00, 0x1F, 0xF8, 0x00, 0x7F, 
  0xE0, 0x00, 0x00, 0x0F, 0xFC, 0x00, 0x3F, 0xE0, 0x00, 0x00, 0x07, 0xFC, 
  0x00, 0x3F, 0xF0, 0x00, 0x00, 0x07, 0xFE, 0x00, 0x1F, 0xF8, 0x00, 0x00, 
  0x03, 0xFF, 0x00, 0x0F, 0xFC, 0x00, 0x00, 0x01, 0xFF, 0x80, 0x07, 0xFE, 
  0x00, 0x03, 0xFF, 0xFF, 0xC0, 0x03, 0xFF, 0xFF, 0x81, 0xFF, 0xFF, 0xC0, 
  0x03, 0xFF, 0xFF, 0xC0, 0xFF, 0xFF, 0xFF, 0xFF, 0xFF, 0xFF, 0xE0, 0x7F, 
  0xFF, 0xFF, 0xFF, 0xFF, 0xFF, 0xE0, 0x3F, 0xFF, 0xFF, 0xFF, 0xFF, 0xFF, 
  0xF0, 0x3F, 0xFF, 0xFF, 0xFF, 0xFF, 0xFF, 0xF8, 0x1F, 0xFF, 0xFF, 0xFF, 
  0xFF, 0xFF, 0xFC, 0x0F, 0xFF, 0xFF, 0xFF, 0xFF, 0xFF, 0xFE, 0x07, 0xFF, 
  0xFF, 0xFF, 0xFF, 0xFF, 0xFE, 0x03, 0xFF, 0xFF, 0xFF, 0xFF, 0xFF, 0xFF, 
  0x01, 0xFF, 0xFF, 0xFF, 0xFF, 0xFF, 0xFF, 0x80, 0x00, 0xFF, 0xE0, 0x03, 
  0xFF, 0x00, 0x00, 0x00, 0x7F, 0xF0, 0x03, 0xFF, 0x80, 0x00, 0x00, 0x3F, 
  0xF8, 0x01, 0xFF, 0xC0, 0x00, 0x00, 0x1F, 0xFC, 0x00, 0xFF, 0xE0, 0x00, 
  0x00, 0x1F, 0xFC, 0x00, 0x7F, 0xF0, 0x00, 0x00, 0x0F, 0xFE, 0x00, 0x3F, 
  0xF0, 0x00, 0x00, 0x07, 0xFF, 0x00, 0x3F, 0xF8, 0x00, 0x00, 0x03, 0xFF, 
  0x80, 0x1F, 0xFC, 0x00, 0x00, 0x01, 0xFF, 0xC0, 0x0F, 0xFE, 0x00, 0x00, 
  0x01, 0xFF, 0xC0, 0x07, 0xFF, 0x00, 0x00, 0x00, 0xFF, 0xE0, 0x03, 0xFF, 
  0x00, 0x00, 0x00, 0x7F, 0xF0, 0x03, 0xFF, 0x80, 0x00, 0x00, 0x3F, 0xF8, 
  0x01, 0xFF, 0xC0, 0x00, 0x00, 0x1F, 0xFC, 0x00, 0xFF, 0xE0, 0x00, 0x00, 
  0x1F, 0xFC, 0x00, 0x7F, 0xF0, 0x00, 0x00, 0x0F, 0xFE, 0x00, 0x3F, 0xF0, 
  0x00, 0x00, 0x00, 0x00, 0x07, 0xC0, 0x00, 0x00, 0x00, 0x00, 0x0F, 0x80, 
  0x00, 0x00, 0x00, 0x00, 0x1F, 0x00, 0x00, 0x00, 0x00, 0x00, 0x3E, 0x00, 
  0x00, 0x00, 0x00, 0x00, 0x7C, 0x00, 0x00, 0x00, 0x00, 0x00, 0xF8, 0x00, 
  0x00, 0x00, 0x00, 0x03, 0xF8, 0x00, 0x00, 0x00, 0x00, 0xFF, 0xFF, 0xC0, 
  0x00, 0x00, 0x0F, 0xFF, 0xFF, 0xE0, 0x00, 0x00, 0x7F, 0xFF, 0xFF, 0xF0, 
  0x00, 0x03, 0xFF, 0xFF, 0xFF, 0xF8, 0x00, 0x0F, 0xFF, 0xFF, 0xFF, 0xF8, 
  0x00, 0x3F, 0xFF, 0xFF, 0xFF, 0xF8, 0x00, 0xFF, 0xFF, 0xFF, 0xFF, 0xF8, 
  0x03, 0xFF, 0xFF, 0xFF, 0xFF, 0xF8, 0x0F, 0xFF, 0xFF, 0xFF, 0xFF, 0xF8, 
  0x1F, 0xFF, 0xFF, 0xFF, 0xFF, 0xF0, 0x7F, 0xFF, 0xEF, 0x9F, 0xFF, 0xF0, 
  0xFF, 0xFF, 0x1F, 0x0F, 0xFF, 0xE1, 0xFF, 0xFC, 0x3E, 0x0F, 0xFF, 0xE7, 
  0xFF, 0xF0, 0x7C, 0x0F, 0xFF, 0xCF, 0xFF, 0xC0, 0xF8, 0x0F, 0xFF, 0x9F, 
  0xFF, 0x81, 0xF0, 0x1F, 0xFF, 0x3F, 0xFF, 0x03, 0xE0, 0x3F, 0xFE, 0x7F, 
  0xFE, 0x07, 0xC0, 0x00, 0x00, 0xFF, 0xFE, 0x0F, 0x80, 0x00, 0x01, 0xFF, 
  0xFC, 0x1F, 0x00, 0x00, 0x03, 0xFF, 0xFC, 0x3E, 0x00, 0x00, 0x07, 0xFF, 
  0xFE, 0x7C, 0x00, 0x00, 0x07, 0xFF, 0xFF, 0xF8, 0x00, 0x00, 0x0F, 0xFF, 
  0xFF, 0xFC, 0x00, 0x00, 0x1F, 0xFF, 0xFF, 0xFF, 0x80, 0x00, 0x1F, 0xFF, 
  0xFF, 0xFF, 0xF0, 0x00, 0x3F, 0xFF, 0xFF, 0xFF, 0xF8, 0x00, 0x3F, 0xFF, 
  0xFF, 0xFF, 0xFC, 0x00, 0x3F, 0xFF, 0xFF, 0xFF, 0xFE, 0x00, 0x3F, 0xFF, 
  0xFF, 0xFF, 0xFE, 0x00, 0x3F, 0xFF, 0xFF, 0xFF, 0xFE, 0x00, 0x1F, 0xFF, 
  0xFF, 0xFF, 0xFE, 0x00, 0x0F, 0xFF, 0xFF, 0xFF, 0xFC, 0x00, 0x03, 0xFF, 
  0xFF, 0xFF, 0xFC, 0x00, 0x00, 0x7F, 0xFF, 0xFF, 0xF8, 0x00, 0x00, 0x1F, 
  0xFF, 0xFF, 0xF8, 0x00, 0x00, 0x3E, 0xFF, 0xFF, 0xF0, 0x00, 0x00, 0x7C, 
  0x3F, 0xFF, 0xE0, 0x00, 0x00, 0xF8, 0x1F, 0xFF, 0xC0, 0x00, 0x01, 0xF0, 
  0x1F, 0xFF, 0x80, 0x00, 0x03, 0xE0, 0x3F, 0xFF, 0x00, 0x00, 0x07, 0xC0, 
  0x7F, 0xFF, 0xFF, 0xF0, 0x0F, 0x80, 0x7F, 0xFF, 0xFF, 0xF0, 0x1F, 0x01, 
  0xFF, 0xFF, 0xFF, 0xE0, 0x3E, 0x03, 0xFF, 0xFF, 0xFF, 0xE0, 0x7C, 0x07, 
  0xFF, 0xFF, 0xFF, 0xE0, 0xF8, 0x1F, 0xFF, 0xDF, 0xFF, 0xE1, 0xF0, 0x7F, 
  0xFF, 0x3F, 0xFF, 0xF3, 0xE3, 0xFF, 0xFE, 0x3F, 0xFF, 0xFF, 0xFF, 0xFF, 
  0xF8, 0x7F, 0xFF, 0xFF, 0xFF, 0xFF, 0xF0, 0x7F, 0xFF, 0xFF, 0xFF, 0xFF, 
  0xC0, 0x7F, 0xFF, 0xFF, 0xFF, 0xFF, 0x80, 0xFF, 0xFF, 0xFF, 0xFF, 0xFE, 
  0x00, 0xFF, 0xFF, 0xFF, 0xFF, 0xF8, 0x00, 0x7F, 0xFF, 0xFF, 0xFF, 0xC0, 
  0x00, 0x7F, 0xFF, 0xFF, 0xFF, 0x00, 0x00, 0x3F, 0xFF, 0xFF, 0xF8, 0x00, 
  0x00, 0x0F, 0xFF, 0xFF, 0x80, 0x00, 0x00, 0x01, 0xFF, 0xF0, 0x00, 0x00, 
  0x00, 0x00, 0x3E, 0x00, 0x00, 0x00, 0x00, 0x00, 0x7C, 0x00, 0x00, 0x00, 
  0x00, 0x00, 0xF8, 0x00, 0x00, 0x00, 0x00, 0x01, 0xF0, 0x00, 0x00, 0x00, 
  0x00, 0x03, 0xE0, 0x00, 0x00, 0x00, 0x00, 0x07, 0xC0, 0x00, 0x00, 0x00, 
  0x00, 0x0F, 0x80, 0x00, 0x00, 0x00, 0x3F, 0xE0, 0x00, 0x00, 0x00, 0x00, 
  0x00, 0x00, 0x03, 0xFF, 0xE0, 0x00, 0x00, 0x00, 0x0F, 0xFE, 0x00, 0x3F, 
  0xFF, 0xE0, 0x00, 0x00, 0x00, 0x7F, 0xF0, 0x01, 0xFF, 0xFF, 0xC0, 0x00, 
  0x00, 0x03, 0xFF, 0x80, 0x0F, 0xFF, 0xFF, 0x80, 0x00, 0x00, 0x1F, 0xFC, 
  0x00, 0x7F, 0xFF, 0xFF, 0x00, 0x00, 0x00, 0x7F, 0xE0, 0x03, 0xFF, 0xFF, 
  0xFC, 0x00, 0x00, 0x03, 0xFF, 0x80, 0x0F, 0xFF, 0xFF, 0xF8, 0x00, 0x00, 
  0x1F, 0xFC, 0x00, 0x3F, 0xFF, 0xFF, 0xE0, 0x00, 0x00, 0xFF, 0xE0, 0x01, 
  0xFF, 0xE3, 0xFF, 0xC0, 0x00, 0x03, 0xFF, 0x00, 0x07, 0xFF, 0x07, 0xFF, 
  0x00, 0x00, 0x1F, 0xF8, 0x00, 0x1F, 0xF8, 0x1F, 0xFC, 0x00, 0x00, 0xFF, 
  0xE0, 0x00, 0x7F, 0xE0, 0x3F, 0xF0, 0x00, 0x07, 0xFF, 0x00, 0x01, 0xFF, 
  0x80, 0xFF, 0xC0, 0x00, 0x1F, 0xF8, 0x00, 0x0F, 0xFE, 0x03, 0xFF, 0x00, 
  0x00, 0xFF, 0xC0, 0x00, 0x3F, 0xF8, 0x0F, 0xFC, 0x00, 0x07, 0xFF, 0x00, 
  0x00, 0xFF, 0xE0, 0x3F, 0xF0, 0x00, 0x3F, 0xF8, 0x00, 0x03, 0xFF, 0x80, 
  0xFF, 0xC0, 0x00, 0xFF, 0xC0, 0x00, 0x0F, 0xFE, 0x03, 0xFF, 0x00, 0x07, 
  0xFE, 0x00, 0x00, 0x1F, 0xF8, 0x0F, 0xFC, 0x00, 0x3F, 0xF0, 0x00, 0x00, 
  0x7F, 0xE0, 0x3F, 0xF0, 0x01, 0xFF, 0xC0, 0x00, 0x01, 0xFF, 0xC1, 0xFF, 
  0xC0, 0x07, 0xFE, 0x00, 0x00, 0x07, 0xFF, 0x07, 0xFF, 0x00, 0x3F, 0xF0, 
  0x00, 0x00, 0x1F, 0xFF, 0x7F, 0xF8, 0x01, 0xFF, 0x80, 0x00, 0x00, 0x3F, 
  0xFF, 0xFF, 0xE0, 0x0F, 0xFC, 0x00, 0x00, 0x00, 0xFF, 0xFF, 0xFF, 0x80, 
  0x7F, 0xF0, 0x00, 0x00, 0x01, 0xFF, 0xFF, 0xFC, 0x01, 0xFF, 0x80, 0x00, 
  0x00, 0x03, 0xFF, 0xFF, 0xE0, 0x0F, 0xFC, 0x00, 0x00, 0x00, 0x07, 0xFF, 
  0xFF, 0x00, 0x7F, 0xE0, 0x00, 0x00, 0x00, 0x0F, 0xFF, 0xF8, 0x03, 0xFF, 
  0x80, 0x00, 0x00, 0x00, 0x1F, 0xFF, 0xC0, 0x0F, 0xFC, 0x00, 0x00, 0x00, 
  0x00, 0x0F, 0xF8, 0x00, 0x7F, 0xE0, 0x00, 0x00, 0x00, 0x00, 0x00, 0x00, 
  0x03, 0xFF, 0x00, 0x00, 0x00, 0x00, 0x00, 0x00, 0x00, 0x1F, 0xF8, 0x00, 
  0xFF, 0xE0, 0x00, 0x00, 0x00, 0x00, 0x7F, 0xE0, 0x0F, 0xFF, 0xE0, 0x00, 
  0x00, 0x00, 0x03, 0xFF, 0x00, 0xFF, 0xFF, 0xE0, 0x00, 0x00, 0x00, 0x1F, 
  0xF8, 0x07, 0xFF, 0xFF, 0xC0, 0x00, 0x00, 0x00, 0xFF, 0xC0, 0x1F, 0xFF, 
  0xFF, 0x00, 0x00, 0x00, 0x07, 0xFF, 0x00, 0xFF, 0xFF, 0xFE, 0x00, 0x00, 
  0x00, 0x1F, 0xF8, 0x07, 0xFF, 0xFF, 0xFC, 0x00, 0x00, 0x00, 0xFF, 0xC0, 
  0x1F, 0xFF, 0xFF, 0xF0, 0x00, 0x00, 0x07, 0xFE, 0x00, 0xFF, 0xFB, 0xFF, 
  0xE0, 0x00, 0x00, 0x3F, 0xF8, 0x03, 0xFF, 0x83, 0xFF, 0x80, 0x00, 0x01, 
  0xFF, 0xC0, 0x0F, 0xFE, 0x0F, 0xFE, 0x00, 0x00, 0x07, 0xFE, 0x00, 0x3F, 
  0xF0, 0x1F, 0xF8, 0x00, 0x00, 0x3F, 0xF0, 0x00, 0xFF, 0xC0, 0x7F, 0xE0, 
  0x00, 0x01, 0xFF, 0x80, 0x03, 0xFF, 0x01, 0xFF, 0x80, 0x00, 0x0F, 0xFE, 
  0x00, 0x0F, 0xFC, 0x07, 0xFF, 0x00, 0x00, 0x3F, 0xF0, 0x00, 0x3F, 0xF0, 
  0x1F, 0xFC, 0x00, 0x01, 0xFF, 0x80, 0x00, 0xFF, 0xC0, 0x7F, 0xF0, 0x00, 
  0x0F, 0xFC, 0x00, 0x03, 0xFF, 0x01, 0xFF, 0x80, 0x00, 0x7F, 0xF0, 0x00, 
  0x0F, 0xFC, 0x07, 0xFE, 0x00, 0x03, 0xFF, 0x80, 0x00, 0x3F, 0xF0, 0x1F, 
  0xF8, 0x00, 0x0F, 0xFC, 0x00, 0x00, 0xFF, 0xE0, 0xFF, 0xE0, 0x00, 0x7F, 
  0xE0, 0x00, 0x03, 0xFF, 0x83, 0xFF, 0x80, 0x03, 0xFF, 0x80, 0x00, 0x0F, 
  0xFF, 0x1F, 0xFE, 0x00, 0x1F, 0xFC, 0x00, 0x00, 0x1F, 0xFF, 0xFF, 0xF0, 
  0x00, 0x7F, 0xE0, 0x00, 0x00, 0x7F, 0xFF, 0xFF, 0xC0, 0x03, 0xFF, 0x00, 
  0x00, 0x00, 0xFF, 0xFF, 0xFE, 0x00, 0x1F, 0xFC, 0x00, 0x00, 0x03, 0xFF, 
  0xFF, 0xF8, 0x00, 0xFF, 0xE0, 0x00, 0x00, 0x07, 0xFF, 0xFF, 0xC0, 0x07, 
  0xFF, 0x00, 0x00, 0x00, 0x0F, 0xFF, 0xFE, 0x00, 0x1F, 0xF8, 0x00, 0x00, 
  0x00, 0x1F, 0xFF, 0xF0, 0x00, 0xFF, 0xE0, 0x00, 0x00, 0x00, 0x1F, 0xFF, 
  0x00, 0x00, 0x00, 0x00, 0x00, 0x00, 0x00, 0x0F, 0xE0, 0x00, 0x00, 0x00, 
  0x1F, 0xFC, 0x00, 0x00, 0x00, 0x00, 0x00, 0x07, 0xFF, 0xFC, 0x00, 0x00, 
  0x00, 0x00, 0x00, 0xFF, 0xFF, 0xF8, 0x00, 0x00, 0x00, 0x00, 0x1F, 0xFF, 
  0xFF, 0xF0, 0x00, 0x00, 0x00, 0x01, 0xFF, 0xFF, 0xFF, 0xC0, 0x00, 0x00, 
  0x00, 0x1F, 0xFF, 0xFF, 0xFF, 0x00, 0x00, 0x00, 0x01, 0xFF, 0xFF, 0xFF, 
  0xFC, 0x00, 0x00, 0x00, 0x1F, 0xFF, 0xFF, 0xFF, 0xF0, 0x00, 0x00, 0x00, 
  0xFF, 0xFF, 0xFF, 0xFF, 0x80, 0x00, 0x00, 0x0F, 0xFF, 0xE0, 0xFF, 0xFE, 
  0x00, 0x00, 0x00, 0x7F, 0xFC, 0x01, 0xFF, 0xF0, 0x00, 0x00, 0x03, 0xFF, 
  0xC0, 0x07, 0xFF, 0x80, 0x00, 0x00, 0x3F, 0xFE, 0x00, 0x3F, 0xFC, 0x00, 
  0x00, 0x01, 0xFF, 0xE0, 0x00, 0xFF, 0xF0, 0x00, 0x00, 0x0F, 0xFF, 0x00, 
  0x07, 0xFF, 0x80, 0x00, 0x00, 0x7F, 0xF8, 0x00, 0x3F, 0xF8, 0x00, 0x00, 
  0x03, 0xFF, 0xC0, 0x01, 0xFF, 0xC0, 0x00, 0x00, 0x0F, 0xFF, 0x00, 0x0F, 
  0xFE, 0x00, 0x00, 0x00, 0x7F, 0xF8, 0x00, 0xFF, 0xF0, 0x00, 0x00, 0x03, 
  0xFF, 0xE0, 0x07, 0xFF, 0x80, 0x00, 0x00, 0x0F, 0xFF, 0x00, 0x7F, 0xF8, 
  0x00, 0x00, 0x00, 0x7F, 0xFC, 0x07, 0xFF, 0xC0, 0x00, 0x00, 0x01, 0xFF, 
  0xF0, 0xFF, 0xFC, 0x00, 0x00, 0x00, 0x0F, 0xFF, 0xCF, 0xFF, 0xC0, 0x00, 
  0x00, 0x00, 0x3F, 0xFF, 0xFF, 0xFC, 0x00, 0x00, 0x00, 0x00, 0xFF, 0xFF, 
  0xFF, 0xC0, 0x00, 0x00, 0x00, 0x03, 0xFF, 0xFF, 0xFC, 0x00, 0x00, 0x00, 
  0x00, 0x0F, 0xFF, 0xFF, 0xC0, 0x00, 0x00, 0x00, 0x00, 0x3F, 0xFF, 0xFC, 
  0x01, 0xFF, 0xC0, 0x00, 0x07, 0xFF, 0xFF, 0x80, 0x0F, 0xFE, 0x00, 0x00, 
  0x7F, 0xFF, 0xF0, 0x00, 0x7F, 0xF0, 0x00, 0x0F, 0xFF, 0xFF, 0xC0, 0x03, 
  0xFF, 0x80, 0x00, 0xFF, 0xFF, 0xFF, 0x00, 0x1F, 0xFC, 0x00, 0x1F, 0xFF, 
  0xFF, 0xFC, 0x00, 0xFF, 0xE0, 0x01, 0xFF, 0xFF, 0xFF, 0xF0, 0x07, 0xFF, 
  0x00, 0x1F, 0xFF, 0xFF, 0xFF, 0xC0, 0x3F, 0xF8, 0x01, 0xFF, 0xFE, 0x7F, 
  0xFF, 0x03, 0xFF, 0xC0, 0x1F, 0xFF, 0xE1, 0xFF, 0xFC, 0x1F, 0xFE, 0x00, 
  0xFF, 0xFC, 0x07, 0xFF, 0xE0, 0xFF, 0xF0, 0x0F, 0xFF, 0xC0, 0x1F, 0xFF, 
  0x87, 0xFF, 0x80, 0x7F, 0xFC, 0x00, 0x7F, 0xFE, 0x3F, 0xFC, 0x07, 0xFF, 
  0xE0, 0x03, 0xFF, 0xFB, 0xFF, 0xC0, 0x3F, 0xFE, 0x00, 0x0F, 0xFF, 0xFF, 
  0xFE, 0x01, 0xFF, 0xF0, 0x00, 0x3F, 0xFF, 0xFF, 0xF0, 0x0F, 0xFF, 0x80, 
  0x00, 0xFF, 0xFF, 0xFF, 0x00, 0x7F, 0xFC, 0x00, 0x03, 0xFF, 0xFF, 0xF8, 
  0x03, 0xFF, 0xE0, 0x00, 0x0F, 0xFF, 0xFF, 0xC0, 0x1F, 0xFF, 0x00, 0x00, 
  0x3F, 0xFF, 0xFC, 0x00, 0xFF, 0xF8, 0x00, 0x00, 0xFF, 0xFF, 0xE0, 0x07, 
  0xFF, 0xE0, 0x00, 0x03, 0xFF, 0xFE, 0x00, 0x3F, 0xFF, 0x00, 0x00, 0x0F, 
  0xFF, 0xE0, 0x01, 0xFF, 0xFC, 0x00, 0x01, 0xFF, 0xFF, 0x80, 0x07, 0xFF, 
  0xF8, 0x00, 0x1F, 0xFF, 0xFE, 0x00, 0x3F, 0xFF, 0xF0, 0x07, 0xFF, 0xFF, 
  0xF8, 0x01, 0xFF, 0xFF, 0xFF, 0xFF, 0xFF, 0xFF, 0xE0, 0x07, 0xFF, 0xFF, 
  0xFF, 0xFF, 0xFF, 0xFF, 0x80, 0x1F, 0xFF, 0xFF, 0xFF, 0xFF, 0xFF, 0xFE, 
  0x00, 0x7F, 0xFF, 0xFF, 0xFF, 0xFF, 0xFF, 0xF8, 0x03, 0xFF, 0xFF, 0xFF, 
  0xFF, 0xFF, 0xFF, 0xE0, 0x07, 0xFF, 0xFF, 0xFF, 0xFC, 0x7F, 0xFF, 0x80, 
  0x1F, 0xFF, 0xFF, 0xFF, 0xC1, 0xFF, 0xFE, 0x00, 0x3F, 0xFF, 0xFF, 0xF8, 
  0x07, 0xFF, 0xF0, 0x00, 0x7F, 0xFF, 0xFE, 0x00, 0x1F, 0xFF, 0xC0, 0x00, 
  0x7F, 0xFF, 0x80, 0x00, 0x00, 0x00, 0xFF, 0xFF, 0xFF, 0xFF, 0xFF, 0xFF, 
  0xFF, 0x7F, 0xFD, 0xFF, 0xE7, 0xFF, 0x9F, 0xFE, 0x7F, 0xF9, 0xFF, 0xE7, 
  0xFF, 0x9F, 0xFE, 0x7F, 0xF9, 0xFF, 0xE7, 0xFF, 0x9F, 0xFE, 0x7F, 0xF9, 
  0xFF, 0xE3, 0xFF, 0x8F, 0xFC, 0x3F, 0xF0, 0xFF, 0xC3, 0xFF, 0x0F, 0xFC, 
  0x3F, 0xF0, 0xFF, 0xC0, 0x00, 0x0F, 0xFF, 0xC0, 0x01, 0xFF, 0xF0, 0x00, 
  0x7F, 0xFE, 0x00, 0x1F, 0xFF, 0x80, 0x03, 0xFF, 0xF0, 0x00, 0xFF, 0xFC, 
  0x00, 0x3F, 0xFF, 0x80, 0x07, 0xFF, 0xE0, 0x01, 0xFF, 0xFC, 0x00, 0x3F, 
  0xFF, 0x00, 0x0F, 0xFF, 0xE0, 0x01, 0xFF, 0xF8, 0x00, 0x7F, 0xFF, 0x00, 
  0x0F, 0xFF, 0xE0, 0x03, 0xFF, 0xF8, 0x00, 0x7F, 0xFF, 0x00, 0x0F, 0xFF, 
  0xE0, 0x03, 0xFF, 0xF8, 0x00, 0x7F, 0xFF, 0x00, 0x0F, 0xFF, 0xE0, 0x01, 
  0xFF, 0xFC, 0x00, 0x7F, 0xFF, 0x00, 0x0F, 0xFF, 0xE0, 0x01, 0xFF, 0xFC, 
  0x00, 0x3F, 0xFF, 0x80, 0x0F, 0xFF, 0xF0, 0x01, 0xFF, 0xFC, 0x00, 0x3F, 
  0xFF, 0x80, 0x07, 0xFF, 0xF0, 0x00, 0xFF, 0xFE, 0x00, 0x1F, 0xFF, 0xC0, 
  0x03, 0xFF, 0xF8, 0x00, 0x7F, 0xFF, 0x00, 0x0F, 0xFF, 0xE0, 0x03, 0xFF, 
  0xFC, 0x00, 0x7F, 0xFF, 0x80, 0x0F, 0xFF, 0xF0, 0x01, 0xFF, 0xFC, 0x00, 
  0x3F, 0xFF, 0x80, 0x07, 0xFF, 0xF0, 0x00, 0xFF, 0xFE, 0x00, 0x1F, 0xFF, 
  0xC0, 0x03, 0xFF, 0xFC, 0x00, 0x7F, 0xFF, 0x80, 0x0F, 0xFF, 0xF0, 0x00, 
  0xFF, 0xFE, 0x00, 0x1F, 0xFF, 0xC0, 0x03, 0xFF, 0xF8, 0x00, 0x7F, 0xFF, 
  0x00, 0x0F, 0xFF, 0xE0, 0x01, 0xFF, 0xFC, 0x00, 0x3F, 0xFF, 0x80, 0x07, 
  0xFF, 0xF0, 0x00, 0xFF, 0xFF, 0x00, 0x0F, 0xFF, 0xE0, 0x01, 0xFF, 0xFC, 
  0x00, 0x3F, 0xFF, 0x80, 0x07, 0xFF, 0xF0, 0x00, 0xFF, 0xFF, 0x00, 0x0F, 
  0xFF, 0xE0, 0x01, 0xFF, 0xFC, 0x00, 0x3F, 0xFF, 0x80, 0x03, 0xFF, 0xF8, 
  0x00, 0x7F, 0xFF, 0x00, 0x0F, 0xFF, 0xE0, 0x00, 0xFF, 0xFE, 0x00, 0x1F, 
  0xFF, 0xC0, 0x03, 0xFF, 0xF8, 0x00, 0x3F, 0xFF, 0x80, 0x07, 0xFF, 0xF0, 
  0x00, 0x7F, 0xFF, 0x00, 0x0F, 0xFF, 0xE0, 0x01, 0xFF, 0xFC, 0x00, 0x1F, 
  0xFF, 0xC0, 0x03, 0xFF, 0xF8, 0x00, 0x3F, 0xFF, 0x80, 0x03, 0xFF, 0xF0, 
  0x00, 0x7F, 0xFF, 0x00, 0x07, 0xFF, 0xE0, 0x00, 0x7F, 0xFE, 0x7F, 0xFE, 
  0x00, 0x07, 0xFF, 0xC0, 0x00, 0xFF, 0xFC, 0x00, 0x0F, 0xFF, 0xC0, 0x01, 
  0xFF, 0xF8, 0x00, 0x1F, 0xFF, 0x80, 0x01, 0xFF, 0xF8, 0x00, 0x3F, 0xFF, 
  0x00, 0x07, 0xFF, 0xF0, 0x00, 0x7F, 0xFE, 0x00, 0x0F, 0xFF, 0xE0, 0x00, 
  0xFF, 0xFC, 0x00, 0x1F, 0xFF, 0xC0, 0x03, 0xFF, 0xF8, 0x00, 0x3F, 0xFF, 
  0x80, 0x07, 0xFF, 0xF0, 0x00, 0xFF, 0xFE, 0x00, 0x0F, 0xFF, 0xE0, 0x01, 
  0xFF, 0xFC, 0x00, 0x3F, 0xFF, 0x80, 0x07, 0xFF, 0xF8, 0x00, 0x7F, 0xFF, 
  0x00, 0x0F, 0xFF, 0xE0, 0x01, 0xFF, 0xFC, 0x00, 0x3F, 0xFF, 0x80, 0x07, 
  0xFF, 0xF8, 0x00, 0x7F, 0xFF, 0x00, 0x0F, 0xFF, 0xE0, 0x01, 0xFF, 0xFC, 
  0x00, 0x3F, 0xFF, 0x80, 0x07, 0xFF, 0xF0, 0x00, 0xFF, 0xFE, 0x00, 0x1F, 
  0xFF, 0xE0, 0x03, 0xFF, 0xFC, 0x00, 0x7F, 0xFF, 0x80, 0x0F, 0xFF, 0xF0, 
  0x00, 0xFF, 0xFE, 0x00, 0x1F, 0xFF, 0xC0, 0x03, 0xFF, 0xF8, 0x00, 0x7F, 
  0xFF, 0x00, 0x0F, 0xFF, 0xE0, 0x01, 0xFF, 0xFC, 0x00, 0x3F, 0xFF, 0x80, 
  0x0F, 0xFF, 0xF0, 0x01, 0xFF, 0xFE, 0x00, 0x3F, 0xFF, 0xC0, 0x07, 0xFF, 
  0xF0, 0x00, 0xFF, 0xFE, 0x00, 0x1F, 0xFF, 0xC0, 0x03, 0xFF, 0xF8, 0x00, 
  0x7F, 0xFF, 0x00, 0x0F, 0xFF, 0xE0, 0x01, 0xFF, 0xFC, 0x00, 0x7F, 0xFF, 
  0x80, 0x0F, 0xFF, 0xE0, 0x01, 0xFF, 0xFC, 0x00, 0x3F, 0xFF, 0x80, 0x07, 
  0xFF, 0xF0, 0x01, 0xFF, 0xFE, 0x00, 0x3F, 0xFF, 0x80, 0x07, 0xFF, 0xF0, 
  0x00, 0xFF, 0xFE, 0x00, 0x3F, 0xFF, 0xC0, 0x07, 0xFF, 0xF0, 0x00, 0xFF, 
  0xFE, 0x00, 0x3F, 0xFF, 0xC0, 0x07, 0xFF, 0xF0, 0x00, 0xFF, 0xFE, 0x00, 
  0x3F, 0xFF, 0x80, 0x07, 0xFF, 0xF0, 0x00, 0xFF, 0xFE, 0x00, 0x3F, 0xFF, 
  0x80, 0x07, 0xFF, 0xF0, 0x01, 0xFF, 0xFC, 0x00, 0x3F, 0xFF, 0x80, 0x0F, 
  0xFF, 0xE0, 0x01, 0xFF, 0xF8, 0x00, 0x7F, 0xFF, 0x00, 0x0F, 0xFF, 0xC0, 
  0x03, 0xFF, 0xF0, 0x00, 0x00, 0x0F, 0xF8, 0x00, 0x00, 0x07, 0xF8, 0x00, 
  0x00, 0x03, 0xFC, 0x00, 0x00, 0x01, 0xFE, 0x00, 0x00, 0x00, 0x7F, 0x00, 
  0x80, 0xE0, 0x3F, 0x80, 0xE0, 0x78, 0x1F, 0xC0, 0xF0, 0x7E, 0x0F, 0xE1, 
  0xFC, 0x7F, 0xC7, 0xF1, 0xFE, 0x3F, 0xF3, 0xFB, 0xFF, 0xBF, 0xFD, 0xFF, 
  0xFF, 0xDF, 0xFF, 0xFF, 0xFF, 0xF7, 0xFF, 0xFF, 0xFF, 0xF0, 0xFF, 0xFF, 
  0xFF, 0xC0, 0x1F, 0xFF, 0xFF, 0x80, 0x01, 0xFF, 0xFF, 0x00, 0x00, 0x3F, 
  0xFE, 0x00, 0x00, 0x7F, 0xFF, 0xC0, 0x00, 0xFF, 0xFF, 0xF8, 0x03, 0xFF, 
  0xFF, 0xFF, 0x07, 0xFF, 0xFF, 0xFF, 0xF7, 0xFF, 0xFF, 0xFF, 0xFF, 0xFF, 
  0xDF, 0xBF, 0xFC, 0xFF, 0xCF, 0xE7, 0xFE, 0x7F, 0xC7, 0xF1, 0xFE, 0x1F, 
  0x83, 0xF8, 0x7F, 0x07, 0x81, 0xFC, 0x0F, 0x03, 0x00, 0xFE, 0x03, 0x00, 
  0x00, 0x7F, 0x00, 0x00, 0x00, 0x3F, 0x80, 0x00, 0x00, 0x3F, 0xC0, 0x00, 
  0x00, 0x1F, 0xE0, 0x00, 0x00, 0x0F, 0xF8, 0x00, 0x00, 0x00, 0x00, 0x3F, 
  0xFE, 0x00, 0x00, 0x00, 0x00, 0x1F, 0xFF, 0x00, 0x00, 0x00, 0x00, 0x0F, 
  0xFF, 0x80, 0x00, 0x00, 0x00, 0x07, 0xFF, 0xC0, 0x00, 0x00, 0x00, 0x03, 
  0xFF, 0xE0, 0x00, 0x00, 0x00, 0x01, 0xFF, 0xF0, 0x00, 0x00, 0x00, 0x00, 
  0xFF, 0xF8, 0x00, 0x00, 0x00, 0x00, 0x7F, 0xFC, 0x00, 0x00, 0x00, 0x00, 
  0x3F, 0xFE, 0x00, 0x00, 0x00, 0x00, 0x1F, 0xFF, 0x00, 0x00, 0x00, 0x00, 
  0x0F, 0xFF, 0x80, 0x00, 0x00, 0x00, 0x07, 0xFF, 0xC0, 0x00, 0x00, 0x00, 
  0x03, 0xFF, 0xE0, 0x00, 0x00, 0x00, 0x01, 0xFF, 0xF0, 0x00, 0x00, 0x00, 
  0x00, 0xFF, 0xF8, 0x00, 0x00, 0x00, 0x00, 0x7F, 0xFC, 0x00, 0x00, 0x00, 
  0x00, 0x3F, 0xFE, 0x00, 0x00, 0x00, 0x00, 0x1F, 0xFF, 0x00, 0x00, 0x00, 
  0x00, 0x0F, 0xFF, 0x80, 0x00, 0x1F, 0xFF, 0xFF, 0xFF, 0xFF, 0xFF, 0xFF, 
  0xFF, 0xFF, 0xFF, 0xFF, 0xFF, 0xFF, 0xFF, 0xFF, 0xFF, 0xFF, 0xFF, 0xFF, 
  0xFF, 0xFF, 0xFF, 0xFF, 0xFF, 0xFF, 0xFF, 0xFF, 0xFF, 0xFF, 0xFF, 0xFF, 
  0xFF, 0xFF, 0xFF, 0xFF, 0xFF, 0xFF, 0xFF, 0xFF, 0xFF, 0xFF, 0xFF, 0xFF, 
  0xFF, 0xFF, 0xFF, 0xFF, 0xFF, 0xFF, 0xFF, 0xFF, 0xFF, 0xFF, 0xFF, 0xFF, 
  0xFF, 0xFF, 0xFF, 0xFF, 0xFF, 0xFF, 0xFF, 0xFF, 0xFF, 0xFF, 0xFF, 0xFF, 
  0xFF, 0xFF, 0xFF, 0xFF, 0xFF, 0xFF, 0xFE, 0x00, 0x00, 0x7F, 0xFC, 0x00, 
  0x00, 0x00, 0x00, 0x3F, 0xFE, 0x00, 0x00, 0x00, 0x00, 0x1F, 0xFF, 0x00, 
  0x00, 0x00, 0x00, 0x0F, 0xFF, 0x80, 0x00, 0x00, 0x00, 0x07, 0xFF, 0xC0, 
  0x00, 0x00, 0x00, 0x03, 0xFF, 0xE0, 0x00, 0x00, 0x00, 0x01, 0xFF, 0xF0, 
  0x00, 0x00, 0x00, 0x00, 0xFF, 0xF8, 0x00, 0x00, 0x00, 0x00, 0x7F, 0xFC, 
  0x00, 0x00, 0x00, 0x00, 0x3F, 0xFE, 0x00, 0x00, 0x00, 0x00, 0x1F, 0xFF, 
  0x00, 0x00, 0x00, 0x00, 0x0F, 0xFF, 0x80, 0x00, 0x00, 0x00, 0x07, 0xFF, 
  0xC0, 0x00, 0x00, 0x00, 0x03, 0xFF, 0xE0, 0x00, 0x00, 0x00, 0x01, 0xFF, 
  0xF0, 0x00, 0x00, 0x00, 0x00, 0xFF, 0xF8, 0x00, 0x00, 0x00, 0x00, 0x7F, 
  0xFC, 0x00, 0x00, 0x00, 0x00, 0x3F, 0xFE, 0x00, 0x00, 0x00, 0x00, 0x1F, 
  0xFF, 0x00, 0x00, 0x00, 0x07, 0xFF, 0xC1, 0xFF, 0xF0, 0x7F, 0xFC, 0x1F, 
  0xFE, 0x0F, 0xFF, 0x83, 0xFF, 0xE0, 0xFF, 0xF0, 0x3F, 0xFC, 0x0F, 0xFF, 
  0x07, 0xFF, 0x81, 0xFF, 0xE0, 0x7F, 0xF8, 0x1F, 0xFC, 0x07, 0xFF, 0x03, 
  0xFF, 0xC0, 0xFF, 0xE0, 0x3F, 0xF8, 0x0F, 0xFE, 0x03, 0xFF, 0x01, 0xFF, 
  0xC0, 0x7F, 0xF0, 0x1F, 0xF8, 0x07, 0xFE, 0x01, 0xFF, 0x80, 0xFF, 0xC0, 
  0x00, 0xFF, 0xFF, 0xFF, 0xFF, 0xFF, 0xFF, 0xFF, 0xFF, 0xFF, 0xFF, 0xFF, 
  0xFF, 0xFF, 0xFF, 0xFF, 0xFF, 0xFF, 0xFF, 0xFF, 0xFF, 0xFF, 0xFF, 0xFF, 
  0xFF, 0xFF, 0xFF, 0xFF, 0xFF, 0xFF, 0xFF, 0xFF, 0xFF, 0xFF, 0xFF, 0xFF, 
  0xFF, 0xFF, 0xFF, 0xFF, 0xFF, 0xFF, 0xFF, 0xFF, 0xFF, 0xFF, 0xFF, 0xFF, 
  0x80, 0x0F, 0xF0, 0x1F, 0xF8, 0x3F, 0xFC, 0x7F, 0xFE, 0xFF, 0xFF, 0xFF, 
  0xFF, 0xFF, 0xFF, 0xFF, 0xFF, 0xFF, 0xFF, 0xFF, 0xFF, 0xFF, 0xFF, 0x7F, 
  0xFE, 0x7F, 0xFE, 0x3F, 0xFC, 0x1F, 0xF8, 0x07, 0xE0, 0x00, 0x00, 0x03, 
  0xFF, 0xE0, 0x00, 0x00, 0x3F, 0xFE, 0x00, 0x00, 0x03, 0xFF, 0xE0, 0x00, 
  0x00, 0x7F, 0xFE, 0x00, 0x00, 0x07, 0xFF, 0xC0, 0x00, 0x00, 0x7F, 0xFC, 
  0x00, 0x00, 0x0F, 0xFF, 0xC0, 0x00, 0x00, 0xFF, 0xF8, 0x00, 0x00, 0x0F, 
  0xFF, 0x80, 0x00, 0x00, 0xFF, 0xF8, 0x00, 0x00, 0x1F, 0xFF, 0x80, 0x00, 
  0x01, 0xFF, 0xF0, 0x00, 0x00, 0x1F, 0xFF, 0x00, 0x00, 0x03, 0xFF, 0xF0, 
  0x00, 0x00, 0x3F, 0xFE, 0x00, 0x00, 0x03, 0xFF, 0xE0, 0x00, 0x00, 0x3F, 
  0xFE, 0x00, 0x00, 0x07, 0xFF, 0xE0, 0x00, 0x00, 0x7F, 0xFC, 0x00, 0x00, 
  0x07, 0xFF, 0xC0, 0x00, 0x00, 0xFF, 0xFC, 0x00, 0x00, 0x0F, 0xFF, 0xC0, 
  0x00, 0x00, 0xFF, 0xF8, 0x00, 0x00, 0x0F, 0xFF, 0x80, 0x00, 0x01, 0xFF, 
  0xF8, 0x00, 0x00, 0x1F, 0xFF, 0x00, 0x00, 0x01, 0xFF, 0xF0, 0x00, 0x00, 
  0x3F, 0xFF, 0x00, 0x00, 0x03, 0xFF, 0xF0, 0x00, 0x00, 0x3F, 0xFE, 0x00, 
  0x00, 0x03, 0xFF, 0xE0, 0x00, 0x00, 0x7F, 0xFE, 0x00, 0x00, 0x07, 0xFF, 
  0xC0, 0x00, 0x00, 0x7F, 0xFC, 0x00, 0x00, 0x07, 0xFF, 0xC0, 0x00, 0x00, 
  0xFF, 0xFC, 0x00, 0x00, 0x0F, 0xFF, 0x80, 0x00, 0x00, 0xFF, 0xF8, 0x00, 
  0x00, 0x1F, 0xFF, 0x80, 0x00, 0x01, 0xFF, 0xF0, 0x00, 0x00, 0x1F, 0xFF, 
  0x00, 0x00, 0x01, 0xFF, 0xF0, 0x00, 0x00, 0x3F, 0xFF, 0x00, 0x00, 0x03, 
  0xFF, 0xE0, 0x00, 0x00, 0x3F, 0xFE, 0x00, 0x00, 0x07, 0xFF, 0xE0, 0x00, 
  0x00, 0x7F, 0xFC, 0x00, 0x00, 0x07, 0xFF, 0xC0, 0x00, 0x00, 0x7F, 0xFC, 
  0x00, 0x00, 0x0F, 0xFF, 0xC0, 0x00, 0x00, 0xFF, 0xF8, 0x00, 0x00, 0x0F, 
  0xFF, 0x80, 0x00, 0x01, 0xFF, 0xF8, 0x00, 0x00, 0x1F, 0xFF, 0x00, 0x00, 
  0x01, 0xFF, 0xF0, 0x00, 0x00, 0x1F, 0xFF, 0x00, 0x00, 0x03, 0xFF, 0xF0, 
  0x00, 0x00, 0x3F, 0xFE, 0x00, 0x00, 0x03, 0xFF, 0xE0, 0x00, 0x00, 0x7F, 
  0xFE, 0x00, 0x00, 0x07, 0xFF, 0xE0, 0x00, 0x00, 0x7F, 0xFC, 0x00, 0x00, 
  0x07, 0xFF, 0xC0, 0x00, 0x00, 0xFF, 0xFC, 0x00, 0x00, 0x0F, 0xFF, 0x80, 
  0x00, 0x00, 0xFF, 0xF8, 0x00, 0x00, 0x0F, 0xFF, 0x80, 0x00, 0x01, 0xFF, 
  0xF8, 0x00, 0x00, 0x1F, 0xFF, 0x00, 0x00, 0x01, 0xFF, 0xF0, 0x00, 0x00, 
  0x3F, 0xFF, 0x00, 0x00, 0x03, 0xFF, 0xE0, 0x00, 0x00, 0x3F, 0xFE, 0x00, 
  0x00, 0x03, 0xFF, 0xE0, 0x00, 0x00, 0x7F, 0xFE, 0x00, 0x00, 0x07, 0xFF, 
  0xC0, 0x00, 0x00, 0x7F, 0xFC, 0x00, 0x00, 0x0F, 0xFF, 0xC0, 0x00, 0x00, 
  0xFF, 0xF8, 0x00, 0x00, 0x0F, 0xFF, 0x80, 0x00, 0x00, 0x00, 0x00, 0x07, 
  0xF8, 0x00, 0x00, 0x00, 0x00, 0x1F, 0xFF, 0xE0, 0x00, 0x00, 0x00, 0x3F, 
  0xFF, 0xFF, 0x00, 0x00, 0x00, 0x3F, 0xFF, 0xFF, 0xF0, 0x00, 0x00, 0x1F, 
  0xFF, 0xFF, 0xFE, 0x00, 0x00, 0x0F, 0xFF, 0xFF, 0xFF, 0xC0, 0x00, 0x0F, 
  0xFF, 0xFF, 0xFF, 0xF8, 0x00, 0x03, 0xFF, 0xFF, 0xFF, 0xFF, 0x00, 0x01, 
  0xFF, 0xFF, 0xFF, 0xFF, 0xE0, 0x00, 0xFF, 0xFF, 0xFF, 0xFF, 0xFC, 0x00, 
  0x7F, 0xFF, 0xFF, 0xFF, 0xFF, 0x80, 0x1F, 0xFF, 0xFF, 0xFF, 0xFF, 0xE0, 
  0x0F, 0xFF, 0xFF, 0x3F, 0xFF, 0xFC, 0x03, 0xFF, 0xFE, 0x01, 0xFF, 0xFF, 
  0x01, 0xFF, 0xFF, 0x00, 0x3F, 0xFF, 0xE0, 0x7F, 0xFF, 0x80, 0x07, 0xFF, 
  0xF8, 0x3F, 0xFF, 0xC0, 0x00, 0xFF, 0xFE, 0x0F, 0xFF, 0xF0, 0x00, 0x3F, 
  0xFF, 0xC3, 0xFF, 0xF8, 0x00, 0x07, 0xFF, 0xF1, 0xFF, 0xFE, 0x00, 0x01, 
  0xFF, 0xFC, 0x7F, 0xFF, 0x00, 0x00, 0x7F, 0xFF, 0x9F, 0xFF, 0xC0, 0x00, 
  0x1F, 0xFF, 0xE7, 0xFF, 0xF0, 0x00, 0x03, 0xFF, 0xF9, 0xFF, 0xFC, 0x00, 
  0x00, 0xFF, 0xFE, 0xFF, 0xFF, 0x00, 0x00, 0x3F, 0xFF, 0xBF, 0xFF, 0x80, 
  0x00, 0x0F, 0xFF, 0xEF, 0xFF, 0xE0, 0x00, 0x03, 0xFF, 0xFB, 0xFF, 0xF8, 
  0x00, 0x00, 0xFF, 0xFF, 0xFF, 0xFE, 0x00, 0x00, 0x3F, 0xFF, 0xFF, 0xFF, 
  0x80, 0x00, 0x0F, 0xFF, 0xFF, 0xFF, 0xE0, 0x00, 0x03, 0xFF, 0xFF, 0xFF, 
  0xF8, 0x00, 0x00, 0xFF, 0xFF, 0xFF, 0xFE, 0x00, 0x00, 0x3F, 0xFF, 0xFF, 
  0xFF, 0x80, 0x00, 0x0F, 0xFF, 0xFF, 0xFF, 0xE0, 0x00, 0x03, 0xFF, 0xFF, 
  0xFF, 0xF8, 0x00, 0x00, 0xFF, 0xFF, 0xFF, 0xFE, 0x00, 0x00, 0x3F, 0xFF, 
  0xFF, 0xFF, 0x80, 0x00, 0x0F, 0xFF, 0xEF, 0xFF, 0xE0, 0x00, 0x03, 0xFF, 
  0xFB, 0xFF, 0xF8, 0x00, 0x00, 0xFF, 0xFE, 0xFF, 0xFF, 0x00, 0x00, 0x3F, 
  0xFF, 0xBF, 0xFF, 0xC0, 0x00, 0x0F, 0xFF, 0xE7, 0xFF, 0xF0, 0x00, 0x03, 
  0xFF, 0xF9, 0xFF, 0xFC, 0x00, 0x00, 0xFF, 0xFE, 0x7F, 0xFF, 0x00, 0x00, 
  0x7F, 0xFF, 0x9F, 0xFF, 0xE0, 0x00, 0x1F, 0xFF, 0xC7, 0xFF, 0xF8, 0x00, 
  0x07, 0xFF, 0xF0, 0xFF, 0xFE, 0x00, 0x03, 0xFF, 0xFC, 0x3F, 0xFF, 0xC0, 
  0x00, 0xFF, 0xFE, 0x0F, 0xFF, 0xF8, 0x00, 0x7F, 0xFF, 0x81, 0xFF, 0xFE, 
  0x00, 0x3F, 0xFF, 0xE0, 0x7F, 0xFF, 0xC0, 0x1F, 0xFF, 0xF0, 0x0F, 0xFF, 
  0xFC, 0x0F, 0xFF, 0xFC, 0x03, 0xFF, 0xFF, 0xFF, 0xFF, 0xFE, 0x00, 0x7F, 
  0xFF, 0xFF, 0xFF, 0xFF, 0x80, 0x0F, 0xFF, 0xFF, 0xFF, 0xFF, 0xC0, 0x03, 
  0xFF, 0xFF, 0xFF, 0xFF, 0xE0, 0x00, 0x7F, 0xFF, 0xFF, 0xFF, 0xF0, 0x00, 
  0x0F, 0xFF, 0xFF, 0xFF, 0xF8, 0x00, 0x01, 0xFF, 0xFF, 0xFF, 0xFC, 0x00, 
  0x00, 0x3F, 0xFF, 0xFF, 0xFE, 0x00, 0x00, 0x07, 0xFF, 0xFF, 0xFF, 0x00, 
  0x00, 0x00, 0x7F, 0xFF, 0xFF, 0x00, 0x00, 0x00, 0x07, 0xFF, 0xFF, 0x00, 
  0x00, 0x00, 0x00, 0x1F, 0xFE, 0x00, 0x00, 0x00, 0x00, 0x01, 0xFF, 0xFC, 
  0x00, 0x0F, 0xFF, 0xF0, 0x00, 0xFF, 0xFF, 0xC0, 0x0F, 0xFF, 0xFF, 0x00, 
  0x7F, 0xFF, 0xFC, 0x07, 0xFF, 0xFF, 0xF0, 0x3F, 0xFF, 0xFF, 0xC3, 0xFF, 
  0xFF, 0xFF, 0x1F, 0xFF, 0xFF, 0xFD, 0xFF, 0xFF, 0xFF, 0xFF, 0xFF, 0xFF, 
  0xFF, 0xFF, 0xFF, 0xFF, 0xFF, 0xFF, 0xFF, 0xFF, 0xFF, 0xFF, 0xFF, 0xFF, 
  0xFF, 0xFF, 0xDF, 0xFF, 0xFF, 0xFE, 0x7F, 0xFF, 0xFF, 0xE1, 0xFF, 0xFF, 
  0xFE, 0x07, 0xFF, 0xFF, 0xF0, 0x1F, 0xFF, 0xFF, 0x00, 0x7F, 0xFF, 0xF8, 
  0x01, 0xFF, 0xFF, 0x80, 0x07, 0xFF, 0xFC, 0x00, 0x1F, 0xFF, 0xC0, 0x00, 
  0x7F, 0xFF, 0x00, 0x01, 0xFF, 0xFC, 0x00, 0x07, 0xFF, 0xF0, 0x00, 0x1F, 
  0xFF, 0xC0, 0x00, 0x7F, 0xFF, 0x00, 0x01, 0xFF, 0xFC, 0x00, 0x07, 0xFF, 
  0xF0, 0x00, 0x1F, 0xFF, 0xC0, 0x00, 0x7F, 0xFF, 0x00, 0x01, 0xFF, 0xFC, 
  0x00, 0x07, 0xFF, 0xF0, 0x00, 0x1F, 0xFF, 0xC0, 0x00, 0x7F, 0xFF, 0x00, 
  0x01, 0xFF, 0xFC, 0x00, 0x07, 0xFF, 0xF0, 0x00, 0x1F, 0xFF, 0xC0, 0x00, 
  0x7F, 0xFF, 0x00, 0x01, 0xFF, 0xFC, 0x00, 0x07, 0xFF, 0xF0, 0x00, 0x1F, 
  0xFF, 0xC0, 0x00, 0x7F, 0xFF, 0x00, 0x01, 0xFF, 0xFC, 0x00, 0x07, 0xFF, 
  0xF0, 0x00, 0x1F, 0xFF, 0xC0, 0x00, 0x7F, 0xFF, 0x00, 0x01, 0xFF, 0xFC, 
  0x00, 0x07, 0xFF, 0xF0, 0x00, 0x1F, 0xFF, 0xC0, 0x00, 0x7F, 0xFF, 0x00, 
  0x01, 0xFF, 0xFC, 0x00, 0x07, 0xFF, 0xF0, 0x00, 0x1F, 0xFF, 0xC0, 0x00, 
  0x7F, 0xFF, 0x00, 0x01, 0xFF, 0xFC, 0x00, 0x07, 0xFF, 0xF0, 0x00, 0x1F, 
  0xFF, 0xC0, 0x00, 0x7F, 0xFF, 0x00, 0x01, 0xFF, 0xFC, 0x00, 0x07, 0xFF, 
  0xF0, 0x00, 0x1F, 0xFF, 0xC0, 0x00, 0x00, 0x0F, 0xC0, 0x00, 0x00, 0x00, 
  0x0F, 0xFF, 0xFC, 0x00, 0x00, 0x01, 0xFF, 0xFF, 0xFC, 0x00, 0x00, 0x0F, 
  0xFF, 0xFF, 0xFC, 0x00, 0x00, 0xFF, 0xFF, 0xFF, 0xFC, 0x00, 0x07, 0xFF, 
  0xFF, 0xFF, 0xF8, 0x00, 0x7F, 0xFF, 0xFF, 0xFF, 0xF0, 0x03, 0xFF, 0xFF, 
  0xFF, 0xFF, 0xE0, 0x0F, 0xFF, 0xFF, 0xFF, 0xFF, 0xC0, 0x7F, 0xFF, 0xFF, 
  0xFF, 0xFF, 0x03, 0xFF, 0xFF, 0xFF, 0xFF, 0xFE, 0x0F, 0xFF, 0xFF, 0xFF, 
  0xFF, 0xFC, 0x7F, 0xFF, 0xE0, 0x7F, 0xFF, 0xF1, 0xFF, 0xFE, 0x00, 0x7F, 
  0xFF, 0xC7, 0xFF, 0xF0, 0x00, 0xFF, 0xFF, 0x3F, 0xFF, 0x80, 0x01, 0xFF, 
  0xFE, 0xFF, 0xFE, 0x00, 0x07, 0xFF, 0xFB, 0xFF, 0xF0, 0x00, 0x0F, 0xFF, 
  0xEF, 0xFF, 0xC0, 0x00, 0x3F, 0xFF, 0xBF, 0xFF, 0x00, 0x00, 0xFF, 0xFE, 
  0xFF, 0xFC, 0x00, 0x03, 0xFF, 0xF8, 0x00, 0x00, 0x00, 0x0F, 0xFF, 0xC0, 
  0x00, 0x00, 0x00, 0x7F, 0xFF, 0x00, 0x00, 0x00, 0x01, 0xFF, 0xFC, 0x00, 
  0x00, 0x00, 0x07, 0xFF, 0xF0, 0x00, 0x00, 0x00, 0x3F, 0xFF, 0x80, 0x00, 
  0x00, 0x01, 0xFF, 0xFE, 0x00, 0x00, 0x00, 0x07, 0xFF, 0xF0, 0x00, 0x00, 
  0x00, 0x3F, 0xFF, 0xC0, 0x00, 0x00, 0x01, 0xFF, 0xFE, 0x00, 0x00, 0x00, 
  0x0F, 0xFF, 0xF0, 0x00, 0x00, 0x00, 0x7F, 0xFF, 0x80, 0x00, 0x00, 0x03, 
  0xFF, 0xFE, 0x00, 0x00, 0x00, 0x1F, 0xFF, 0xF0, 0x00, 0x00, 0x00, 0xFF, 
  0xFF, 0x80, 0x00, 0x00, 0x07, 0xFF, 0xFC, 0x00, 0x00, 0x00, 0x3F, 0xFF, 
  0xE0, 0x00, 0x00, 0x01, 0xFF, 0xFF, 0x00, 0x00, 0x00, 0x0F, 0xFF, 0xF8, 
  0x00, 0x00, 0x00, 0x7F, 0xFF, 0xC0, 0x00, 0x00, 0x03, 0xFF, 0xFE, 0x00, 
  0x00, 0x00, 0x1F, 0xFF, 0xF0, 0x00, 0x00, 0x00, 0xFF, 0xFF, 0x80, 0x00, 
  0x00, 0x07, 0xFF, 0xFE, 0x00, 0x00, 0x00, 0x3F, 0xFF, 0xF0, 0x00, 0x00, 
  0x00, 0xFF, 0xFF, 0x80, 0x00, 0x00, 0x07, 0xFF, 0xFC, 0x00, 0x00, 0x00, 
  0x3F, 0xFF, 0xE0, 0x00, 0x00, 0x01, 0xFF, 0xFF, 0x00, 0x00, 0x00, 0x0F, 
  0xFF, 0xF8, 0x00, 0x00, 0x00, 0x7F, 0xFF, 0xC0, 0x00, 0x00, 0x03, 0xFF, 
  0xFE, 0x00, 0x00, 0x00, 0x1F, 0xFF, 0xFF, 0xFF, 0xFF, 0xFC, 0xFF, 0xFF, 
  0xFF, 0xFF, 0xFF, 0xF7, 0xFF, 0xFF, 0xFF, 0xFF, 0xFF, 0xDF, 0xFF, 0xFF, 
  0xFF, 0xFF, 0xFF, 0x7F, 0xFF, 0xFF, 0xFF, 0xFF, 0xFD, 0xFF, 0xFF, 0xFF, 
  0xFF, 0xFF, 0xF7, 0xFF, 0xFF, 0xFF, 0xFF, 0xFF, 0xDF, 0xFF, 0xFF, 0xFF, 
  0xFF, 0xFF, 0x7F, 0xFF, 0xFF, 0xFF, 0xFF, 0xFD, 0xFF, 0xFF, 0xFF, 0xFF, 
  0xFF, 0xF7, 0xFF, 0xFF, 0xFF, 0xFF, 0xFF, 0xDF, 0xFF, 0xFF, 0xFF, 0xFF, 
  0xFF, 0x00, 0x00, 0x0F, 0xF0, 0x00, 0x00, 0x00, 0x00, 0xFF, 0xFF, 0xC0, 
  0x00, 0x00, 0x03, 0xFF, 0xFF, 0xFC, 0x00, 0x00, 0x07, 0xFF, 0xFF, 0xFF, 
  0x80, 0x00, 0x0F, 0xFF, 0xFF, 0xFF, 0xF0, 0x00, 0x0F, 0xFF, 0xFF, 0xFF, 
  0xFC, 0x00, 0x0F, 0xFF, 0xFF, 0xFF, 0xFF, 0x00, 0x0F, 0xFF, 0xFF, 0xFF, 
  0xFF, 0xC0, 0x0F, 0xFF, 0xFF, 0xFF, 0xFF, 0xF0, 0x0F, 0xFF, 0xFF, 0xFF, 
  0xFF, 0xFC, 0x07, 0xFF, 0xFF, 0xFF, 0xFF, 0xFE, 0x07, 0xFF, 0xFF, 0xFF, 
  0xFF, 0xFF, 0x83, 0xFF, 0xFE, 0x00, 0xFF, 0xFF, 0xC1, 0xFF, 0xFE, 0x00, 
  0x3F, 0xFF, 0xE1, 0xFF, 0xFE, 0x00, 0x0F, 0xFF, 0xF8, 0xFF, 0xFE, 0x00, 
  0x03, 0xFF, 0xFC, 0x7F, 0xFE, 0x00, 0x00, 0xFF, 0xFE, 0x3F, 0xFF, 0x00, 
  0x00, 0x7F, 0xFF, 0x1F, 0xFF, 0x80, 0x00, 0x3F, 0xFF, 0x80, 0x00, 0x00, 
  0x00, 0x1F, 0xFF, 0xC0, 0x00, 0x00, 0x00, 0x0F, 0xFF, 0xC0, 0x00, 0x00, 
  0x00, 0x0F, 0xFF, 0xE0, 0x00, 0x00, 0x00, 0x07, 0xFF, 0xF0, 0x00, 0x00, 
  0x00, 0x07, 0xFF, 0xF0, 0x00, 0x00, 0x00, 0x07, 0xFF, 0xF8, 0x00, 0x00, 
  0x00, 0x0F, 0xFF, 0xF8, 0x00, 0x00, 0x1F, 0xFF, 0xFF, 0xF8, 0x00, 0x00, 
  0x0F, 0xFF, 0xFF, 0xF8, 0x00, 0x00, 0x07, 0xFF, 0xFF, 0xF8, 0x00, 0x00, 
  0x03, 0xFF, 0xFF, 0xF0, 0x00, 0x00, 0x01, 0xFF, 0xFF, 0xE0, 0x00, 0x00, 
  0x00, 0xFF, 0xFF, 0xF0, 0x00, 0x00, 0x00, 0x7F, 0xFF, 0xFF, 0x00, 0x00, 
  0x00, 0x3F, 0xFF, 0xFF, 0xE0, 0x00, 0x00, 0x1F, 0xFF, 0xFF, 0xF8, 0x00, 
  0x00, 0x0F, 0xFF, 0xFF, 0xFE, 0x00, 0x00, 0x07, 0xFF, 0xFF, 0xFF, 0x80, 
  0x00, 0x00, 0x03, 0xFF, 0xFF, 0xE0, 0x00, 0x00, 0x00, 0x1F, 0xFF, 0xF8, 
  0x00, 0x00, 0x00, 0x03, 0xFF, 0xFC, 0x00, 0x00, 0x00, 0x00, 0xFF, 0xFF, 
  0x00, 0x00, 0x00, 0x00, 0x7F, 0xFF, 0x80, 0x00, 0x00, 0x00, 0x1F, 0xFF, 
  0xC0, 0x00, 0x00, 0x00, 0x0F, 0xFF, 0xE0, 0x00, 0x00, 0x00, 0x07, 0xFF, 
  0xF8, 0x00, 0x00, 0x00, 0x01, 0xFF, 0xFF, 0xFF, 0xF0, 0x00, 0x01, 0xFF, 
  0xFF, 0xFF, 0xF8, 0x00, 0x00, 0xFF, 0xFF, 0xFF, 0xFC, 0x00, 0x00, 0x7F, 
  0xFF, 0x7F, 0xFF, 0x00, 0x00, 0x7F, 0xFF, 0xBF, 0xFF, 0xC0, 0x00, 0x3F, 
  0xFF, 0xCF, 0xFF, 0xF0, 0x00, 0x3F, 0xFF, 0xE7, 0xFF, 0xFC, 0x00, 0x7F, 
  0xFF, 0xE3, 0xFF, 0xFF, 0xE1, 0xFF, 0xFF, 0xF0, 0xFF, 0xFF, 0xFF, 0xFF, 
  0xFF, 0xF0, 0x7F, 0xFF, 0xFF, 0xFF, 0xFF, 0xF8, 0x1F, 0xFF, 0xFF, 0xFF, 
  0xFF, 0xF8, 0x07, 0xFF, 0xFF, 0xFF, 0xFF, 0xF8, 0x01, 0xFF, 0xFF, 0xFF, 
  0xFF, 0xF8, 0x00, 0x7F, 0xFF, 0xFF, 0xFF, 0xF8, 0x00, 0x1F, 0xFF, 0xFF, 
  0xFF, 0xF8, 0x00, 0x03, 0xFF, 0xFF, 0xFF, 0xF0, 0x00, 0x00, 0xFF, 0xFF, 
  0xFF, 0xE0, 0x00, 0x00, 0x0F, 0xFF, 0xFF, 0x80, 0x00, 0x00, 0x00, 0xFF, 
  0xFE, 0x00, 0x00, 0x00, 0x00, 0x00, 0x03, 0xFF, 0xFF, 0xF0, 0x00, 0x00, 
  0x00, 0x7F, 0xFF, 0xFE, 0x00, 0x00, 0x00, 0x1F, 0xFF, 0xFF, 0xC0, 0x00, 
  0x00, 0x03, 0xFF, 0xFF, 0xF8, 0x00, 0x00, 0x00, 0xFF, 0xFF, 0xFF, 0x00, 
  0x00, 0x00, 0x3F, 0xFF, 0xFF, 0xE0, 0x00, 0x00, 0x07, 0xFF, 0xFF, 0xFC, 
  0x00, 0x00, 0x01, 0xFF, 0xFF, 0xFF, 0x80, 0x00, 0x00, 0x3F, 0xFF, 0xFF, 
  0xF0, 0x00, 0x00, 0x0F, 0xFF, 0xFF, 0xFE, 0x00, 0x00, 0x03, 0xFF, 0xFF, 
  0xFF, 0xC0, 0x00, 0x00, 0x7F, 0xFD, 0xFF, 0xF8, 0x00, 0x00, 0x1F, 0xFF, 
  0x3F, 0xFF, 0x00, 0x00, 0x03, 0xFF, 0xE7, 0xFF, 0xE0, 0x00, 0x00, 0xFF, 
  0xF8, 0xFF, 0xFC, 0x00, 0x00, 0x3F, 0xFF, 0x1F, 0xFF, 0x80, 0x00, 0x07, 
  0xFF, 0xC3, 0xFF, 0xF0, 0x00, 0x01, 0xFF, 0xF0, 0x7F, 0xFE, 0x00, 0x00, 
  0x3F, 0xFE, 0x0F, 0xFF, 0xC0, 0x00, 0x0F, 0xFF, 0x81, 0xFF, 0xF8, 0x00, 
  0x03, 0xFF, 0xF0, 0x3F, 0xFF, 0x00, 0x00, 0x7F, 0xFC, 0x07, 0xFF, 0xE0, 
  0x00, 0x1F, 0xFF, 0x00, 0xFF, 0xFC, 0x00, 0x03, 0xFF, 0xE0, 0x1F, 0xFF, 
  0x80, 0x00, 0xFF, 0xF8, 0x03, 0xFF, 0xF0, 0x00, 0x1F, 0xFF, 0x00, 0x7F, 
  0xFE, 0x00, 0x07, 0xFF, 0xC0, 0x0F, 0xFF, 0xC0, 0x01, 0xFF, 0xF8, 0x01, 
  0xFF, 0xF8, 0x00, 0x3F, 0xFE, 0x00, 0x3F, 0xFF, 0x00, 0x0F, 0xFF, 0x80, 
  0x07, 0xFF, 0xE0, 0x01, 0xFF, 0xF0, 0x00, 0xFF, 0xFC, 0x00, 0x7F, 0xFC, 
  0x00, 0x1F, 0xFF, 0x80, 0x0F, 0xFF, 0x80, 0x03, 0xFF, 0xF0, 0x03, 0xFF, 
  0xE0, 0x00, 0x7F, 0xFE, 0x00, 0x7F, 0xFC, 0x00, 0x0F, 0xFF, 0xC0, 0x1F, 
  0xFF, 0x00, 0x01, 0xFF, 0xF8, 0x03, 0xFF, 0xE0, 0x00, 0x3F, 0xFF, 0x00, 
  0xFF, 0xF8, 0x00, 0x07, 0xFF, 0xE0, 0x1F, 0xFF, 0x00, 0x00, 0xFF, 0xFC, 
  0x07, 0xFF, 0xC0, 0x00, 0x1F, 0xFF, 0x80, 0xFF, 0xFF, 0xFF, 0xFF, 0xFF, 
  0xFF, 0xFF, 0xFF, 0xFF, 0xFF, 0xFF, 0xFF, 0xFF, 0xFF, 0xFF, 0xFF, 0xFF, 
  0xFF, 0xFF, 0xFF, 0xFF, 0xFF, 0xFF, 0xFF, 0xFF, 0xFF, 0xFF, 0xFF, 0xFF, 
  0xFF, 0xFF, 0xFF, 0xFF, 0xFF, 0xFF, 0xFF, 0xFF, 0xFF, 0xFF, 0xFF, 0xFF, 
  0xFF, 0xFF, 0xFF, 0xFF, 0xFF, 0xFF, 0xFF, 0xFF, 0xFF, 0xFF, 0xFF, 0xFF, 
  0xFF, 0xFF, 0xFF, 0xFF, 0xFF, 0xFF, 0xFF, 0xFF, 0xFF, 0xFF, 0xFF, 0xFF, 
  0xFF, 0xFF, 0xFF, 0xFF, 0xFF, 0xFF, 0xFF, 0xFF, 0xFF, 0xFF, 0xFF, 0xF0, 
  0x00, 0x00, 0x00, 0x3F, 0xFF, 0x00, 0x00, 0x00, 0x00, 0x07, 0xFF, 0xE0, 
  0x00, 0x00, 0x00, 0x00, 0xFF, 0xFC, 0x00, 0x00, 0x00, 0x00, 0x1F, 0xFF, 
  0x80, 0x00, 0x00, 0x00, 0x03, 0xFF, 0xF0, 0x00, 0x00, 0x00, 0x00, 0x7F, 
  0xFE, 0x00, 0x00, 0x00, 0x00, 0x0F, 0xFF, 0xC0, 0x00, 0x00, 0x00, 0x01, 
  0xFF, 0xF8, 0x00, 0x00, 0x00, 0x00, 0x3F, 0xFF, 0x00, 0x00, 0x00, 0x00, 
  0x07, 0xFF, 0xE0, 0x00, 0x00, 0x00, 0x00, 0xFF, 0xFC, 0x00, 0x0F, 0xFF, 
  0xFF, 0xFF, 0xFF, 0xF8, 0x07, 0xFF, 0xFF, 0xFF, 0xFF, 0xFC, 0x03, 0xFF, 
  0xFF, 0xFF, 0xFF, 0xFE, 0x01, 0xFF, 0xFF, 0xFF, 0xFF, 0xFF, 0x00, 0xFF, 
  0xFF, 0xFF, 0xFF, 0xFF, 0x80, 0x7F, 0xFF, 0xFF, 0xFF, 0xFF, 0xC0, 0x3F, 
  0xFF, 0xFF, 0xFF, 0xFF, 0xE0, 0x3F, 0xFF, 0xFF, 0xFF, 0xFF, 0xF0, 0x1F, 
  0xFF, 0xFF, 0xFF, 0xFF, 0xF8, 0x0F, 0xFF, 0xFF, 0xFF, 0xFF, 0xFC, 0x07, 
  0xFF, 0xFF, 0xFF, 0xFF, 0xFE, 0x03, 0xFF, 0xFF, 0xFF, 0xFF, 0xFF, 0x01, 
  0xFF, 0xF0, 0x00, 0x00, 0x00, 0x00, 0xFF, 0xF8, 0x00, 0x00, 0x00, 0x00, 
  0x7F, 0xFC, 0x00, 0x00, 0x00, 0x00, 0x3F, 0xFE, 0x00, 0x00, 0x00, 0x00, 
  0x1F, 0xFF, 0x00, 0x00, 0x00, 0x00, 0x0F, 0xFF, 0x00, 0x00, 0x00, 0x00, 
  0x07, 0xFF, 0x80, 0x00, 0x00, 0x00, 0x03, 0xFF, 0xC0, 0x00, 0x00, 0x00, 
  0x01, 0xFF, 0xE0, 0x00, 0x00, 0x00, 0x01, 0xFF, 0xF0, 0x0F, 0xFE, 0x00, 
  0x00, 0xFF, 0xF8, 0x3F, 0xFF, 0xE0, 0x00, 0x7F, 0xFC, 0x7F, 0xFF, 0xFC, 
  0x00, 0x3F, 0xFE, 0x7F, 0xFF, 0xFF, 0x80, 0x1F, 0xFF, 0x7F, 0xFF, 0xFF, 
  0xE0, 0x0F, 0xFF, 0xFF, 0xFF, 0xFF, 0xF8, 0x07, 0xFF, 0xFF, 0xFF, 0xFF, 
  0xFE, 0x03, 0xFF, 0xFF, 0xFF, 0xFF, 0xFF, 0x81, 0xFF, 0xFF, 0xFF, 0xFF, 
  0xFF, 0xE0, 0xFF, 0xFF, 0xFF, 0xFF, 0xFF, 0xF0, 0x7F, 0xFF, 0xFF, 0xFF, 
  0xFF, 0xFC, 0x3F, 0xFF, 0xF8, 0x0F, 0xFF, 0xFE, 0x1F, 0xFF, 0xE0, 0x01, 
  0xFF, 0xFF, 0x8F, 0xFF, 0xE0, 0x00, 0x7F, 0xFF, 0xCF, 0xFF, 0xE0, 0x00, 
  0x1F, 0xFF, 0xE7, 0xFF, 0xE0, 0x00, 0x07, 0xFF, 0xF8, 0x00, 0x00, 0x00, 
  0x01, 0xFF, 0xFC, 0x00, 0x00, 0x00, 0x00, 0xFF, 0xFE, 0x00, 0x00, 0x00, 
  0x00, 0x7F, 0xFF, 0x00, 0x00, 0x00, 0x00, 0x3F, 0xFF, 0x80, 0x00, 0x00, 
  0x00, 0x1F, 0xFF, 0xC0, 0x00, 0x00, 0x00, 0x07, 0xFF, 0xE0, 0x00, 0x00, 
  0x00, 0x07, 0xFF, 0xF0, 0x00, 0x00, 0x00, 0x03, 0xFF, 0xFF, 0xFF, 0xE0, 
  0x00, 0x01, 0xFF, 0xFD, 0xFF, 0xF0, 0x00, 0x00, 0xFF, 0xFE, 0xFF, 0xFC, 
  0x00, 0x00, 0xFF, 0xFF, 0x7F, 0xFE, 0x00, 0x00, 0xFF, 0xFF, 0x3F, 0xFF, 
  0x80, 0x00, 0x7F, 0xFF, 0x9F, 0xFF, 0xE0, 0x00, 0xFF, 0xFF, 0xC7, 0xFF, 
  0xFC, 0x00, 0xFF, 0xFF, 0xC3, 0xFF, 0xFF, 0xFF, 0xFF, 0xFF, 0xE0, 0xFF, 
  0xFF, 0xFF, 0xFF, 0xFF, 0xE0, 0x7F, 0xFF, 0xFF, 0xFF, 0xFF, 0xE0, 0x1F, 
  0xFF, 0xFF, 0xFF, 0xFF, 0xF0, 0x07, 0xFF, 0xFF, 0xFF, 0xFF, 0xF0, 0x01, 
  0xFF, 0xFF, 0xFF, 0xFF, 0xF0, 0x00, 0x7F, 0xFF, 0xFF, 0xFF, 0xF0, 0x00, 
  0x1F, 0xFF, 0xFF, 0xFF, 0xE0, 0x00, 0x07, 0xFF, 0xFF, 0xFF, 0xE0, 0x00, 
  0x00, 0xFF, 0xFF, 0xFF, 0xC0, 0x00, 0x00, 0x0F, 0xFF, 0xFF, 0x80, 0x00, 
  0x00, 0x00, 0xFF, 0xFC, 0x00, 0x00, 0x00, 0x00, 0x03, 0xF0, 0x00, 0x00, 
  0x00, 0x00, 0x1F, 0xFF, 0xE0, 0x00, 0x00, 0x00, 0x7F, 0xFF, 0xFC, 0x00, 
  0x00, 0x00, 0xFF, 0xFF, 0xFF, 0x80, 0x00, 0x00, 0xFF, 0xFF, 0xFF, 0xF0, 
  0x00, 0x01, 0xFF, 0xFF, 0xFF, 0xFC, 0x00, 0x01, 0xFF, 0xFF, 0xFF, 0xFF, 
  0x00, 0x01, 0xFF, 0xFF, 0xFF, 0xFF, 0xC0, 0x01, 0xFF, 0xFF, 0xFF, 0xFF, 
  0xF0, 0x00, 0xFF, 0xFF, 0xFF, 0xFF, 0xFC, 0x00, 0xFF, 0xFF, 0xFF, 0xFF, 
  0xFE, 0x00, 0xFF, 0xFF, 0xFF, 0xFF, 0xFF, 0x80, 0x7F, 0xFF, 0xC0, 0x7F, 
  0xFF, 0xC0, 0x7F, 0xFF, 0x80, 0x0F, 0xFF, 0xF0, 0x3F, 0xFF, 0x80, 0x03, 
  0xFF, 0xF8, 0x3F, 0xFF, 0x80, 0x00, 0xFF, 0xFC, 0x1F, 0xFF, 0xC0, 0x00, 
  0x7F, 0xFE, 0x0F, 0xFF, 0xC0, 0x00, 0x3F, 0xFF, 0x0F, 0xFF, 0xC0, 0x00, 
  0x00, 0x00, 0x07, 0xFF, 0xE0, 0x00, 0x00, 0x00, 0x03, 0xFF, 0xF0, 0x00, 
  0x00, 0x00, 0x03, 0xFF, 0xF0, 0x00, 0x00, 0x00, 0x01, 0xFF, 0xF8, 0x00, 
  0x00, 0x00, 0x00, 0xFF, 0xFC, 0x01, 0xFF, 0xC0, 0x00, 0x7F, 0xFE, 0x07, 
  0xFF, 0xFC, 0x00, 0x3F, 0xFF, 0x07, 0xFF, 0xFF, 0x80, 0x1F, 0xFF, 0x07, 
  0xFF, 0xFF, 0xE0, 0x1F, 0xFF, 0x87, 0xFF, 0xFF, 0xF8, 0x0F, 0xFF, 0xC7, 
  0xFF, 0xFF, 0xFE, 0x07, 0xFF, 0xE7, 0xFF, 0xFF, 0xFF, 0x83, 0xFF, 0xF3, 
  0xFF, 0xFF, 0xFF, 0xE1, 0xFF, 0xFB, 0xFF, 0xFF, 0xFF, 0xF8, 0xFF, 0xFF, 
  0xFF, 0xFF, 0xFF, 0xFC, 0x7F, 0xFF, 0xFF, 0xFF, 0xFF, 0xFF, 0x3F, 0xFF, 
  0xFE, 0x01, 0xFF, 0xFF, 0x9F, 0xFF, 0xFE, 0x00, 0x3F, 0xFF, 0xEF, 0xFF, 
  0xFC, 0x00, 0x0F, 0xFF, 0xF7, 0xFF, 0xFE, 0x00, 0x03, 0xFF, 0xFB, 0xFF, 
  0xFE, 0x00, 0x01, 0xFF, 0xFD, 0xFF, 0xFF, 0x00, 0x00, 0x7F, 0xFF, 0x7F, 
  0xFF, 0x00, 0x00, 0x3F, 0xFF, 0xBF, 0xFF, 0x80, 0x00, 0x1F, 0xFF, 0xDF, 
  0xFF, 0xC0, 0x00, 0x0F, 0xFF, 0xEF, 0xFF, 0xE0, 0x00, 0x07, 0xFF, 0xF7, 
  0xFF, 0xF0, 0x00, 0x03, 0xFF, 0xF9, 0xFF, 0xF8, 0x00, 0x01, 0xFF, 0xFC, 
  0xFF, 0xFC, 0x00, 0x00, 0xFF, 0xFE, 0x7F, 0xFF, 0x00, 0x00, 0x7F, 0xFE, 
  0x3F, 0xFF, 0x80, 0x00, 0x7F, 0xFF, 0x0F, 0xFF, 0xE0, 0x00, 0x3F, 0xFF, 
  0x87, 0xFF, 0xF0, 0x00, 0x3F, 0xFF, 0xC1, 0xFF, 0xFC, 0x00, 0x3F, 0xFF, 
  0xC0, 0xFF, 0xFF, 0x80, 0x3F, 0xFF, 0xE0, 0x3F, 0xFF, 0xFD, 0xFF, 0xFF, 
  0xE0, 0x1F, 0xFF, 0xFF, 0xFF, 0xFF, 0xF0, 0x07, 0xFF, 0xFF, 0xFF, 0xFF, 
  0xF0, 0x01, 0xFF, 0xFF, 0xFF, 0xFF, 0xF8, 0x00, 0xFF, 0xFF, 0xFF, 0xFF, 
  0xF8, 0x00, 0x3F, 0xFF, 0xFF, 0xFF, 0xF8, 0x00, 0x0F, 0xFF, 0xFF, 0xFF, 
  0xF8, 0x00, 0x01, 0xFF, 0xFF, 0xFF, 0xF8, 0x00, 0x00, 0x7F, 0xFF, 0xFF, 
  0xF0, 0x00, 0x00, 0x0F, 0xFF, 0xFF, 0xE0, 0x00, 0x00, 0x01, 0xFF, 0xFF, 
  0xC0, 0x00, 0x00, 0x00, 0x1F, 0xFF, 0x00, 0x00, 0x00, 0xFF, 0xFF, 0xFF, 
  0xFF, 0xFF, 0xFF, 0xFF, 0xFF, 0xFF, 0xFF, 0xFF, 0xFF, 0xFF, 0xFF, 0xFF, 
  0xFF, 0xFF, 0xFF, 0xFF, 0xFF, 0xFF, 0xFF, 0xFF, 0xFF, 0xFF, 0xFF, 0xFF, 
  0xFF, 0xFF, 0xFF, 0xFF, 0xFF, 0xFF, 0xFF, 0xFF, 0xFF, 0xFF, 0xFF, 0xFF, 
  0xFF, 0xFF, 0xFF, 0xFF, 0xFF, 0xFF, 0xFF, 0xFF, 0xFF, 0xFF, 0xFF, 0xFF, 
  0xFF, 0xFF, 0xFF, 0xFF, 0xFF, 0xFF, 0xFF, 0xFF, 0xFF, 0xFF, 0xFF, 0xFF, 
  0xFF, 0xFF, 0xFF, 0xFF, 0xF0, 0x00, 0x00, 0x00, 0x3F, 0xFF, 0x80, 0x00, 
  0x00, 0x01, 0xFF, 0xFC, 0x00, 0x00, 0x00, 0x1F, 0xFF, 0xC0, 0x00, 0x00, 
  0x00, 0xFF, 0xFE, 0x00, 0x00, 0x00, 0x0F, 0xFF, 0xE0, 0x00, 0x00, 0x00, 
  0x7F, 0xFF, 0x00, 0x00, 0x00, 0x07, 0xFF, 0xF0, 0x00, 0x00, 0x00, 0x3F, 
  0xFF, 0x80, 0x00, 0x00, 0x03, 0xFF, 0xF8, 0x00, 0x00, 0x00, 0x1F, 0xFF, 
  0xC0, 0x00, 0x00, 0x01, 0xFF, 0xFC, 0x00, 0x00, 0x00, 0x1F, 0xFF, 0xE0, 
  0x00, 0x00, 0x00, 0xFF, 0xFE, 0x00, 0x00, 0x00, 0x0F, 0xFF, 0xF0, 0x00, 
  0x00, 0x00, 0x7F, 0xFF, 0x00, 0x00, 0x00, 0x07, 0xFF, 0xF8, 0x00, 0x00, 
  0x00, 0x3F, 0xFF, 0x80, 0x00, 0x00, 0x03, 0xFF, 0xFC, 0x00, 0x00, 0x00, 
  0x1F, 0xFF, 0xC0, 0x00, 0x00, 0x01, 0xFF, 0xFE, 0x00, 0x00, 0x00, 0x0F, 
  0xFF, 0xE0, 0x00, 0x00, 0x00, 0xFF, 0xFF, 0x00, 0x00, 0x00, 0x07, 0xFF, 
  0xF0, 0x00, 0x00, 0x00, 0x7F, 0xFF, 0x80, 0x00, 0x00, 0x03, 0xFF, 0xF8, 
  0x00, 0x00, 0x00, 0x3F, 0xFF, 0xC0, 0x00, 0x00, 0x01, 0xFF, 0xFC, 0x00, 
  0x00, 0x00, 0x1F, 0xFF, 0xE0, 0x00, 0x00, 0x00, 0xFF, 0xFE, 0x00, 0x00, 
  0x00, 0x0F, 0xFF, 0xF0, 0x00, 0x00, 0x00, 0x7F, 0xFF, 0x00, 0x00, 0x00, 
  0x07, 0xFF, 0xF8, 0x00, 0x00, 0x00, 0x7F, 0xFF, 0x80, 0x00, 0x00, 0x03, 
  0xFF, 0xFC, 0x00, 0x00, 0x00, 0x3F, 0xFF, 0xC0, 0x00, 0x00, 0x01, 0xFF, 
  0xFE, 0x00, 0x00, 0x00, 0x1F, 0xFF, 0xE0, 0x00, 0x00, 0x00, 0xFF, 0xFF, 
  0x00, 0x00, 0x00, 0x0F, 0xFF, 0xF0, 0x00, 0x00, 0x00, 0x7F, 0xFF, 0x80, 
  0x00, 0x00, 0x07, 0xFF, 0xF8, 0x00, 0x00, 0x00, 0x3F, 0xFF, 0xC0, 0x00, 
  0x00, 0x03, 0xFF, 0xFC, 0x00, 0x00, 0x00, 0x1F, 0xFF, 0xE0, 0x00, 0x00, 
  0x01, 0xFF, 0xFE, 0x00, 0x00, 0x00, 0x0F, 0xFF, 0xF0, 0x00, 0x00, 0x00, 
  0xFF, 0xFF, 0x00, 0x00, 0x00, 0x07, 0xFF, 0xF8, 0x00, 0x00, 0x00, 0x7F, 
  0xFF, 0x80, 0x00, 0x00, 0x03, 0xFF, 0xFC, 0x00, 0x00, 0x00, 0x3F, 0xFF, 
  0xC0, 0x00, 0x00, 0x00, 0x00, 0x00, 0x07, 0xF8, 0x00, 0x00, 0x00, 0x00, 
  0x1F, 0xFF, 0xFC, 0x00, 0x00, 0x00, 0x1F, 0xFF, 0xFF, 0xF0, 0x00, 0x00, 
  0x0F, 0xFF, 0xFF, 0xFF, 0x80, 0x00, 0x07, 0xFF, 0xFF, 0xFF, 0xFC, 0x00, 
  0x01, 0xFF, 0xFF, 0xFF, 0xFF, 0xC0, 0x00, 0x7F, 0xFF, 0xFF, 0xFF, 0xFC, 
  0x00, 0x1F, 0xFF, 0xFF, 0xFF, 0xFF, 0xC0, 0x07, 0xFF, 0xFF, 0xFF, 0xFF, 
  0xFC, 0x01, 0xFF, 0xFF, 0xFF, 0xFF, 0xFF, 0xC0, 0x3F, 0xFF, 0xFF, 0xFF, 
  0xFF, 0xF8, 0x0F, 0xFF, 0xFE, 0x03, 0xFF, 0xFF, 0x81, 0xFF, 0xFF, 0x00, 
  0x1F, 0xFF, 0xF0, 0x3F, 0xFF, 0xC0, 0x01, 0xFF, 0xFE, 0x07, 0xFF, 0xF0, 
  0x00, 0x1F, 0xFF, 0xC1, 0xFF, 0xFE, 0x00, 0x01, 0xFF, 0xFC, 0x3F, 0xFF, 
  0x80, 0x00, 0x3F, 0xFF, 0x87, 0xFF, 0xF0, 0x00, 0x07, 0xFF, 0xF0, 0xFF, 
  0xFE, 0x00, 0x00, 0xFF, 0xFE, 0x0F, 0xFF, 0xC0, 0x00, 0x1F, 0xFF, 0x81, 
  0xFF, 0xF8, 0x00, 0x03, 0xFF, 0xF0, 0x3F, 0xFF, 0x00, 0x00, 0x7F, 0xFE, 
  0x07, 0xFF, 0xF0, 0x00, 0x1F, 0xFF, 0xC0, 0x7F, 0xFF, 0x00, 0x07, 0xFF, 
  0xF0, 0x07, 0xFF, 0xF0, 0x00, 0xFF, 0xFE, 0x00, 0xFF, 0xFF, 0x00, 0x7F, 
  0xFF, 0x80, 0x0F, 0xFF, 0xFC, 0x7F, 0xFF, 0xE0, 0x00, 0xFF, 0xFF, 0xFF, 
  0xFF, 0xF8, 0x00, 0x0F, 0xFF, 0xFF, 0xFF, 0xFE, 0x00, 0x00, 0x7F, 0xFF, 
  0xFF, 0xFF, 0x00, 0x00, 0x01, 0xFF, 0xFF, 0xFF, 0x00, 0x00, 0x00, 0x7F, 
  0xFF, 0xFF, 0xF0, 0x00, 0x00, 0x7F, 0xFF, 0xFF, 0xFF, 0xC0, 0x00, 0x3F, 
  0xFF, 0xFF, 0xFF, 0xFE, 0x00, 0x0F, 0xFF, 0xFF, 0xFF, 0xFF, 0xE0, 0x03, 
  0xFF, 0xFF, 0xFF, 0xFF, 0xFF, 0x00, 0xFF, 0xFF, 0xE0, 0xFF, 0xFF, 0xF0, 
  0x3F, 0xFF, 0xE0, 0x03, 0xFF, 0xFE, 0x0F, 0xFF, 0xF0, 0x00, 0x1F, 0xFF, 
  0xE3, 0xFF, 0xFC, 0x00, 0x01, 0xFF, 0xFE, 0x7F, 0xFF, 0x80, 0x00, 0x3F, 
  0xFF, 0xCF, 0xFF, 0xE0, 0x00, 0x03, 0xFF, 0xFB, 0xFF, 0xFC, 0x00, 0x00, 
  0x7F, 0xFF, 0xFF, 0xFF, 0x00, 0x00, 0x07, 0xFF, 0xFF, 0xFF, 0xE0, 0x00, 
  0x00, 0xFF, 0xFF, 0xFF, 0xFC, 0x00, 0x00, 0x1F, 0xFF, 0xFF, 0xFF, 0x80, 
  0x00, 0x03, 0xFF, 0xFF, 0xFF, 0xF0, 0x00, 0x00, 0x7F, 0xFF, 0xFF, 0xFF, 
  0x00, 0x00, 0x1F, 0xFF, 0xFF, 0xFF, 0xE0, 0x00, 0x03, 0xFF, 0xFF, 0xFF, 
  0xFE, 0x00, 0x00, 0xFF, 0xFF, 0xBF, 0xFF, 0xC0, 0x00, 0x1F, 0xFF, 0xE7, 
  0xFF, 0xFC, 0x00, 0x07, 0xFF, 0xFC, 0xFF, 0xFF, 0xE0, 0x03, 0xFF, 0xFF, 
  0x8F, 0xFF, 0xFF, 0x83, 0xFF, 0xFF, 0xE1, 0xFF, 0xFF, 0xFF, 0xFF, 0xFF, 
  0xFC, 0x1F, 0xFF, 0xFF, 0xFF, 0xFF, 0xFF, 0x01, 0xFF, 0xFF, 0xFF, 0xFF, 
  0xFF, 0xC0, 0x1F, 0xFF, 0xFF, 0xFF, 0xFF, 0xF0, 0x01, 0xFF, 0xFF, 0xFF, 
  0xFF, 0xFC, 0x00, 0x1F, 0xFF, 0xFF, 0xFF, 0xFF, 0x00, 0x00, 0xFF, 0xFF, 
  0xFF, 0xFF, 0x80, 0x00, 0x07, 0xFF, 0xFF, 0xFF, 0xC0, 0x00, 0x00, 0x1F, 
  0xFF, 0xFF, 0xC0, 0x00, 0x00, 0x00, 0x3F, 0xFF, 0x80, 0x00, 0x00, 0x00, 
  0x00, 0x0F, 0xE0, 0x00, 0x00, 0x00, 0x00, 0xFF, 0xFF, 0x80, 0x00, 0x00, 
  0x03, 0xFF, 0xFF, 0xF0, 0x00, 0x00, 0x07, 0xFF, 0xFF, 0xFE, 0x00, 0x00, 
  0x07, 0xFF, 0xFF, 0xFF, 0xC0, 0x00, 0x07, 0xFF, 0xFF, 0xFF, 0xF0, 0x00, 
  0x0F, 0xFF, 0xFF, 0xFF, 0xFC, 0x00, 0x0F, 0xFF, 0xFF, 0xFF, 0xFF, 0x00, 
  0x07, 0xFF, 0xFF, 0xFF, 0xFF, 0xC0, 0x07, 0xFF, 0xFF, 0xFF, 0xFF, 0xF0, 
  0x07, 0xFF, 0xFF, 0xFF, 0xFF, 0xFC, 0x03, 0xFF, 0xFF, 0xFF, 0xFF, 0xFE, 
  0x03, 0xFF, 0xFF, 0x01, 0xFF, 0xFF, 0x81, 0xFF, 0xFE, 0x00, 0x3F, 0xFF, 
  0xC1, 0xFF, 0xFE, 0x00, 0x0F, 0xFF, 0xF0, 0xFF, 0xFE, 0x00, 0x03, 0xFF, 
  0xF8, 0x7F, 0xFF, 0x00, 0x00, 0xFF, 0xFC, 0x3F, 0xFF, 0x00, 0x00, 0x7F, 
  0xFF, 0x3F, 0xFF, 0x80, 0x00, 0x3F, 0xFF, 0x9F, 0xFF, 0xC0, 0x00, 0x0F, 
  0xFF, 0xCF, 0xFF, 0xC0, 0x00, 0x07, 0xFF, 0xF7, 0xFF, 0xE0, 0x00, 0x03, 
  0xFF, 0xFB, 0xFF, 0xF0, 0x00, 0x01, 0xFF, 0xFD, 0xFF, 0xFC, 0x00, 0x00, 
  0xFF, 0xFE, 0xFF, 0xFE, 0x00, 0x00, 0x7F, 0xFF, 0x7F, 0xFF, 0x00, 0x00, 
  0x7F, 0xFF, 0xBF, 0xFF, 0x80, 0x00, 0x3F, 0xFF, 0xCF, 0xFF, 0xE0, 0x00, 
  0x3F, 0xFF, 0xF7, 0xFF, 0xF8, 0x00, 0x1F, 0xFF, 0xFB, 0xFF, 0xFC, 0x00, 
  0x1F, 0xFF, 0xFC, 0xFF, 0xFF, 0x80, 0x3F, 0xFF, 0xFE, 0x7F, 0xFF, 0xF8, 
  0xFF, 0xFF, 0xFF, 0x3F, 0xFF, 0xFF, 0xFF, 0xFF, 0xFF, 0x8F, 0xFF, 0xFF, 
  0xFF, 0xFF, 0xFF, 0xC3, 0xFF, 0xFF, 0xFF, 0xE7, 0xFF, 0xE1, 0xFF, 0xFF, 
  0xFF, 0xF3, 0xFF, 0xF0, 0x7F, 0xFF, 0xFF, 0xF1, 0xFF, 0xF8, 0x1F, 0xFF, 
  0xFF, 0xF8, 0xFF, 0xF8, 0x07, 0xFF, 0xFF, 0xF8, 0xFF, 0xFC, 0x00, 0xFF, 
  0xFF, 0xF8, 0x7F, 0xFE, 0x00, 0x1F, 0xFF, 0xF0, 0x3F, 0xFF, 0x00, 0x03, 
  0xFF, 0xE0, 0x1F, 0xFF, 0x80, 0x00, 0x00, 0x00, 0x0F, 0xFF, 0xC0, 0x00, 
  0x00, 0x00, 0x07, 0xFF, 0xE0, 0x00, 0x00, 0x00, 0x07, 0xFF, 0xE0, 0x00, 
  0x00, 0x00, 0x03, 0xFF, 0xF0, 0x00, 0x00, 0x00, 0x01, 0xFF, 0xF8, 0x00, 
  0x00, 0x00, 0x01, 0xFF, 0xFC, 0x7F, 0xFE, 0x00, 0x00, 0xFF, 0xFC, 0x3F, 
  0xFF, 0x80, 0x00, 0xFF, 0xFE, 0x0F, 0xFF, 0xC0, 0x00, 0xFF, 0xFE, 0x07, 
  0xFF, 0xF0, 0x00, 0xFF, 0xFF, 0x03, 0xFF, 0xFE, 0x00, 0xFF, 0xFF, 0x00, 
  0xFF, 0xFF, 0xF7, 0xFF, 0xFF, 0x80, 0x7F, 0xFF, 0xFF, 0xFF, 0xFF, 0x80, 
  0x1F, 0xFF, 0xFF, 0xFF, 0xFF, 0xC0, 0x0F, 0xFF, 0xFF, 0xFF, 0xFF, 0xC0, 
  0x03, 0xFF, 0xFF, 0xFF, 0xFF, 0xC0, 0x00, 0xFF, 0xFF, 0xFF, 0xFF, 0xC0, 
  0x00, 0x3F, 0xFF, 0xFF, 0xFF, 0xC0, 0x00, 0x0F, 0xFF, 0xFF, 0xFF, 0xC0, 
  0x00, 0x01, 0xFF, 0xFF, 0xFF, 0x80, 0x00, 0x00, 0x7F, 0xFF, 0xFF, 0x80, 
  0x00, 0x00, 0x07, 0xFF, 0xFF, 0x00, 0x00, 0x00, 0x00, 0x7F, 0xF8, 0x00, 
  0x00, 0x00, 0x01, 0xC0, 0x07, 0xF8, 0x07, 0xFF, 0x07, 0xFF, 0xC7, 0xFF, 
  0xE3, 0xFF, 0xFB, 0xFF, 0xFD, 0xFF, 0xFE, 0xFF, 0xFF, 0xFF, 0xFF, 0xBF, 
  0xFF, 0xCF, 0xFF, 0xE7, 0xFF, 0xF1, 0xFF, 0xF0, 0xFF, 0xF0, 0x1F, 0xF0, 
  0x03, 0xE0, 0x00, 0x00, 0x00, 0x00, 0x00, 0x00, 0x00, 0x00, 0x00, 0x00, 
  0x00, 0x00, 0x00, 0x00, 0x00, 0x00, 0x00, 0x00, 0x00, 0x00, 0x00, 0x00, 
  0x00, 0x00, 0x00, 0x00, 0x00, 0x00, 0x00, 0x00, 0x1F, 0xE0, 0x1F, 0xFC, 
  0x1F, 0xFF, 0x1F, 0xFF, 0x8F, 0xFF, 0xEF, 0xFF, 0xF7, 0xFF, 0xFB, 0xFF, 
  0xFF, 0xFF, 0xFE, 0xFF, 0xFF, 0x7F, 0xFF, 0x9F, 0xFF, 0xCF, 0xFF, 0xC3, 
  0xFF, 0xC0, 0xFF, 0xC0, 0x1F, 0x80, 0x00, 0xE0, 0x01, 0xFF, 0x00, 0xFF, 
  0xE0, 0x7F, 0xFC, 0x3F, 0xFF, 0x8F, 0xFF, 0xE7, 0xFF, 0xF9, 0xFF, 0xFF, 
  0x7F, 0xFF, 0xDF, 0xFF, 0xF7, 0xFF, 0xFC, 0xFF, 0xFE, 0x3F, 0xFF, 0x87, 
  0xFF, 0xC0, 0xFF, 0xE0, 0x1F, 0xF0, 0x01, 0xF0, 0x00, 0x00, 0x00, 0x00, 
  0x00, 0x00, 0x00, 0x00, 0x00, 0x00, 0x00, 0x00, 0x00, 0x00, 0x00, 0x00, 
  0x00, 0x00, 0x00, 0x00, 0x00, 0x00, 0x00, 0x00, 0x00, 0x00, 0x00, 0x00, 
  0x00, 0x00, 0x00, 0x00, 0x00, 0x00, 0x00, 0x00, 0x00, 0x00, 0x00, 0x00, 
  0x00, 0x7F, 0xFC, 0x1F, 0xFF, 0x0F, 0xFF, 0x83, 0xFF, 0xE0, 0xFF, 0xF8, 
  0x3F, 0xFE, 0x0F, 0xFF, 0x03, 0xFF, 0xC0, 0xFF, 0xF0, 0x3F, 0xFC, 0x0F, 
  0xFF, 0x07, 0xFF, 0x81, 0xFF, 0xE0, 0x7F, 0xF8, 0x1F, 0xFE, 0x07, 0xFF, 
  0x01, 0xFF, 0xC0, 0x7F, 0xF0, 0x1F, 0xFC, 0x0F, 0xFF, 0x03, 0xFF, 0x80, 
  0xFF, 0xE0, 0x3F, 0xF8, 0x0F, 0xFE, 0x03, 0xFF, 0x00, 0x00, 0x00, 0x00, 
  0x00, 0x00, 0x00, 0x00, 0x00, 0x00, 0x00, 0x03, 0x00, 0x00, 0x00, 0x00, 
  0x00, 0x70, 0x00, 0x00, 0x00, 0x00, 0x1F, 0x00, 0x00, 0x00, 0x00, 0x07, 
  0xF0, 0x00, 0x00, 0x00, 0x01, 0xFF, 0x00, 0x00, 0x00, 0x00, 0x7F, 0xF0, 
  0x00, 0x00, 0x00, 0x1F, 0xFF, 0x00, 0x00, 0x00, 0x07, 0xFF, 0xF0, 0x00, 
  0x00, 0x01, 0xFF, 0xFF, 0x00, 0x00, 0x00, 0x7F, 0xFF, 0xF0, 0x00, 0x00, 
  0x0F, 0xFF, 0xFF, 0x00, 0x00, 0x03, 0xFF, 0xFF, 0xF0, 0x00, 0x00, 0xFF, 
  0xFF, 0xFF, 0x00, 0x00, 0x3F, 0xFF, 0xFF, 0xF0, 0x00, 0x0F, 0xFF, 0xFF, 
  0xFE, 0x00, 0x03, 0xFF, 0xFF, 0xFF, 0x80, 0x00, 0xFF, 0xFF, 0xFF, 0xE0, 
  0x00, 0x3F, 0xFF, 0xFF, 0xF8, 0x00, 0x07, 0xFF, 0xFF, 0xFE, 0x00, 0x01, 
  0xFF, 0xFF, 0xFF, 0x80, 0x00, 0x7F, 0xFF, 0xFF, 0xE0, 0x00, 0x1F, 0xFF, 
  0xFF, 0xF8, 0x00, 0x07, 0xFF, 0xFF, 0xFE, 0x00, 0x00, 0xFF, 0xFF, 0xFF, 
  0x80, 0x00, 0x0F, 0xFF, 0xFF, 0xC0, 0x00, 0x00, 0xFF, 0xFF, 0xF0, 0x00, 
  0x00, 0x0F, 0xFF, 0xFC, 0x00, 0x00, 0x00, 0xFF, 0xFF, 0xC0, 0x00, 0x00, 
  0x0F, 0xFF, 0xFF, 0x00, 0x00, 0x00, 0xFF, 0xFF, 0xFC, 0x00, 0x00, 0x0F, 
  0xFF, 0xFF, 0xF0, 0x00, 0x00, 0xFF, 0xFF, 0xFF, 0xC0, 0x00, 0x07, 0xFF, 
  0xFF, 0xFF, 0x00, 0x00, 0x1F, 0xFF, 0xFF, 0xFC, 0x00, 0x00, 0x7F, 0xFF, 
  0xFF, 0xF0, 0x00, 0x01, 0xFF, 0xFF, 0xFF, 0xC0, 0x00, 0x07, 0xFF, 0xFF, 
  0xFF, 0x00, 0x00, 0x1F, 0xFF, 0xFF, 0xFE, 0x00, 0x00, 0x7F, 0xFF, 0xFF, 
  0xF8, 0x00, 0x01, 0xFF, 0xFF, 0xFF, 0xE0, 0x00, 0x07, 0xFF, 0xFF, 0xFF, 
  0x00, 0x00, 0x1F, 0xFF, 0xFF, 0xF0, 0x00, 0x00, 0x7F, 0xFF, 0xFF, 0x00, 
  0x00, 0x01, 0xFF, 0xFF, 0xF0, 0x00, 0x00, 0x07, 0xFF, 0xFF, 0x00, 0x00, 
  0x00, 0x1F, 0xFF, 0xF0, 0x00, 0x00, 0x00, 0x7F, 0xFF, 0x00, 0x00, 0x00, 
  0x01, 0xFF, 0xF0, 0x00, 0x00, 0x00, 0x07, 0xFF, 0x00, 0x00, 0x00, 0x00, 
  0x1F, 0xF0, 0x00, 0x00, 0x00, 0x00, 0x7F, 0x00, 0x00, 0x00, 0x00, 0x01, 
  0xF0, 0x00, 0x00, 0x00, 0x00, 0x07, 0x00, 0x00, 0x00, 0x00, 0x00, 0x30, 
  0xFF, 0xFF, 0xFF, 0xFF, 0xFF, 0xFF, 0xFF, 0xFF, 0xFF, 0xFF, 0xFF, 0xFF, 
  0xFF, 0xFF, 0xFF, 0xFF, 0xFF, 0xFF, 0xFF, 0xFF, 0xFF, 0xFF, 0xFF, 0xFF, 
  0xFF, 0xFF, 0xFF, 0xFF, 0xFF, 0xFF, 0xFF, 0xFF, 0xFF, 0xFF, 0xFF, 0xFF, 
  0xFF, 0xFF, 0xFF, 0xFF, 0xFF, 0xFF, 0xFF, 0xFF, 0xFF, 0xFF, 0xFF, 0xFF, 
  0xFF, 0xFF, 0xFF, 0xFF, 0xFF, 0xFF, 0xFF, 0xFF, 0xFF, 0xFF, 0xFF, 0xFF, 
  0xFF, 0xFF, 0xFF, 0xFF, 0xFF, 0xFF, 0xFF, 0xF0, 0x00, 0x00, 0x00, 0x00, 
  0x00, 0x00, 0x00, 0x00, 0x00, 0x00, 0x00, 0x00, 0x00, 0x00, 0x00, 0x00, 
  0x00, 0x00, 0x00, 0x00, 0x00, 0x00, 0x00, 0x00, 0x00, 0x00, 0x00, 0x00, 
  0x00, 0x00, 0x00, 0x00, 0x00, 0x00, 0x00, 0x00, 0x00, 0x00, 0x00, 0x00, 
  0x00, 0x00, 0x00, 0x00, 0x00, 0x00, 0x00, 0x00, 0x00, 0x00, 0x7F, 0xFF, 
  0xFF, 0xFF, 0xFF, 0xFF, 0xFF, 0xFF, 0xFF, 0xFF, 0xFF, 0xFF, 0xFF, 0xFF, 
  0xFF, 0xFF, 0xFF, 0xFF, 0xFF, 0xFF, 0xFF, 0xFF, 0xFF, 0xFF, 0xFF, 0xFF, 
  0xFF, 0xFF, 0xFF, 0xFF, 0xFF, 0xFF, 0xFF, 0xFF, 0xFF, 0xFF, 0xFF, 0xFF, 
  0xFF, 0xFF, 0xFF, 0xFF, 0xFF, 0xFF, 0xFF, 0xFF, 0xFF, 0xFF, 0xFF, 0xFF, 
  0xFF, 0xFF, 0xFF, 0xFF, 0xFF, 0xFF, 0xFF, 0xFF, 0xFF, 0xFF, 0xFF, 0xFF, 
  0xFF, 0xFF, 0xFF, 0xFF, 0xFF, 0xF8, 0x00, 0x00, 0x00, 0x00, 0x00, 0x0C, 
  0x00, 0x00, 0x00, 0x00, 0x00, 0xF0, 0x00, 0x00, 0x00, 0x00, 0x0F, 0xC0, 
  0x00, 0x00, 0x00, 0x00, 0xFF, 0x00, 0x00, 0x00, 0x00, 0x0F, 0xFC, 0x00, 
  0x00, 0x00, 0x00, 0xFF, 0xE0, 0x00, 0x00, 0x00, 0x0F, 0xFF, 0x80, 0x00, 
  0x00, 0x00, 0xFF, 0xFE, 0x00, 0x00, 0x00, 0x0F, 0xFF, 0xF8, 0x00, 0x00, 
  0x00, 0xFF, 0xFF, 0xE0, 0x00, 0x00, 0x0F, 0xFF, 0xFF, 0x80, 0x00, 0x00, 
  0xFF, 0xFF, 0xFE, 0x00, 0x00, 0x0F, 0xFF, 0xFF, 0xF8, 0x00, 0x00, 0xFF, 
  0xFF, 0xFF, 0xE0, 0x00, 0x07, 0xFF, 0xFF, 0xFF, 0x00, 0x00, 0x1F, 0xFF, 
  0xFF, 0xFC, 0x00, 0x00, 0x7F, 0xFF, 0xFF, 0xF0, 0x00, 0x01, 0xFF, 0xFF, 
  0xFF, 0xC0, 0x00, 0x03, 0xFF, 0xFF, 0xFF, 0x00, 0x00, 0x0F, 0xFF, 0xFF, 
  0xFC, 0x00, 0x00, 0x3F, 0xFF, 0xFF, 0xF0, 0x00, 0x00, 0xFF, 0xFF, 0xFF, 
  0xC0, 0x00, 0x03, 0xFF, 0xFF, 0xFF, 0x00, 0x00, 0x0F, 0xFF, 0xFF, 0xF0, 
  0x00, 0x00, 0x3F, 0xFF, 0xFF, 0x00, 0x00, 0x00, 0xFF, 0xFF, 0xF0, 0x00, 
  0x00, 0x03, 0xFF, 0xFF, 0x00, 0x00, 0x00, 0x1F, 0xFF, 0xF0, 0x00, 0x00, 
  0x07, 0xFF, 0xFF, 0x00, 0x00, 0x01, 0xFF, 0xFF, 0xF0, 0x00, 0x00, 0x7F, 
  0xFF, 0xFF, 0x00, 0x00, 0x1F, 0xFF, 0xFF, 0xF0, 0x00, 0x0F, 0xFF, 0xFF, 
  0xFE, 0x00, 0x03, 0xFF, 0xFF, 0xFF, 0x80, 0x00, 0xFF, 0xFF, 0xFF, 0xE0, 
  0x00, 0x3F, 0xFF, 0xFF, 0xF8, 0x00, 0x0F, 0xFF, 0xFF, 0xFE, 0x00, 0x03, 
  0xFF, 0xFF, 0xFF, 0x80, 0x00, 0xFF, 0xFF, 0xFF, 0xE0, 0x00, 0x3F, 0xFF, 
  0xFF, 0xF8, 0x00, 0x0F, 0xFF, 0xFF, 0xFE, 0x00, 0x00, 0xFF, 0xFF, 0xFF, 
  0xC0, 0x00, 0x0F, 0xFF, 0xFF, 0xF0, 0x00, 0x00, 0xFF, 0xFF, 0xFC, 0x00, 
  0x00, 0x0F, 0xFF, 0xFF, 0x00, 0x00, 0x00, 0xFF, 0xFF, 0xC0, 0x00, 0x00, 
  0x0F, 0xFF, 0xF0, 0x00, 0x00, 0x00, 0xFF, 0xFC, 0x00, 0x00, 0x00, 0x0F, 
  0xFF, 0x00, 0x00, 0x00, 0x00, 0xFF, 0xC0, 0x00, 0x00, 0x00, 0x0F, 0xF0, 
  0x00, 0x00, 0x00, 0x00, 0xFC, 0x00, 0x00, 0x00, 0x00, 0x0F, 0x00, 0x00, 
  0x00, 0x00, 0x00, 0xC0, 0x00, 0x00, 0x00, 0x00, 0x00, 0x00, 0x00, 0x3F, 
  0xC0, 0x00, 0x00, 0x00, 0xFF, 0xFF, 0xC0, 0x00, 0x00, 0xFF, 0xFF, 0xFF, 
  0x00, 0x00, 0x7F, 0xFF, 0xFF, 0xF8, 0x00, 0x1F, 0xFF, 0xFF, 0xFF, 0x80, 
  0x07, 0xFF, 0xFF, 0xFF, 0xF8, 0x01, 0xFF, 0xFF, 0xFF, 0xFF, 0x80, 0x7F, 
  0xFF, 0xFF, 0xFF, 0xF8, 0x1F, 0xFF, 0xFF, 0xFF, 0xFF, 0x87, 0xFF, 0xFF, 
  0xFF, 0xFF, 0xF0, 0xFF, 0xFF, 0xFF, 0xFF, 0xFF, 0x3F, 0xFF, 0xFF, 0xFF, 
  0xFF, 0xE7, 0xFF, 0xF8, 0x07, 0xFF, 0xFE, 0xFF, 0xFE, 0x00, 0x3F, 0xFF, 
  0xDF, 0xFF, 0x80, 0x07, 0xFF, 0xFF, 0xFF, 0xF0, 0x00, 0x7F, 0xFF, 0xFF, 
  0xFC, 0x00, 0x0F, 0xFF, 0xFF, 0xFF, 0x80, 0x01, 0xFF, 0xFF, 0xFF, 0xF0, 
  0x00, 0x3F, 0xFF, 0x80, 0x00, 0x00, 0x07, 0xFF, 0xF0, 0x00, 0x00, 0x00, 
  0xFF, 0xFE, 0x00, 0x00, 0x00, 0x1F, 0xFF, 0xC0, 0x00, 0x00, 0x07, 0xFF, 
  0xF8, 0x00, 0x00, 0x01, 0xFF, 0xFE, 0x00, 0x00, 0x00, 0x7F, 0xFF, 0xC0, 
  0x00, 0x00, 0x3F, 0xFF, 0xF0, 0x00, 0x00, 0x0F, 0xFF, 0xFE, 0x00, 0x00, 
  0x03, 0xFF, 0xFF, 0x80, 0x00, 0x01, 0xFF, 0xFF, 0xE0, 0x00, 0x00, 0x7F, 
  0xFF, 0xF8, 0x00, 0x00, 0x1F, 0xFF, 0xFE, 0x00, 0x00, 0x07, 0xFF, 0xFF, 
  0x00, 0x00, 0x00, 0xFF, 0xFF, 0xC0, 0x00, 0x00, 0x3F, 0xFF, 0xE0, 0x00, 
  0x00, 0x0F, 0xFF, 0xF8, 0x00, 0x00, 0x01, 0xFF, 0xFE, 0x00, 0x00, 0x00, 
  0x3F, 0xFF, 0x00, 0x00, 0x00, 0x07, 0xFF, 0xE0, 0x00, 0x00, 0x01, 0xFF, 
  0xF8, 0x00, 0x00, 0x00, 0x3F, 0xFF, 0x00, 0x00, 0x00, 0x07, 0xFF, 0xE0, 
  0x00, 0x00, 0x00, 0xFF, 0xFC, 0x00, 0x00, 0x00, 0x0F, 0xFF, 0x80, 0x00, 
  0x00, 0x01, 0xFF, 0xF0, 0x00, 0x00, 0x00, 0x00, 0x00, 0x00, 0x00, 0x00, 
  0x00, 0x00, 0x00, 0x00, 0x00, 0x00, 0x00, 0x00, 0x00, 0x00, 0x00, 0x00, 
  0x00, 0x00, 0x00, 0x00, 0x00, 0x00, 0x00, 0x00, 0x00, 0x00, 0x00, 0x00, 
  0x00, 0x00, 0x00, 0x00, 0x60, 0x00, 0x00, 0x00, 0x00, 0x7F, 0xC0, 0x00, 
  0x00, 0x00, 0x3F, 0xFC, 0x00, 0x00, 0x00, 0x07, 0xFF, 0xC0, 0x00, 0x00, 
  0x01, 0xFF, 0xFC, 0x00, 0x00, 0x00, 0x3F, 0xFF, 0x80, 0x00, 0x00, 0x0F, 
  0xFF, 0xF0, 0x00, 0x00, 0x01, 0xFF, 0xFE, 0x00, 0x00, 0x00, 0x3F, 0xFF, 
  0xC0, 0x00, 0x00, 0x07, 0xFF, 0xF8, 0x00, 0x00, 0x00, 0x7F, 0xFF, 0x00, 
  0x00, 0x00, 0x0F, 0xFF, 0xC0, 0x00, 0x00, 0x00, 0xFF, 0xF0, 0x00, 0x00, 
  0x00, 0x0F, 0xFC, 0x00, 0x00, 0x00, 0x00, 0x3E, 0x00, 0x00, 0x00, 0x00, 
  0x00, 0x00, 0x0F, 0xFF, 0xFC, 0x00, 0x00, 0x00, 0x00, 0x00, 0x00, 0xFF, 
  0xFF, 0xFF, 0xC0, 0x00, 0x00, 0x00, 0x00, 0x07, 0xFF, 0xFF, 0xFF, 0xF8, 
  0x00, 0x00, 0x00, 0x00, 0x1F, 0xFF, 0xFF, 0xFF, 0xFE, 0x00, 0x00, 0x00, 
  0x00, 0x7F, 0xFF, 0xFF, 0xFF, 0xFF, 0x80, 0x00, 0x00, 0x01, 0xFF, 0xFF, 
  0xFF, 0xFF, 0xFF, 0xC0, 0x00, 0x00, 0x03, 0xFF, 0xFF, 0xFF, 0xFF, 0xFF, 
  0xF0, 0x00, 0x00, 0x0F, 0xFF, 0xFF, 0xC1, 0xFF, 0xFF, 0xF8, 0x00, 0x00, 
  0x1F, 0xFF, 0xF0, 0x00, 0x03, 0xFF, 0xFC, 0x00, 0x00, 0x3F, 0xFF, 0x80, 
  0x00, 0x00, 0x7F, 0xFE, 0x00, 0x00, 0x7F, 0xFE, 0x00, 0x00, 0x00, 0x1F, 
  0xFF, 0x00, 0x00, 0xFF, 0xF8, 0x00, 0x00, 0x00, 0x0F, 0xFF, 0x80, 0x00, 
  0xFF, 0xF0, 0x00, 0x00, 0x00, 0x03, 0xFF, 0xC0, 0x01, 0xFF, 0xE0, 0x00, 
  0x00, 0x00, 0x01, 0xFF, 0xE0, 0x03, 0xFF, 0x80, 0x00, 0x00, 0x00, 0x00, 
  0xFF, 0xE0, 0x07, 0xFF, 0x00, 0x00, 0x00, 0x00, 0x00, 0x7F, 0xF0, 0x07, 
  0xFF, 0x00, 0x00, 0x00, 0x00, 0x00, 0x3F, 0xF0, 0x0F, 0xFE, 0x00, 0x00, 
  0x00, 0x00, 0x00, 0x1F, 0xF8, 0x0F, 0xFC, 0x00, 0x00, 0x00, 0x00, 0x00, 
  0x1F, 0xF8, 0x1F, 0xF8, 0x00, 0x00, 0x00, 0x00, 0x00, 0x0F, 0xFC, 0x1F, 
  0xF8, 0x00, 0x1F, 0xF8, 0x1F, 0xF0, 0x07, 0xFC, 0x1F, 0xF0, 0x00, 0x7F, 
  0xFE, 0x1F, 0xF0, 0x07, 0xFC, 0x3F, 0xF0, 0x00, 0xFF, 0xFF, 0x1F, 0xF0, 
  0x03, 0xFE, 0x3F, 0xE0, 0x01, 0xFF, 0xFF, 0x9F, 0xF0, 0x03, 0xFE, 0x3F, 
  0xE0, 0x03, 0xFF, 0xFF, 0xDF, 0xF0, 0x03, 0xFE, 0x7F, 0xE0, 0x07, 0xFF, 
  0xFF, 0xDF, 0xF0, 0x03, 0xFE, 0x7F, 0xC0, 0x07, 0xFF, 0xFF, 0xFF, 0xF0, 
  0x01, 0xFF, 0x7F, 0xC0, 0x0F, 0xFF, 0xFF, 0xFF, 0xF0, 0x01, 0xFF, 0x7F, 
  0xC0, 0x0F, 0xFF, 0x01, 0xFF, 0xF0, 0x01, 0xFF, 0x7F, 0xC0, 0x0F, 0xFE, 
  0x00, 0xFF, 0xF0, 0x01, 0xFF, 0xFF, 0x80, 0x1F, 0xFE, 0x00, 0x7F, 0xF0, 
  0x01, 0xFF, 0xFF, 0x80, 0x1F, 0xFC, 0x00, 0x7F, 0xF0, 0x01, 0xFF, 0xFF, 
  0x80, 0x1F, 0xFC, 0x00, 0x7F, 0xF0, 0x01, 0xFF, 0xFF, 0x80, 0x1F, 0xFC, 
  0x00, 0x7F, 0xF0, 0x01, 0xFF, 0xFF, 0x80, 0x1F, 0xFC, 0x00, 0x3F, 0xF0, 
  0x01, 0xFF, 0xFF, 0x80, 0x1F, 0xFC, 0x00, 0x3F, 0xF0, 0x01, 0xFF, 0xFF, 
  0x80, 0x1F, 0xFC, 0x00, 0x3F, 0xF0, 0x01, 0xFF, 0xFF, 0x80, 0x1F, 0xFC, 
  0x00, 0x3F, 0xF0, 0x01, 0xFF, 0xFF, 0x80, 0x1F, 0xFC, 0x00, 0x3F, 0xF0, 
  0x01, 0xFF, 0xFF, 0x80, 0x1F, 0xFC, 0x00, 0x3F, 0xF0, 0x01, 0xFE, 0xFF, 
  0x80, 0x1F, 0xFC, 0x00, 0x7F, 0xF0, 0x03, 0xFE, 0xFF, 0x80, 0x1F, 0xFC, 
  0x00, 0x7F, 0xF0, 0x03, 0xFE, 0xFF, 0x80, 0x1F, 0xFC, 0x00, 0x7F, 0xF0, 
  0x03, 0xFE, 0xFF, 0x80, 0x1F, 0xFC, 0x00, 0x7F, 0xF0, 0x07, 0xFC, 0x7F, 
  0xC0, 0x0F, 0xFE, 0x00, 0xFF, 0xF0, 0x07, 0xFC, 0x7F, 0xC0, 0x0F, 0xFF, 
  0x01, 0xFF, 0xF8, 0x0F, 0xFC, 0x7F, 0xC0, 0x0F, 0xFF, 0xEF, 0xFF, 0xFC, 
  0x1F, 0xF8, 0x7F, 0xC0, 0x07, 0xFF, 0xFF, 0xFF, 0xFF, 0x7F, 0xF8, 0x7F, 
  0xE0, 0x07, 0xFF, 0xFF, 0xEF, 0xFF, 0xFF, 0xF0, 0x3F, 0xE0, 0x03, 0xFF, 
  0xFF, 0xEF, 0xFF, 0xFF, 0xE0, 0x3F, 0xE0, 0x03, 0xFF, 0xFF, 0xC7, 0xFF, 
  0xFF, 0xC0, 0x3F, 0xF0, 0x01, 0xFF, 0xFF, 0x83, 0xFF, 0xFF, 0x80, 0x1F, 
  0xF0, 0x00, 0x7F, 0xFF, 0x01, 0xFF, 0xFF, 0x00, 0x1F, 0xF8, 0x00, 0x3F, 
  0xFE, 0x00, 0x7F, 0xFC, 0x00, 0x1F, 0xFC, 0x00, 0x07, 0xE0, 0x00, 0x1F, 
  0xE0, 0x00, 0x0F, 0xFC, 0x00, 0x00, 0x00, 0x00, 0x00, 0x00, 0x00, 0x0F, 
  0xFE, 0x00, 0x00, 0x00, 0x00, 0x00, 0x00, 0x00, 0x07, 0xFF, 0x00, 0x00, 
  0x00, 0x00, 0x00, 0x00, 0x00, 0x03, 0xFF, 0x80, 0x00, 0x00, 0x00, 0x00, 
  0x00, 0x00, 0x03, 0xFF, 0xC0, 0x00, 0x00, 0x00, 0x00, 0x00, 0x00, 0x01, 
  0xFF, 0xE0, 0x00, 0x00, 0x00, 0x00, 0x00, 0x00, 0x00, 0xFF, 0xF8, 0x00, 
  0x00, 0x00, 0x00, 0x00, 0x00, 0x00, 0x7F, 0xFE, 0x00, 0x00, 0x00, 0x00, 
  0x00, 0x00, 0x00, 0x3F, 0xFF, 0x80, 0x00, 0x00, 0x00, 0x00, 0x00, 0x00, 
  0x1F, 0xFF, 0xF0, 0x00, 0x03, 0x80, 0x00, 0x00, 0x00, 0x0F, 0xFF, 0xFF, 
  0xFF, 0xFF, 0x80, 0x00, 0x00, 0x00, 0x07, 0xFF, 0xFF, 0xFF, 0xFF, 0x80, 
  0x00, 0x00, 0x00, 0x01, 0xFF, 0xFF, 0xFF, 0xFF, 0x80, 0x00, 0x00, 0x00, 
  0x00, 0xFF, 0xFF, 0xFF, 0xFF, 0x80, 0x00, 0x00, 0x00, 0x00, 0x3F, 0xFF, 
  0xFF, 0xFF, 0x80, 0x00, 0x00, 0x00, 0x00, 0x07, 0xFF, 0xFF, 0xFF, 0x80, 
  0x00, 0x00, 0x00, 0x00, 0x01, 0xFF, 0xFF, 0xFF, 0x00, 0x00, 0x00, 0x00, 
  0x00, 0x00, 0x0F, 0xFF, 0xF0, 0x00, 0x00, 0x00, 0x00, 0x00, 0x07, 0xFF, 
  0xFE, 0x00, 0x00, 0x00, 0x00, 0x01, 0xFF, 0xFF, 0xE0, 0x00, 0x00, 0x00, 
  0x00, 0x3F, 0xFF, 0xFC, 0x00, 0x00, 0x00, 0x00, 0x07, 0xFF, 0xFF, 0x80, 
  0x00, 0x00, 0x00, 0x01, 0xFF, 0xFF, 0xF0, 0x00, 0x00, 0x00, 0x00, 0x3F, 
  0xFF, 0xFF, 0x00, 0x00, 0x00, 0x00, 0x07, 0xFF, 0xFF, 0xE0, 0x00, 0x00, 
  0x00, 0x01, 0xFF, 0xFF, 0xFC, 0x00, 0x00, 0x00, 0x00, 0x3F, 0xFF, 0xFF, 
  0xC0, 0x00, 0x00, 0x00, 0x07, 0xFF, 0xFF, 0xF8, 0x00, 0x00, 0x00, 0x01, 
  0xFF, 0xFF, 0xFF, 0x00, 0x00, 0x00, 0x00, 0x3F, 0xFF, 0xFF, 0xF0, 0x00, 
  0x00, 0x00, 0x07, 0xFF, 0xFF, 0xFE, 0x00, 0x00, 0x00, 0x01, 0xFF, 0xFF, 
  0xFF, 0xC0, 0x00, 0x00, 0x00, 0x3F, 0xFE, 0xFF, 0xFC, 0x00, 0x00, 0x00, 
  0x07, 0xFF, 0xDF, 0xFF, 0x80, 0x00, 0x00, 0x01, 0xFF, 0xF3, 0xFF, 0xF0, 
  0x00, 0x00, 0x00, 0x3F, 0xFE, 0x3F, 0xFF, 0x00, 0x00, 0x00, 0x07, 0xFF, 
  0xC7, 0xFF, 0xE0, 0x00, 0x00, 0x01, 0xFF, 0xF8, 0xFF, 0xFC, 0x00, 0x00, 
  0x00, 0x3F, 0xFE, 0x0F, 0xFF, 0xC0, 0x00, 0x00, 0x07, 0xFF, 0xC1, 0xFF, 
  0xF8, 0x00, 0x00, 0x01, 0xFF, 0xF8, 0x3F, 0xFF, 0x00, 0x00, 0x00, 0x3F, 
  0xFE, 0x07, 0xFF, 0xF0, 0x00, 0x00, 0x07, 0xFF, 0xC0, 0x7F, 0xFE, 0x00, 
  0x00, 0x01, 0xFF, 0xF8, 0x0F, 0xFF, 0xC0, 0x00, 0x00, 0x3F, 0xFF, 0x01, 
  0xFF, 0xFC, 0x00, 0x00, 0x07, 0xFF, 0xC0, 0x3F, 0xFF, 0x80, 0x00, 0x00, 
  0xFF, 0xF8, 0x03, 0xFF, 0xF0, 0x00, 0x00, 0x3F, 0xFF, 0x00, 0x7F, 0xFE, 
  0x00, 0x00, 0x07, 0xFF, 0xC0, 0x0F, 0xFF, 0xE0, 0x00, 0x00, 0xFF, 0xF8, 
  0x00, 0xFF, 0xFC, 0x00, 0x00, 0x3F, 0xFF, 0x00, 0x1F, 0xFF, 0x80, 0x00, 
  0x07, 0xFF, 0xE0, 0x03, 0xFF, 0xF8, 0x00, 0x00, 0xFF, 0xF8, 0x00, 0x7F, 
  0xFF, 0x00, 0x00, 0x3F, 0xFF, 0x00, 0x07, 0xFF, 0xE0, 0x00, 0x07, 0xFF, 
  0xE0, 0x00, 0xFF, 0xFE, 0x00, 0x00, 0xFF, 0xF8, 0x00, 0x1F, 0xFF, 0xC0, 
  0x00, 0x3F, 0xFF, 0xFF, 0xFF, 0xFF, 0xF8, 0x00, 0x07, 0xFF, 0xFF, 0xFF, 
  0xFF, 0xFF, 0x80, 0x00, 0xFF, 0xFF, 0xFF, 0xFF, 0xFF, 0xF0, 0x00, 0x3F, 
  0xFF, 0xFF, 0xFF, 0xFF, 0xFE, 0x00, 0x07, 0xFF, 0xFF, 0xFF, 0xFF, 0xFF, 
  0xE0, 0x00, 0xFF, 0xFF, 0xFF, 0xFF, 0xFF, 0xFC, 0x00, 0x3F, 0xFF, 0xFF, 
  0xFF, 0xFF, 0xFF, 0x80, 0x07, 0xFF, 0xFF, 0xFF, 0xFF, 0xFF, 0xF8, 0x00, 
  0xFF, 0xFF, 0xFF, 0xFF, 0xFF, 0xFF, 0x00, 0x3F, 0xFF, 0xFF, 0xFF, 0xFF, 
  0xFF, 0xE0, 0x07, 0xFF, 0xFF, 0xFF, 0xFF, 0xFF, 0xFE, 0x00, 0xFF, 0xFC, 
  0x00, 0x00, 0x3F, 0xFF, 0xC0, 0x3F, 0xFF, 0x80, 0x00, 0x03, 0xFF, 0xF8, 
  0x07, 0xFF, 0xF0, 0x00, 0x00, 0x7F, 0xFF, 0x80, 0xFF, 0xFE, 0x00, 0x00, 
  0x0F, 0xFF, 0xF0, 0x3F, 0xFF, 0x80, 0x00, 0x01, 0xFF, 0xFE, 0x07, 0xFF, 
  0xF0, 0x00, 0x00, 0x1F, 0xFF, 0xE0, 0xFF, 0xFE, 0x00, 0x00, 0x03, 0xFF, 
  0xFC, 0x3F, 0xFF, 0x80, 0x00, 0x00, 0x7F, 0xFF, 0x87, 0xFF, 0xF0, 0x00, 
  0x00, 0x0F, 0xFF, 0xF0, 0xFF, 0xFE, 0x00, 0x00, 0x00, 0xFF, 0xFF, 0x1F, 
  0xFF, 0xC0, 0x00, 0x00, 0x1F, 0xFF, 0xE7, 0xFF, 0xF0, 0x00, 0x00, 0x03, 
  0xFF, 0xFC, 0xFF, 0xFE, 0x00, 0x00, 0x00, 0x3F, 0xFF, 0xDF, 0xFF, 0xC0, 
  0x00, 0x00, 0x07, 0xFF, 0xF8, 0xFF, 0xFF, 0xFF, 0xFC, 0x00, 0x00, 0x3F, 
  0xFF, 0xFF, 0xFF, 0xFC, 0x00, 0x0F, 0xFF, 0xFF, 0xFF, 0xFF, 0xE0, 0x03, 
  0xFF, 0xFF, 0xFF, 0xFF, 0xFC, 0x00, 0xFF, 0xFF, 0xFF, 0xFF, 0xFF, 0xC0, 
  0x3F, 0xFF, 0xFF, 0xFF, 0xFF, 0xF8, 0x0F, 0xFF, 0xFF, 0xFF, 0xFF, 0xFF, 
  0x03, 0xFF, 0xFF, 0xFF, 0xFF, 0xFF, 0xE0, 0xFF, 0xFF, 0xFF, 0xFF, 0xFF, 
  0xF8, 0x3F, 0xFF, 0xFF, 0xFF, 0xFF, 0xFF, 0x0F, 0xFF, 0xFF, 0xFF, 0xFF, 
  0xFF, 0xC3, 0xFF, 0xF8, 0x00, 0x7F, 0xFF, 0xF8, 0xFF, 0xFE, 0x00, 0x07, 
  0xFF, 0xFE, 0x3F, 0xFF, 0x80, 0x00, 0x7F, 0xFF, 0x8F, 0xFF, 0xE0, 0x00, 
  0x1F, 0xFF, 0xE3, 0xFF, 0xF8, 0x00, 0x03, 0xFF, 0xF8, 0xFF, 0xFE, 0x00, 
  0x00, 0xFF, 0xFE, 0x3F, 0xFF, 0x80, 0x00, 0x3F, 0xFF, 0x8F, 0xFF, 0xE0, 
  0x00, 0x0F, 0xFF, 0xE3, 0xFF, 0xF8, 0x00, 0x03, 0xFF, 0xF8, 0xFF, 0xFE, 
  0x00, 0x00, 0xFF, 0xFC, 0x3F, 0xFF, 0x80, 0x00, 0x3F, 0xFF, 0x0F, 0xFF, 
  0xE0, 0x00, 0x1F, 0xFF, 0xC3, 0xFF, 0xF8, 0x00, 0x0F, 0xFF, 0xE0, 0xFF, 
  0xFE, 0x00, 0x07, 0xFF, 0xF0, 0x3F, 0xFF, 0x80, 0x0F, 0xFF, 0xF8, 0x0F, 
  0xFF, 0xFF, 0xFF, 0xFF, 0xFC, 0x03, 0xFF, 0xFF, 0xFF, 0xFF, 0xFE, 0x00, 
  0xFF, 0xFF, 0xFF, 0xFF, 0xFE, 0x00, 0x3F, 0xFF, 0xFF, 0xFF, 0xFC, 0x00, 
  0x0F, 0xFF, 0xFF, 0xFF, 0xFF, 0xE0, 0x03, 0xFF, 0xFF, 0xFF, 0xFF, 0xFF, 
  0x00, 0xFF, 0xFF, 0xFF, 0xFF, 0xFF, 0xE0, 0x3F, 0xFF, 0xFF, 0xFF, 0xFF, 
  0xFE, 0x0F, 0xFF, 0xFF, 0xFF, 0xFF, 0xFF, 0xC3, 0xFF, 0xFF, 0xFF, 0xFF, 
  0xFF, 0xF8, 0xFF, 0xFE, 0x00, 0x03, 0xFF, 0xFF, 0x3F, 0xFF, 0x80, 0x00, 
  0x3F, 0xFF, 0xCF, 0xFF, 0xE0, 0x00, 0x07, 0xFF, 0xFB, 0xFF, 0xF8, 0x00, 
  0x00, 0xFF, 0xFE, 0xFF, 0xFE, 0x00, 0x00, 0x3F, 0xFF, 0xBF, 0xFF, 0x80, 
  0x00, 0x0F, 0xFF, 0xFF, 0xFF, 0xE0, 0x00, 0x01, 0xFF, 0xFF, 0xFF, 0xF8, 
  0x00, 0x00, 0x7F, 0xFF, 0xFF, 0xFE, 0x00, 0x00, 0x1F, 0xFF, 0xFF, 0xFF, 
  0x80, 0x00, 0x07, 0xFF, 0xFF, 0xFF, 0xE0, 0x00, 0x03, 0xFF, 0xFF, 0xFF, 
  0xF8, 0x00, 0x00, 0xFF, 0xFF, 0xFF, 0xFE, 0x00, 0x00, 0x7F, 0xFF, 0xFF, 
  0xFF, 0x80, 0x00, 0x1F, 0xFF, 0xFF, 0xFF, 0xE0, 0x00, 0x1F, 0xFF, 0xFB, 
  0xFF, 0xF8, 0x00, 0x1F, 0xFF, 0xFE, 0xFF, 0xFF, 0xFF, 0xFF, 0xFF, 0xFF, 
  0xBF, 0xFF, 0xFF, 0xFF, 0xFF, 0xFF, 0xCF, 0xFF, 0xFF, 0xFF, 0xFF, 0xFF, 
  0xE3, 0xFF, 0xFF, 0xFF, 0xFF, 0xFF, 0xF8, 0xFF, 0xFF, 0xFF, 0xFF, 0xFF, 
  0xFC, 0x3F, 0xFF, 0xFF, 0xFF, 0xFF, 0xFE, 0x0F, 0xFF, 0xFF, 0xFF, 0xFF, 
  0xFF, 0x03, 0xFF, 0xFF, 0xFF, 0xFF, 0xFF, 0x00, 0xFF, 0xFF, 0xFF, 0xFF, 
  0xFF, 0x00, 0x3F, 0xFF, 0xFF, 0xFF, 0xFF, 0x00, 0x0F, 0xFF, 0xFF, 0xFF, 
  0xFC, 0x00, 0x00, 0x00, 0x00, 0x01, 0xFC, 0x00, 0x00, 0x00, 0x00, 0x07, 
  0xFF, 0xFF, 0x00, 0x00, 0x00, 0x01, 0xFF, 0xFF, 0xFE, 0x00, 0x00, 0x00, 
  0xFF, 0xFF, 0xFF, 0xF8, 0x00, 0x00, 0x1F, 0xFF, 0xFF, 0xFF, 0xC0, 0x00, 
  0x07, 0xFF, 0xFF, 0xFF, 0xFF, 0x00, 0x00, 0xFF, 0xFF, 0xFF, 0xFF, 0xF8, 
  0x00, 0x1F, 0xFF, 0xFF, 0xFF, 0xFF, 0xC0, 0x03, 0xFF, 0xFF, 0xFF, 0xFF, 
  0xFE, 0x00, 0x7F, 0xFF, 0xFF, 0xFF, 0xFF, 0xF0, 0x07, 0xFF, 0xFF, 0xFF, 
  0xFF, 0xFF, 0x80, 0xFF, 0xFF, 0xFF, 0xFF, 0xFF, 0xF8, 0x1F, 0xFF, 0xFF, 
  0xFF, 0xFF, 0xFF, 0xC1, 0xFF, 0xFF, 0xE0, 0x1F, 0xFF, 0xFC, 0x3F, 0xFF, 
  0xF8, 0x00, 0x7F, 0xFF, 0xE3, 0xFF, 0xFE, 0x00, 0x03, 0xFF, 0xFE, 0x3F, 
  0xFF, 0xE0, 0x00, 0x1F, 0xFF, 0xE7, 0xFF, 0xFC, 0x00, 0x00, 0xFF, 0xFF, 
  0x7F, 0xFF, 0x80, 0x00, 0x0F, 0xFF, 0xF7, 0xFF, 0xF8, 0x00, 0x00, 0x7F, 
  0xFF, 0xFF, 0xFF, 0x00, 0x00, 0x07, 0xFF, 0xFF, 0xFF, 0xF0, 0x00, 0x00, 
  0x3F, 0xFF, 0xFF, 0xFF, 0x00, 0x00, 0x03, 0xFF, 0xFF, 0xFF, 0xF0, 0x00, 
  0x00, 0x3F, 0xFF, 0xFF, 0xFE, 0x00, 0x00, 0x03, 0xFF, 0xFF, 0xFF, 0xE0, 
  0x00, 0x00, 0x00, 0x00, 0xFF, 0xFE, 0x00, 0x00, 0x00, 0x00, 0x0F, 0xFF, 
  0xE0, 0x00, 0x00, 0x00, 0x00, 0xFF, 0xFE, 0x00, 0x00, 0x00, 0x00, 0x0F, 
  0xFF, 0xE0, 0x00, 0x00, 0x00, 0x00, 0xFF, 0xFE, 0x00, 0x00, 0x00, 0x00, 
  0x0F, 0xFF, 0xE0, 0x00, 0x00, 0x00, 0x00, 0xFF, 0xFE, 0x00, 0x00, 0x00, 
  0x00, 0x0F, 0xFF, 0xE0, 0x00, 0x00, 0x00, 0x00, 0xFF, 0xFE, 0x00, 0x00, 
  0x00, 0x00, 0x0F, 0xFF, 0xE0, 0x00, 0x00, 0x00, 0x00, 0xFF, 0xFE, 0x00, 
  0x00, 0x00, 0x00, 0x0F, 0xFF, 0xE0, 0x00, 0x00, 0x00, 0x00, 0xFF, 0xFE, 
  0x00, 0x00, 0x00, 0x00, 0x0F, 0xFF, 0xE0, 0x00, 0x00, 0x00, 0x00, 0xFF, 
  0xFE, 0x00, 0x00, 0x00, 0x00, 0x0F, 0xFF, 0xE0, 0x00, 0x00, 0x3F, 0xFF, 
  0xFF, 0xFF, 0x00, 0x00, 0x03, 0xFF, 0xFF, 0xFF, 0xF0, 0x00, 0x00, 0x3F, 
  0xFF, 0xFF, 0xFF, 0x00, 0x00, 0x07, 0xFF, 0xF7, 0xFF, 0xF8, 0x00, 0x00, 
  0x7F, 0xFF, 0x7F, 0xFF, 0x80, 0x00, 0x07, 0xFF, 0xF7, 0xFF, 0xF8, 0x00, 
  0x00, 0xFF, 0xFF, 0x7F, 0xFF, 0xC0, 0x00, 0x0F, 0xFF, 0xF3, 0xFF, 0xFE, 
  0x00, 0x01, 0xFF, 0xFE, 0x3F, 0xFF, 0xF0, 0x00, 0x3F, 0xFF, 0xE1, 0xFF, 
  0xFF, 0xC0, 0x0F, 0xFF, 0xFE, 0x1F, 0xFF, 0xFF, 0xCF, 0xFF, 0xFF, 0xC0, 
  0xFF, 0xFF, 0xFF, 0xFF, 0xFF, 0xFC, 0x0F, 0xFF, 0xFF, 0xFF, 0xFF, 0xFF, 
  0x80, 0x7F, 0xFF, 0xFF, 0xFF, 0xFF, 0xF0, 0x03, 0xFF, 0xFF, 0xFF, 0xFF, 
  0xFF, 0x00, 0x1F, 0xFF, 0xFF, 0xFF, 0xFF, 0xE0, 0x00, 0xFF, 0xFF, 0xFF, 
  0xFF, 0xFC, 0x00, 0x07, 0xFF, 0xFF, 0xFF, 0xFF, 0x80, 0x00, 0x3F, 0xFF, 
  0xFF, 0xFF, 0xE0, 0x00, 0x00, 0xFF, 0xFF, 0xFF, 0xFC, 0x00, 0x00, 0x03, 
  0xFF, 0xFF, 0xFF, 0x00, 0x00, 0x00, 0x0F, 0xFF, 0xFF, 0x80, 0x00, 0x00, 
  0x00, 0x0F, 0xFF, 0xC0, 0x00, 0x00, 0xFF, 0xFF, 0xFF, 0xF0, 0x00, 0x00, 
  0x07, 0xFF, 0xFF, 0xFF, 0xFE, 0x00, 0x00, 0x3F, 0xFF, 0xFF, 0xFF, 0xFE, 
  0x00, 0x01, 0xFF, 0xFF, 0xFF, 0xFF, 0xFE, 0x00, 0x0F, 0xFF, 0xFF, 0xFF, 
  0xFF, 0xF8, 0x00, 0x7F, 0xFF, 0xFF, 0xFF, 0xFF, 0xF0, 0x03, 0xFF, 0xFF, 
  0xFF, 0xFF, 0xFF, 0xC0, 0x1F, 0xFF, 0xFF, 0xFF, 0xFF, 0xFF, 0x00, 0xFF, 
  0xFF, 0xFF, 0xFF, 0xFF, 0xFC, 0x07, 0xFF, 0xFF, 0xFF, 0xFF, 0xFF, 0xF0, 
  0x3F, 0xFF, 0xFF, 0xFF, 0xFF, 0xFF, 0xC1, 0xFF, 0xFF, 0xFF, 0xFF, 0xFF, 
  0xFE, 0x0F, 0xFF, 0xE0, 0x0F, 0xFF, 0xFF, 0xF8, 0x7F, 0xFF, 0x00, 0x03, 
  0xFF, 0xFF, 0xC3, 0xFF, 0xF8, 0x00, 0x07, 0xFF, 0xFF, 0x1F, 0xFF, 0xC0, 
  0x00, 0x1F, 0xFF, 0xF8, 0xFF, 0xFE, 0x00, 0x00, 0x7F, 0xFF, 0xE7, 0xFF, 
  0xF0, 0x00, 0x01, 0xFF, 0xFF, 0x3F, 0xFF, 0x80, 0x00, 0x07, 0xFF, 0xF9, 
  0xFF, 0xFC, 0x00, 0x00, 0x3F, 0xFF, 0xEF, 0xFF, 0xE0, 0x00, 0x00, 0xFF, 
  0xFF, 0x7F, 0xFF, 0x00, 0x00, 0x07, 0xFF, 0xFB, 0xFF, 0xF8, 0x00, 0x00, 
  0x3F, 0xFF, 0xDF, 0xFF, 0xC0, 0x00, 0x00, 0xFF, 0xFE, 0xFF, 0xFE, 0x00, 
  0x00, 0x07, 0xFF, 0xFF, 0xFF, 0xF0, 0x00, 0x00, 0x3F, 0xFF, 0xFF, 0xFF, 
  0x80, 0x00, 0x01, 0xFF, 0xFF, 0xFF, 0xFC, 0x00, 0x00, 0x0F, 0xFF, 0xFF, 
  0xFF, 0xE0, 0x00, 0x00, 0x7F, 0xFF, 0xFF, 0xFF, 0x00, 0x00, 0x03, 0xFF, 
  0xFF, 0xFF, 0xF8, 0x00, 0x00, 0x1F, 0xFF, 0xFF, 0xFF, 0xC0, 0x00, 0x00, 
  0xFF, 0xFF, 0xFF, 0xFE, 0x00, 0x00, 0x07, 0xFF, 0xFF, 0xFF, 0xF0, 0x00, 
  0x00, 0x3F, 0xFF, 0xFF, 0xFF, 0x80, 0x00, 0x01, 0xFF, 0xFF, 0xFF, 0xFC, 
  0x00, 0x00, 0x0F, 0xFF, 0xFF, 0xFF, 0xE0, 0x00, 0x00, 0x7F, 0xFF, 0xFF, 
  0xFF, 0x00, 0x00, 0x03, 0xFF, 0xFF, 0xFF, 0xF8, 0x00, 0x00, 0x1F, 0xFF, 
  0xFF, 0xFF, 0xC0, 0x00, 0x00, 0xFF, 0xFE, 0xFF, 0xFE, 0x00, 0x00, 0x07, 
  0xFF, 0xF7, 0xFF, 0xF0, 0x00, 0x00, 0x7F, 0xFF, 0xBF, 0xFF, 0x80, 0x00, 
  0x03, 0xFF, 0xFD, 0xFF, 0xFC, 0x00, 0x00, 0x3F, 0xFF, 0xEF, 0xFF, 0xE0, 
  0x00, 0x01, 0xFF, 0xFE, 0x7F, 0xFF, 0x00, 0x00, 0x1F, 0xFF, 0xF3, 0xFF, 
  0xF8, 0x00, 0x00, 0xFF, 0xFF, 0x9F, 0xFF, 0xC0, 0x00, 0x0F, 0xFF, 0xF8, 
  0xFF, 0xFE, 0x00, 0x00, 0xFF, 0xFF, 0xC7, 0xFF, 0xF0, 0x00, 0x1F, 0xFF, 
  0xFC, 0x3F, 0xFF, 0x80, 0x07, 0xFF, 0xFF, 0xE1, 0xFF, 0xFF, 0xFF, 0xFF, 
  0xFF, 0xFE, 0x0F, 0xFF, 0xFF, 0xFF, 0xFF, 0xFF, 0xF0, 0x7F, 0xFF, 0xFF, 
  0xFF, 0xFF, 0xFF, 0x03, 0xFF, 0xFF, 0xFF, 0xFF, 0xFF, 0xF0, 0x1F, 0xFF, 
  0xFF, 0xFF, 0xFF, 0xFF, 0x00, 0xFF, 0xFF, 0xFF, 0xFF, 0xFF, 0xF0, 0x07, 
  0xFF, 0xFF, 0xFF, 0xFF, 0xFF, 0x00, 0x3F, 0xFF, 0xFF, 0xFF, 0xFF, 0xF0, 
  0x01, 0xFF, 0xFF, 0xFF, 0xFF, 0xFE, 0x00, 0x0F, 0xFF, 0xFF, 0xFF, 0xFF, 
  0xC0, 0x00, 0x7F, 0xFF, 0xFF, 0xFF, 0xF0, 0x00, 0x03, 0xFF, 0xFF, 0xFF, 
  0xF8, 0x00, 0x00, 0x00, 0xFF, 0xFF, 0xFF, 0xFF, 0xFF, 0xFF, 0xFF, 0xFF, 
  0xFF, 0xFF, 0xFF, 0xFF, 0xFF, 0xFF, 0xFF, 0xFF, 0xFF, 0xFF, 0xFF, 0xFF, 
  0xFF, 0xFF, 0xFF, 0xFF, 0xFF, 0xFF, 0xFF, 0xFF, 0xFF, 0xFF, 0xFF, 0xFF, 
  0xFF, 0xFF, 0xFF, 0xFF, 0xFF, 0xFF, 0xFF, 0xFF, 0xFF, 0xFF, 0xFF, 0xFF, 
  0xFF, 0xFF, 0xFF, 0xFF, 0xFF, 0xFF, 0xFF, 0xFF, 0xFF, 0xFF, 0xFF, 0xFF, 
  0xFF, 0xFF, 0xFF, 0xFF, 0xFF, 0xFF, 0xFF, 0xFF, 0xFE, 0x00, 0x00, 0x00, 
  0x3F, 0xFF, 0x80, 0x00, 0x00, 0x0F, 0xFF, 0xE0, 0x00, 0x00, 0x03, 0xFF, 
  0xF8, 0x00, 0x00, 0x00, 0xFF, 0xFE, 0x00, 0x00, 0x00, 0x3F, 0xFF, 0x80, 
  0x00, 0x00, 0x0F, 0xFF, 0xE0, 0x00, 0x00, 0x03, 0xFF, 0xF8, 0x00, 0x00, 
  0x00, 0xFF, 0xFE, 0x00, 0x00, 0x00, 0x3F, 0xFF, 0x80, 0x00, 0x00, 0x0F, 
  0xFF, 0xE0, 0x00, 0x00, 0x03, 0xFF, 0xF8, 0x00, 0x00, 0x00, 0xFF, 0xFE, 
  0x00, 0x00, 0x00, 0x3F, 0xFF, 0x80, 0x00, 0x00, 0x0F, 0xFF, 0xFF, 0xFF, 
  0xFF, 0xF3, 0xFF, 0xFF, 0xFF, 0xFF, 0xFC, 0xFF, 0xFF, 0xFF, 0xFF, 0xFF, 
  0x3F, 0xFF, 0xFF, 0xFF, 0xFF, 0xCF, 0xFF, 0xFF, 0xFF, 0xFF, 0xF3, 0xFF, 
  0xFF, 0xFF, 0xFF, 0xFC, 0xFF, 0xFF, 0xFF, 0xFF, 0xFF, 0x3F, 0xFF, 0xFF, 
  0xFF, 0xFF, 0xCF, 0xFF, 0xFF, 0xFF, 0xFF, 0xF3, 0xFF, 0xFF, 0xFF, 0xFF, 
  0xFC, 0xFF, 0xFF, 0xFF, 0xFF, 0xFF, 0x3F, 0xFF, 0x80, 0x00, 0x00, 0x0F, 
  0xFF, 0xE0, 0x00, 0x00, 0x03, 0xFF, 0xF8, 0x00, 0x00, 0x00, 0xFF, 0xFE, 
  0x00, 0x00, 0x00, 0x3F, 0xFF, 0x80, 0x00, 0x00, 0x0F, 0xFF, 0xE0, 0x00, 
  0x00, 0x03, 0xFF, 0xF8, 0x00, 0x00, 0x00, 0xFF, 0xFE, 0x00, 0x00, 0x00, 
  0x3F, 0xFF, 0x80, 0x00, 0x00, 0x0F, 0xFF, 0xE0, 0x00, 0x00, 0x03, 0xFF, 
  0xF8, 0x00, 0x00, 0x00, 0xFF, 0xFE, 0x00, 0x00, 0x00, 0x3F, 0xFF, 0x80, 
  0x00, 0x00, 0x0F, 0xFF, 0xE0, 0x00, 0x00, 0x03, 0xFF, 0xFF, 0xFF, 0xFF, 
  0xFF, 0xFF, 0xFF, 0xFF, 0xFF, 0xFF, 0xFF, 0xFF, 0xFF, 0xFF, 0xFF, 0xFF, 
  0xFF, 0xFF, 0xFF, 0xFF, 0xFF, 0xFF, 0xFF, 0xFF, 0xFF, 0xFF, 0xFF, 0xFF, 
  0xFF, 0xFF, 0xFF, 0xFF, 0xFF, 0xFF, 0xFF, 0xFF, 0xFF, 0xFF, 0xFF, 0xFF, 
  0xFF, 0xFF, 0xFF, 0xFF, 0xFF, 0xFF, 0xFF, 0xFF, 0xFF, 0xFF, 0xFF, 0xFF, 
  0xFF, 0xFF, 0xFF, 0xFF, 0xFF, 0xFF, 0xFF, 0xFF, 0xFF, 0xFF, 0xFC, 0xFF, 
  0xFF, 0xFF, 0xFF, 0xFF, 0xFF, 0xFF, 0xFF, 0xFF, 0xFF, 0xFF, 0xFF, 0xFF, 
  0xFF, 0xFF, 0xFF, 0xFF, 0xFF, 0xFF, 0xFF, 0xFF, 0xFF, 0xFF, 0xFF, 0xFF, 
  0xFF, 0xFF, 0xFF, 0xFF, 0xFF, 0xFF, 0xFF, 0xFF, 0xFF, 0xFF, 0xFF, 0xFF, 
  0xFF, 0xFF, 0xFF, 0xFF, 0xFF, 0xFF, 0xFF, 0xFF, 0xFF, 0xFF, 0xFF, 0xFF, 
  0xFF, 0xFF, 0xFF, 0xFF, 0xFF, 0xFF, 0xFF, 0xFF, 0xFF, 0xFF, 0xFF, 0xFF, 
  0xFF, 0xFF, 0xFF, 0xFF, 0xFF, 0xFF, 0xFF, 0xFF, 0xFF, 0x80, 0x00, 0x00, 
  0x0F, 0xFF, 0xE0, 0x00, 0x00, 0x03, 0xFF, 0xF8, 0x00, 0x00, 0x00, 0xFF, 
  0xFE, 0x00, 0x00, 0x00, 0x3F, 0xFF, 0x80, 0x00, 0x00, 0x0F, 0xFF, 0xE0, 
  0x00, 0x00, 0x03, 0xFF, 0xF8, 0x00, 0x00, 0x00, 0xFF, 0xFE, 0x00, 0x00, 
  0x00, 0x3F, 0xFF, 0x80, 0x00, 0x00, 0x0F, 0xFF, 0xE0, 0x00, 0x00, 0x03, 
  0xFF, 0xF8, 0x00, 0x00, 0x00, 0xFF, 0xFE, 0x00, 0x00, 0x00, 0x3F, 0xFF, 
  0x80, 0x00, 0x00, 0x0F, 0xFF, 0xE0, 0x00, 0x00, 0x03, 0xFF, 0xF8, 0x00, 
  0x00, 0x00, 0xFF, 0xFF, 0xFF, 0xFF, 0xFE, 0x3F, 0xFF, 0xFF, 0xFF, 0xFF, 
  0x8F, 0xFF, 0xFF, 0xFF, 0xFF, 0xE3, 0xFF, 0xFF, 0xFF, 0xFF, 0xF8, 0xFF, 
  0xFF, 0xFF, 0xFF, 0xFE, 0x3F, 0xFF, 0xFF, 0xFF, 0xFF, 0x8F, 0xFF, 0xFF, 
  0xFF, 0xFF, 0xE3, 0xFF, 0xFF, 0xFF, 0xFF, 0xF8, 0xFF, 0xFF, 0xFF, 0xFF, 
  0xFE, 0x3F, 0xFF, 0xFF, 0xFF, 0xFF, 0x8F, 0xFF, 0xFF, 0xFF, 0xFF, 0xE3, 
  0xFF, 0xF8, 0x00, 0x00, 0x00, 0xFF, 0xFE, 0x00, 0x00, 0x00, 0x3F, 0xFF, 
  0x80, 0x00, 0x00, 0x0F, 0xFF, 0xE0, 0x00, 0x00, 0x03, 0xFF, 0xF8, 0x00, 
  0x00, 0x00, 0xFF, 0xFE, 0x00, 0x00, 0x00, 0x3F, 0xFF, 0x80, 0x00, 0x00, 
  0x0F, 0xFF, 0xE0, 0x00, 0x00, 0x03, 0xFF, 0xF8, 0x00, 0x00, 0x00, 0xFF, 
  0xFE, 0x00, 0x00, 0x00, 0x3F, 0xFF, 0x80, 0x00, 0x00, 0x0F, 0xFF, 0xE0, 
  0x00, 0x00, 0x03, 0xFF, 0xF8, 0x00, 0x00, 0x00, 0xFF, 0xFE, 0x00, 0x00, 
  0x00, 0x3F, 0xFF, 0x80, 0x00, 0x00, 0x0F, 0xFF, 0xE0, 0x00, 0x00, 0x03, 
  0xFF, 0xF8, 0x00, 0x00, 0x00, 0xFF, 0xFE, 0x00, 0x00, 0x00, 0x3F, 0xFF, 
  0x80, 0x00, 0x00, 0x0F, 0xFF, 0xE0, 0x00, 0x00, 0x03, 0xFF, 0xF8, 0x00, 
  0x00, 0x00, 0xFF, 0xFE, 0x00, 0x00, 0x00, 0x3F, 0xFF, 0x80, 0x00, 0x00, 
  0x0F, 0xFF, 0xE0, 0x00, 0x00, 0x00, 0x00, 0x00, 0x01, 0xFC, 0x00, 0x00, 
  0x00, 0x00, 0x01, 0xFF, 0xFF, 0xC0, 0x00, 0x00, 0x00, 0x7F, 0xFF, 0xFF, 
  0x80, 0x00, 0x00, 0x0F, 0xFF, 0xFF, 0xFF, 0x80, 0x00, 0x01, 0xFF, 0xFF, 
  0xFF, 0xFE, 0x00, 0x00, 0x1F, 0xFF, 0xFF, 0xFF, 0xFC, 0x00, 0x03, 0xFF, 
  0xFF, 0xFF, 0xFF, 0xF0, 0x00, 0x3F, 0xFF, 0xFF, 0xFF, 0xFF, 0xC0, 0x03, 
  0xFF, 0xFF, 0xFF, 0xFF, 0xFF, 0x00, 0x3F, 0xFF, 0xFF, 0xFF, 0xFF, 0xFC, 
  0x01, 0xFF, 0xFF, 0xFF, 0xFF, 0xFF, 0xE0, 0x1F, 0xFF, 0xFF, 0xFF, 0xFF, 
  0xFF, 0x81, 0xFF, 0xFF, 0xFF, 0xFF, 0xFF, 0xFE, 0x0F, 0xFF, 0xFE, 0x00, 
  0x7F, 0xFF, 0xF0, 0xFF, 0xFF, 0xE0, 0x00, 0xFF, 0xFF, 0xC7, 0xFF, 0xFC, 
  0x00, 0x03, 0xFF, 0xFE, 0x3F, 0xFF, 0xC0, 0x00, 0x0F, 0xFF, 0xF3, 0xFF, 
  0xFE, 0x00, 0x00, 0x3F, 0xFF, 0xDF, 0xFF, 0xE0, 0x00, 0x01, 0xFF, 0xFE, 
  0xFF, 0xFE, 0x00, 0x00, 0x07, 0xFF, 0xFF, 0xFF, 0xF0, 0x00, 0x00, 0x3F, 
  0xFF, 0xFF, 0xFF, 0x80, 0x00, 0x01, 0xFF, 0xFF, 0xFF, 0xF8, 0x00, 0x00, 
  0x00, 0x00, 0x1F, 0xFF, 0xC0, 0x00, 0x00, 0x00, 0x00, 0xFF, 0xFE, 0x00, 
  0x00, 0x00, 0x00, 0x07, 0xFF, 0xF0, 0x00, 0x00, 0x00, 0x00, 0x3F, 0xFF, 
  0x80, 0x00, 0x00, 0x00, 0x01, 0xFF, 0xFC, 0x00, 0x00, 0x00, 0x00, 0x0F, 
  0xFF, 0xE0, 0x00, 0x00, 0x00, 0x00, 0x7F, 0xFF, 0x00, 0x00, 0x00, 0x00, 
  0x03, 0xFF, 0xF8, 0x00, 0x3F, 0xFF, 0xFF, 0xFF, 0xFF, 0xC0, 0x01, 0xFF, 
  0xFF, 0xFF, 0xFF, 0xFE, 0x00, 0x0F, 0xFF, 0xFF, 0xFF, 0xFF, 0xF0, 0x00, 
  0x7F, 0xFF, 0xFF, 0xFF, 0xFF, 0x80, 0x03, 0xFF, 0xFF, 0xFF, 0xFF, 0xFC, 
  0x00, 0x1F, 0xFF, 0xFF, 0xFF, 0xFF, 0xE0, 0x00, 0xFF, 0xFF, 0xFF, 0xFF, 
  0xFF, 0x00, 0x07, 0xFF, 0xFF, 0xFF, 0xFF, 0xF8, 0x00, 0x3F, 0xFF, 0xFF, 
  0xFF, 0xFF, 0xC0, 0x01, 0xFF, 0xFF, 0xFF, 0xFF, 0xFE, 0x00, 0x00, 0x01, 
  0xFF, 0xFF, 0xFF, 0xF0, 0x00, 0x00, 0x0F, 0xFF, 0xFF, 0xFF, 0x80, 0x00, 
  0x00, 0x7F, 0xFF, 0xFF, 0xFE, 0x00, 0x00, 0x03, 0xFF, 0xFF, 0xFF, 0xF0, 
  0x00, 0x00, 0x1F, 0xFF, 0xFF, 0xFF, 0x80, 0x00, 0x00, 0xFF, 0xFD, 0xFF, 
  0xFE, 0x00, 0x00, 0x0F, 0xFF, 0xEF, 0xFF, 0xF0, 0x00, 0x00, 0x7F, 0xFF, 
  0x7F, 0xFF, 0xC0, 0x00, 0x07, 0xFF, 0xF1, 0xFF, 0xFF, 0x00, 0x00, 0x7F, 
  0xFF, 0x8F, 0xFF, 0xFC, 0x00, 0x07, 0xFF, 0xFC, 0x3F, 0xFF, 0xF8, 0x00, 
  0xFF, 0xFF, 0xC1, 0xFF, 0xFF, 0xF8, 0x3F, 0xFF, 0xFE, 0x07, 0xFF, 0xFF, 
  0xFF, 0xFF, 0xFF, 0xE0, 0x3F, 0xFF, 0xFF, 0xFF, 0xFF, 0xFF, 0x00, 0xFF, 
  0xFF, 0xFF, 0xFF, 0xFF, 0xF0, 0x03, 0xFF, 0xFF, 0xFF, 0xFF, 0xFF, 0x00, 
  0x0F, 0xFF, 0xFF, 0xFF, 0xFF, 0xF0, 0x00, 0x3F, 0xFF, 0xFF, 0xFF, 0xFF, 
  0x00, 0x00, 0xFF, 0xFF, 0xFF, 0xFF, 0xF0, 0x00, 0x03, 0xFF, 0xFF, 0xFF, 
  0xFF, 0x00, 0x00, 0x07, 0xFF, 0xFF, 0xFF, 0xE0, 0x00, 0x00, 0x0F, 0xFF, 
  0xFF, 0xFC, 0x00, 0x00, 0x00, 0x1F, 0xFF, 0xFF, 0x80, 0x00, 0x00, 0x00, 
  0x0F, 0xFF, 0xC0, 0x00, 0x00, 0xFF, 0xFE, 0x00, 0x00, 0x03, 0xFF, 0xFF, 
  0xFF, 0xF0, 0x00, 0x00, 0x1F, 0xFF, 0xFF, 0xFF, 0x80, 0x00, 0x00, 0xFF, 
  0xFF, 0xFF, 0xFC, 0x00, 0x00, 0x07, 0xFF, 0xFF, 0xFF, 0xE0, 0x00, 0x00, 
  0x3F, 0xFF, 0xFF, 0xFF, 0x00, 0x00, 0x01, 0xFF, 0xFF, 0xFF, 0xF8, 0x00, 
  0x00, 0x0F, 0xFF, 0xFF, 0xFF, 0xC0, 0x00, 0x00, 0x7F, 0xFF, 0xFF, 0xFE, 
  0x00, 0x00, 0x03, 0xFF, 0xFF, 0xFF, 0xF0, 0x00, 0x00, 0x1F, 0xFF, 0xFF, 
  0xFF, 0x80, 0x00, 0x00, 0xFF, 0xFF, 0xFF, 0xFC, 0x00, 0x00, 0x07, 0xFF, 
  0xFF, 0xFF, 0xE0, 0x00, 0x00, 0x3F, 0xFF, 0xFF, 0xFF, 0x00, 0x00, 0x01, 
  0xFF, 0xFF, 0xFF, 0xF8, 0x00, 0x00, 0x0F, 0xFF, 0xFF, 0xFF, 0xC0, 0x00, 
  0x00, 0x7F, 0xFF, 0xFF, 0xFE, 0x00, 0x00, 0x03, 0xFF, 0xFF, 0xFF, 0xF0, 
  0x00, 0x00, 0x1F, 0xFF, 0xFF, 0xFF, 0x80, 0x00, 0x00, 0xFF, 0xFF, 0xFF, 
  0xFC, 0x00, 0x00, 0x07, 0xFF, 0xFF, 0xFF, 0xE0, 0x00, 0x00, 0x3F, 0xFF, 
  0xFF, 0xFF, 0x00, 0x00, 0x01, 0xFF, 0xFF, 0xFF, 0xF8, 0x00, 0x00, 0x0F, 
  0xFF, 0xFF, 0xFF, 0xC0, 0x00, 0x00, 0x7F, 0xFF, 0xFF, 0xFE, 0x00, 0x00, 
  0x03, 0xFF, 0xFF, 0xFF, 0xFF, 0xFF, 0xFF, 0xFF, 0xFF, 0xFF, 0xFF, 0xFF, 
  0xFF, 0xFF, 0xFF, 0xFF, 0xFF, 0xFF, 0xFF, 0xFF, 0xFF, 0xFF, 0xFF, 0xFF, 
  0xFF, 0xFF, 0xFF, 0xFF, 0xFF, 0xFF, 0xFF, 0xFF, 0xFF, 0xFF, 0xFF, 0xFF, 
  0xFF, 0xFF, 0xFF, 0xFF, 0xFF, 0xFF, 0xFF, 0xFF, 0xFF, 0xFF, 0xFF, 0xFF, 
  0xFF, 0xFF, 0xFF, 0xFF, 0xFF, 0xFF, 0xFF, 0xFF, 0xFF, 0xFF, 0xFF, 0xFF, 
  0xFF, 0xFF, 0xFF, 0xFF, 0xFF, 0xFF, 0xFF, 0xFF, 0xFF, 0xFF, 0xFF, 0xFF, 
  0xFF, 0xFF, 0xFF, 0xFF, 0xFF, 0xFF, 0xFF, 0xFF, 0xFF, 0xFF, 0xFF, 0xFF, 
  0x00, 0x00, 0x01, 0xFF, 0xFF, 0xFF, 0xF8, 0x00, 0x00, 0x0F, 0xFF, 0xFF, 
  0xFF, 0xC0, 0x00, 0x00, 0x7F, 0xFF, 0xFF, 0xFE, 0x00, 0x00, 0x03, 0xFF, 
  0xFF, 0xFF, 0xF0, 0x00, 0x00, 0x1F, 0xFF, 0xFF, 0xFF, 0x80, 0x00, 0x00, 
  0xFF, 0xFF, 0xFF, 0xFC, 0x00, 0x00, 0x07, 0xFF, 0xFF, 0xFF, 0xE0, 0x00, 
  0x00, 0x3F, 0xFF, 0xFF, 0xFF, 0x00, 0x00, 0x01, 0xFF, 0xFF, 0xFF, 0xF8, 
  0x00, 0x00, 0x0F, 0xFF, 0xFF, 0xFF, 0xC0, 0x00, 0x00, 0x7F, 0xFF, 0xFF, 
  0xFE, 0x00, 0x00, 0x03, 0xFF, 0xFF, 0xFF, 0xF0, 0x00, 0x00, 0x1F, 0xFF, 
  0xFF, 0xFF, 0x80, 0x00, 0x00, 0xFF, 0xFF, 0xFF, 0xFC, 0x00, 0x00, 0x07, 
  0xFF, 0xFF, 0xFF, 0xE0, 0x00, 0x00, 0x3F, 0xFF, 0xFF, 0xFF, 0x00, 0x00, 
  0x01, 0xFF, 0xFF, 0xFF, 0xF8, 0x00, 0x00, 0x0F, 0xFF, 0xFF, 0xFF, 0xC0, 
  0x00, 0x00, 0x7F, 0xFF, 0xFF, 0xFE, 0x00, 0x00, 0x03, 0xFF, 0xFF, 0xFF, 
  0xF0, 0x00, 0x00, 0x1F, 0xFF, 0xFF, 0xFF, 0x80, 0x00, 0x00, 0xFF, 0xFF, 
  0xFF, 0xFC, 0x00, 0x00, 0x07, 0xFF, 0xFF, 0xFF, 0xE0, 0x00, 0x00, 0x3F, 
  0xFF, 0xFF, 0xFF, 0x00, 0x00, 0x01, 0xFF, 0xFF, 0xFF, 0xF8, 0x00, 0x00, 
  0x0F, 0xFF, 0xE0, 0xFF, 0xFF, 0xFF, 0xFF, 0xFF, 0xFF, 0xFF, 0xFF, 0xFF, 
  0xFF, 0xFF, 0xFF, 0xFF, 0xFF, 0xFF, 0xFF, 0xFF, 0xFF, 0xFF, 0xFF, 0xFF, 
  0xFF, 0xFF, 0xFF, 0xFF, 0xFF, 0xFF, 0xFF, 0xFF, 0xFF, 0xFF, 0xFF, 0xFF, 
  0xFF, 0xFF, 0xFF, 0xFF, 0xFF, 0xFF, 0xFF, 0xFF, 0xFF, 0xFF, 0xFF, 0xFF, 
  0xFF, 0xFF, 0xFF, 0xFF, 0xFF, 0xFF, 0xFF, 0xFF, 0xFF, 0xFF, 0xFF, 0xFF, 
  0xFF, 0xFF, 0xFF, 0xFF, 0xFF, 0xFF, 0xFF, 0xFF, 0xFF, 0xFF, 0xFF, 0xFF, 
  0xFF, 0xFF, 0xFF, 0xFF, 0xFF, 0xFF, 0xFF, 0xFF, 0xFF, 0xFF, 0xFF, 0xFF, 
  0xFF, 0xFF, 0xFF, 0xFF, 0xFF, 0xFF, 0xFF, 0xFF, 0xFF, 0xFF, 0xFF, 0xFF, 
  0xFF, 0xFF, 0xFF, 0xFF, 0xFF, 0xFF, 0xFF, 0xFF, 0xFF, 0xFF, 0xFF, 0xFF, 
  0xFF, 0xFF, 0xFF, 0xFF, 0xFF, 0xFF, 0xFF, 0xFF, 0xFF, 0xFF, 0xFF, 0xFF, 
  0xFF, 0x80, 0x00, 0x00, 0x00, 0x03, 0xFF, 0xF8, 0x00, 0x00, 0x00, 0x1F, 
  0xFF, 0xC0, 0x00, 0x00, 0x00, 0xFF, 0xFE, 0x00, 0x00, 0x00, 0x07, 0xFF, 
  0xF0, 0x00, 0x00, 0x00, 0x3F, 0xFF, 0x80, 0x00, 0x00, 0x01, 0xFF, 0xFC, 
  0x00, 0x00, 0x00, 0x0F, 0xFF, 0xE0, 0x00, 0x00, 0x00, 0x7F, 0xFF, 0x00, 
  0x00, 0x00, 0x03, 0xFF, 0xF8, 0x00, 0x00, 0x00, 0x1F, 0xFF, 0xC0, 0x00, 
  0x00, 0x00, 0xFF, 0xFE, 0x00, 0x00, 0x00, 0x07, 0xFF, 0xF0, 0x00, 0x00, 
  0x00, 0x3F, 0xFF, 0x80, 0x00, 0x00, 0x01, 0xFF, 0xFC, 0x00, 0x00, 0x00, 
  0x0F, 0xFF, 0xE0, 0x00, 0x00, 0x00, 0x7F, 0xFF, 0x00, 0x00, 0x00, 0x03, 
  0xFF, 0xF8, 0x00, 0x00, 0x00, 0x1F, 0xFF, 0xC0, 0x00, 0x00, 0x00, 0xFF, 
  0xFE, 0x00, 0x00, 0x00, 0x07, 0xFF, 0xF0, 0x00, 0x00, 0x00, 0x3F, 0xFF, 
  0x80, 0x00, 0x00, 0x01, 0xFF, 0xFC, 0x00, 0x00, 0x00, 0x0F, 0xFF, 0xE0, 
  0x00, 0x00, 0x00, 0x7F, 0xFF, 0x00, 0x00, 0x00, 0x03, 0xFF, 0xF8, 0x00, 
  0x00, 0x00, 0x1F, 0xFF, 0xC0, 0x00, 0x00, 0x00, 0xFF, 0xFE, 0x00, 0x00, 
  0x00, 0x07, 0xFF, 0xF0, 0x00, 0x00, 0x00, 0x3F, 0xFF, 0x80, 0x00, 0x00, 
  0x01, 0xFF, 0xFC, 0x00, 0x00, 0x00, 0x0F, 0xFF, 0xE0, 0x00, 0x00, 0x00, 
  0x7F, 0xFF, 0x00, 0x00, 0x00, 0x03, 0xFF, 0xF8, 0x00, 0x00, 0x00, 0x1F, 
  0xFF, 0xC0, 0x00, 0x00, 0x00, 0xFF, 0xFE, 0x00, 0x00, 0x00, 0x07, 0xFF, 
  0xF0, 0x00, 0x00, 0x00, 0x3F, 0xFF, 0x80, 0x00, 0x00, 0x01, 0xFF, 0xFC, 
  0x00, 0x00, 0x00, 0x0F, 0xFF, 0xE0, 0x00, 0x00, 0x00, 0x7F, 0xFF, 0x00, 
  0x00, 0x00, 0x03, 0xFF, 0xF8, 0x00, 0x00, 0x00, 0x1F, 0xFF, 0xC0, 0x00, 
  0x00, 0x00, 0xFF, 0xFF, 0xFF, 0xFC, 0x00, 0x07, 0xFF, 0xFF, 0xFF, 0xE0, 
  0x00, 0x3F, 0xFF, 0xFF, 0xFF, 0x00, 0x03, 0xFF, 0xFF, 0xFF, 0xF8, 0x00, 
  0x1F, 0xFF, 0xEF, 0xFF, 0xE0, 0x00, 0xFF, 0xFF, 0x7F, 0xFF, 0x80, 0x0F, 
  0xFF, 0xF3, 0xFF, 0xFE, 0x00, 0xFF, 0xFF, 0x9F, 0xFF, 0xFC, 0x1F, 0xFF, 
  0xFC, 0x7F, 0xFF, 0xFF, 0xFF, 0xFF, 0xE3, 0xFF, 0xFF, 0xFF, 0xFF, 0xFE, 
  0x0F, 0xFF, 0xFF, 0xFF, 0xFF, 0xF0, 0x7F, 0xFF, 0xFF, 0xFF, 0xFF, 0x01, 
  0xFF, 0xFF, 0xFF, 0xFF, 0xF8, 0x07, 0xFF, 0xFF, 0xFF, 0xFF, 0x80, 0x3F, 
  0xFF, 0xFF, 0xFF, 0xF8, 0x00, 0xFF, 0xFF, 0xFF, 0xFF, 0x80, 0x01, 0xFF, 
  0xFF, 0xFF, 0xF8, 0x00, 0x07, 0xFF, 0xFF, 0xFF, 0x80, 0x00, 0x0F, 0xFF, 
  0xFF, 0xF0, 0x00, 0x00, 0x1F, 0xFF, 0xFE, 0x00, 0x00, 0x00, 0x1F, 0xFF, 
  0x00, 0x00, 0xFF, 0xFE, 0x00, 0x00, 0x07, 0xFF, 0xFF, 0xFF, 0xF8, 0x00, 
  0x00, 0x1F, 0xFF, 0xEF, 0xFF, 0xE0, 0x00, 0x00, 0xFF, 0xFF, 0x3F, 0xFF, 
  0x80, 0x00, 0x07, 0xFF, 0xF8, 0xFF, 0xFE, 0x00, 0x00, 0x3F, 0xFF, 0xC3, 
  0xFF, 0xF8, 0x00, 0x01, 0xFF, 0xFF, 0x0F, 0xFF, 0xE0, 0x00, 0x0F, 0xFF, 
  0xF8, 0x3F, 0xFF, 0x80, 0x00, 0x3F, 0xFF, 0xC0, 0xFF, 0xFE, 0x00, 0x01, 
  0xFF, 0xFE, 0x03, 0xFF, 0xF8, 0x00, 0x0F, 0xFF, 0xF0, 0x0F, 0xFF, 0xE0, 
  0x00, 0x7F, 0xFF, 0xC0, 0x3F, 0xFF, 0x80, 0x03, 0xFF, 0xFE, 0x00, 0xFF, 
  0xFE, 0x00, 0x0F, 0xFF, 0xF0, 0x03, 0xFF, 0xF8, 0x00, 0x7F, 0xFF, 0x80, 
  0x0F, 0xFF, 0xE0, 0x03, 0xFF, 0xFC, 0x00, 0x3F, 0xFF, 0x80, 0x1F, 0xFF, 
  0xF0, 0x00, 0xFF, 0xFE, 0x00, 0xFF, 0xFF, 0x80, 0x03, 0xFF, 0xF8, 0x03, 
  0xFF, 0xFC, 0x00, 0x0F, 0xFF, 0xE0, 0x1F, 0xFF, 0xE0, 0x00, 0x3F, 0xFF, 
  0x80, 0xFF, 0xFF, 0x00, 0x00, 0xFF, 0xFE, 0x07, 0xFF, 0xFC, 0x00, 0x03, 
  0xFF, 0xF8, 0x3F, 0xFF, 0xE0, 0x00, 0x0F, 0xFF, 0xE0, 0xFF, 0xFF, 0x00, 
  0x00, 0x3F, 0xFF, 0x87, 0xFF, 0xF8, 0x00, 0x00, 0xFF, 0xFE, 0x3F, 0xFF, 
  0xC0, 0x00, 0x03, 0xFF, 0xF9, 0xFF, 0xFF, 0x00, 0x00, 0x0F, 0xFF, 0xEF, 
  0xFF, 0xF8, 0x00, 0x00, 0x3F, 0xFF, 0xFF, 0xFF, 0xC0, 0x00, 0x00, 0xFF, 
  0xFF, 0xFF, 0xFF, 0x80, 0x00, 0x03, 0xFF, 0xFF, 0xFF, 0xFE, 0x00, 0x00, 
  0x0F, 0xFF, 0xFF, 0xFF, 0xFC, 0x00, 0x00, 0x3F, 0xFF, 0xFF, 0xFF, 0xF0, 
  0x00, 0x00, 0xFF, 0xFF, 0xFF, 0xFF, 0xE0, 0x00, 0x03, 0xFF, 0xFF, 0xFF, 
  0xFF, 0xC0, 0x00, 0x0F, 0xFF, 0xFF, 0xFF, 0xFF, 0x00, 0x00, 0x3F, 0xFF, 
  0xFF, 0xFF, 0xFE, 0x00, 0x00, 0xFF, 0xFF, 0xFF, 0xFF, 0xFC, 0x00, 0x03, 
  0xFF, 0xFF, 0xFF, 0xFF, 0xF0, 0x00, 0x0F, 0xFF, 0xFF, 0x7F, 0xFF, 0xE0, 
  0x00, 0x3F, 0xFF, 0xF8, 0xFF, 0xFF, 0xC0, 0x00, 0xFF, 0xFF, 0xC1, 0xFF, 
  0xFF, 0x00, 0x03, 0xFF, 0xFF, 0x07, 0xFF, 0xFE, 0x00, 0x0F, 0xFF, 0xF8, 
  0x0F, 0xFF, 0xF8, 0x00, 0x3F, 0xFF, 0xC0, 0x1F, 0xFF, 0xF0, 0x00, 0xFF, 
  0xFE, 0x00, 0x7F, 0xFF, 0xE0, 0x03, 0xFF, 0xF8, 0x00, 0xFF, 0xFF, 0x80, 
  0x0F, 0xFF, 0xE0, 0x03, 0xFF, 0xFF, 0x00, 0x3F, 0xFF, 0x80, 0x07, 0xFF, 
  0xFE, 0x00, 0xFF, 0xFE, 0x00, 0x0F, 0xFF, 0xF8, 0x03, 0xFF, 0xF8, 0x00, 
  0x3F, 0xFF, 0xF0, 0x0F, 0xFF, 0xE0, 0x00, 0x7F, 0xFF, 0xE0, 0x3F, 0xFF, 
  0x80, 0x01, 0xFF, 0xFF, 0x80, 0xFF, 0xFE, 0x00, 0x03, 0xFF, 0xFF, 0x03, 
  0xFF, 0xF8, 0x00, 0x07, 0xFF, 0xFC, 0x0F, 0xFF, 0xE0, 0x00, 0x1F, 0xFF, 
  0xF8, 0x3F, 0xFF, 0x80, 0x00, 0x3F, 0xFF, 0xF0, 0xFF, 0xFE, 0x00, 0x00, 
  0x7F, 0xFF, 0xC3, 0xFF, 0xF8, 0x00, 0x01, 0xFF, 0xFF, 0x8F, 0xFF, 0xE0, 
  0x00, 0x03, 0xFF, 0xFF, 0x3F, 0xFF, 0x80, 0x00, 0x0F, 0xFF, 0xFC, 0xFF, 
  0xFE, 0x00, 0x00, 0x1F, 0xFF, 0xFB, 0xFF, 0xF8, 0x00, 0x00, 0x3F, 0xFF, 
  0xFF, 0xFF, 0xE0, 0x00, 0x00, 0xFF, 0xFF, 0xC0, 0xFF, 0xFE, 0x00, 0x00, 
  0x00, 0xFF, 0xFE, 0x00, 0x00, 0x00, 0xFF, 0xFE, 0x00, 0x00, 0x00, 0xFF, 
  0xFE, 0x00, 0x00, 0x00, 0xFF, 0xFE, 0x00, 0x00, 0x00, 0xFF, 0xFE, 0x00, 
  0x00, 0x00, 0xFF, 0xFE, 0x00, 0x00, 0x00, 0xFF, 0xFE, 0x00, 0x00, 0x00, 
  0xFF, 0xFE, 0x00, 0x00, 0x00, 0xFF, 0xFE, 0x00, 0x00, 0x00, 0xFF, 0xFE, 
  0x00, 0x00, 0x00, 0xFF, 0xFE, 0x00, 0x00, 0x00, 0xFF, 0xFE, 0x00, 0x00, 
  0x00, 0xFF, 0xFE, 0x00, 0x00, 0x00, 0xFF, 0xFE, 0x00, 0x00, 0x00, 0xFF, 
  0xFE, 0x00, 0x00, 0x00, 0xFF, 0xFE, 0x00, 0x00, 0x00, 0xFF, 0xFE, 0x00, 
  0x00, 0x00, 0xFF, 0xFE, 0x00, 0x00, 0x00, 0xFF, 0xFE, 0x00, 0x00, 0x00, 
  0xFF, 0xFE, 0x00, 0x00, 0x00, 0xFF, 0xFE, 0x00, 0x00, 0x00, 0xFF, 0xFE, 
  0x00, 0x00, 0x00, 0xFF, 0xFE, 0x00, 0x00, 0x00, 0xFF, 0xFE, 0x00, 0x00, 
  0x00, 0xFF, 0xFE, 0x00, 0x00, 0x00, 0xFF, 0xFE, 0x00, 0x00, 0x00, 0xFF, 
  0xFE, 0x00, 0x00, 0x00, 0xFF, 0xFE, 0x00, 0x00, 0x00, 0xFF, 0xFE, 0x00, 
  0x00, 0x00, 0xFF, 0xFE, 0x00, 0x00, 0x00, 0xFF, 0xFE, 0x00, 0x00, 0x00, 
  0xFF, 0xFE, 0x00, 0x00, 0x00, 0xFF, 0xFE, 0x00, 0x00, 0x00, 0xFF, 0xFE, 
  0x00, 0x00, 0x00, 0xFF, 0xFE, 0x00, 0x00, 0x00, 0xFF, 0xFE, 0x00, 0x00, 
  0x00, 0xFF, 0xFE, 0x00, 0x00, 0x00, 0xFF, 0xFE, 0x00, 0x00, 0x00, 0xFF, 
  0xFE, 0x00, 0x00, 0x00, 0xFF, 0xFE, 0x00, 0x00, 0x00, 0xFF, 0xFE, 0x00, 
  0x00, 0x00, 0xFF, 0xFE, 0x00, 0x00, 0x00, 0xFF, 0xFE, 0x00, 0x00, 0x00, 
  0xFF, 0xFE, 0x00, 0x00, 0x00, 0xFF, 0xFE, 0x00, 0x00, 0x00, 0xFF, 0xFE, 
  0x00, 0x00, 0x00, 0xFF, 0xFE, 0x00, 0x00, 0x00, 0xFF, 0xFE, 0x00, 0x00, 
  0x00, 0xFF, 0xFE, 0x00, 0x00, 0x00, 0xFF, 0xFF, 0xFF, 0xFF, 0xFF, 0xFF, 
  0xFF, 0xFF, 0xFF, 0xFF, 0xFF, 0xFF, 0xFF, 0xFF, 0xFF, 0xFF, 0xFF, 0xFF, 
  0xFF, 0xFF, 0xFF, 0xFF, 0xFF, 0xFF, 0xFF, 0xFF, 0xFF, 0xFF, 0xFF, 0xFF, 
  0xFF, 0xFF, 0xFF, 0xFF, 0xFF, 0xFF, 0xFF, 0xFF, 0xFF, 0xFF, 0xFF, 0xFF, 
  0xFF, 0xFF, 0xFF, 0xFF, 0xFF, 0xFF, 0xFF, 0xFF, 0xFF, 0xFF, 0xFF, 0xFF, 
  0xFF, 0xFF, 0xFF, 0xFF, 0xFF, 0xFF, 0xFF, 0xFF, 0xFF, 0xFF, 0xFF, 0xFF, 
  0xFF, 0x00, 0x00, 0x00, 0x00, 0xFF, 0xFF, 0xFF, 0xFF, 0x00, 0x00, 0x00, 
  0x00, 0xFF, 0xFF, 0xFF, 0xFF, 0x80, 0x00, 0x00, 0x01, 0xFF, 0xFF, 0xFF, 
  0xFF, 0x80, 0x00, 0x00, 0x01, 0xFF, 0xFF, 0xFF, 0xFF, 0xC0, 0x00, 0x00, 
  0x01, 0xFF, 0xFF, 0xFF, 0xFF, 0xC0, 0x00, 0x00, 0x03, 0xFF, 0xFF, 0xFF, 
  0xFF, 0xE0, 0x00, 0x00, 0x03, 0xFF, 0xFF, 0xFF, 0xFF, 0xE0, 0x00, 0x00, 
  0x07, 0xFF, 0xFF, 0xFF, 0xFF, 0xF0, 0x00, 0x00, 0x07, 0xFF, 0xFF, 0xFF, 
  0xFF, 0xF0, 0x00, 0x00, 0x0F, 0xFF, 0xFF, 0xFF, 0xFF, 0xF0, 0x00, 0x00, 
  0x0F, 0xFF, 0xFF, 0xFF, 0xFF, 0xF8, 0x00, 0x00, 0x1F, 0xFF, 0xFF, 0xFF, 
  0xFF, 0xF8, 0x00, 0x00, 0x1F, 0xFF, 0xFF, 0xFF, 0xFF, 0xFC, 0x00, 0x00, 
  0x3F, 0xFF, 0xFF, 0xFF, 0xFF, 0xFC, 0x00, 0x00, 0x3F, 0xFF, 0xFF, 0xFF, 
  0xFF, 0xFE, 0x00, 0x00, 0x3F, 0xFF, 0xFF, 0xFF, 0xFF, 0xFE, 0x00, 0x00, 
  0x7F, 0xFF, 0xFF, 0xFF, 0xFF, 0xFF, 0x00, 0x00, 0x7F, 0xFF, 0xFF, 0xFF, 
  0xFF, 0xFF, 0x00, 0x00, 0xFF, 0xFF, 0xFF, 0xFF, 0xFF, 0xFF, 0x80, 0x00, 
  0xFF, 0xFF, 0xFF, 0xFF, 0xFF, 0xFF, 0x80, 0x01, 0xFF, 0xFF, 0xFF, 0xFF, 
  0xFF, 0xFF, 0x80, 0x01, 0xFF, 0xFF, 0xFF, 0xFF, 0xFF, 0xFF, 0xC0, 0x03, 
  0xFF, 0xFF, 0xFF, 0xFF, 0xFF, 0xFF, 0xC0, 0x03, 0xFF, 0xFF, 0xFF, 0xFF, 
  0xFF, 0xFF, 0xE0, 0x07, 0xFF, 0xFF, 0xFF, 0xFF, 0xFD, 0xFF, 0xE0, 0x07, 
  0xFF, 0xBF, 0xFF, 0xFF, 0xFD, 0xFF, 0xF0, 0x07, 0xFF, 0xBF, 0xFF, 0xFF, 
  0xFC, 0xFF, 0xF0, 0x0F, 0xFF, 0x3F, 0xFF, 0xFF, 0xFC, 0xFF, 0xF8, 0x0F, 
  0xFF, 0x3F, 0xFF, 0xFF, 0xFC, 0x7F, 0xF8, 0x1F, 0xFE, 0x3F, 0xFF, 0xFF, 
  0xFC, 0x7F, 0xFC, 0x1F, 0xFE, 0x3F, 0xFF, 0xFF, 0xFC, 0x3F, 0xFC, 0x3F, 
  0xFC, 0x3F, 0xFF, 0xFF, 0xFC, 0x3F, 0xFC, 0x3F, 0xFC, 0x3F, 0xFF, 0xFF, 
  0xFC, 0x1F, 0xFE, 0x7F, 0xFC, 0x3F, 0xFF, 0xFF, 0xFC, 0x1F, 0xFE, 0x7F, 
  0xF8, 0x3F, 0xFF, 0xFF, 0xFC, 0x1F, 0xFF, 0xFF, 0xF8, 0x3F, 0xFF, 0xFF, 
  0xFC, 0x0F, 0xFF, 0xFF, 0xF0, 0x3F, 0xFF, 0xFF, 0xFC, 0x0F, 0xFF, 0xFF, 
  0xF0, 0x3F, 0xFF, 0xFF, 0xFC, 0x07, 0xFF, 0xFF, 0xE0, 0x3F, 0xFF, 0xFF, 
  0xFC, 0x07, 0xFF, 0xFF, 0xE0, 0x3F, 0xFF, 0xFF, 0xFC, 0x03, 0xFF, 0xFF, 
  0xC0, 0x3F, 0xFF, 0xFF, 0xFC, 0x03, 0xFF, 0xFF, 0xC0, 0x3F, 0xFF, 0xFF, 
  0xFC, 0x01, 0xFF, 0xFF, 0x80, 0x3F, 0xFF, 0xFF, 0xFC, 0x01, 0xFF, 0xFF, 
  0x80, 0x3F, 0xFF, 0xFF, 0xFC, 0x01, 0xFF, 0xFF, 0x80, 0x3F, 0xFF, 0xFF, 
  0xFC, 0x00, 0xFF, 0xFF, 0x00, 0x3F, 0xFF, 0xFF, 0xFC, 0x00, 0xFF, 0xFF, 
  0x00, 0x3F, 0xFF, 0xFF, 0xFC, 0x00, 0x7F, 0xFE, 0x00, 0x3F, 0xFF, 0xFF, 
  0xFC, 0x00, 0x7F, 0xFE, 0x00, 0x3F, 0xFF, 0xFF, 0xFC, 0x00, 0x3F, 0xFC, 
  0x00, 0x3F, 0xFF, 0xFF, 0xFC, 0x00, 0x3F, 0xFC, 0x00, 0x3F, 0xFF, 0xFF, 
  0xFC, 0x00, 0x1F, 0xF8, 0x00, 0x3F, 0xFF, 0xFF, 0xFC, 0x00, 0x1F, 0xF8, 
  0x00, 0x3F, 0xFF, 0xFF, 0xFC, 0x00, 0x0F, 0xF8, 0x00, 0x3F, 0xFF, 0xFF, 
  0xFC, 0x00, 0x00, 0x00, 0x00, 0x3F, 0xFF, 0xFF, 0xFC, 0x00, 0x00, 0x00, 
  0x00, 0x3F, 0xFF, 0xFF, 0xFC, 0x00, 0x00, 0x00, 0x00, 0x3F, 0xFF, 0xFF, 
  0xFC, 0x00, 0x00, 0x00, 0x00, 0x3F, 0xFF, 0xFF, 0xFC, 0x00, 0x00, 0x00, 
  0x00, 0x3F, 0xFF, 0xFF, 0xFC, 0x00, 0x00, 0x00, 0x00, 0x3F, 0xFF, 0xFF, 
  0xFC, 0x00, 0x00, 0x00, 0x00, 0x3F, 0xFF, 0xFF, 0xFC, 0x00, 0x00, 0x00, 
  0x00, 0x3F, 0xFF, 0xFF, 0xFC, 0x00, 0x00, 0x00, 0x00, 0x3F, 0xFF, 0xFF, 
  0xF0, 0x00, 0x00, 0x03, 0xFF, 0xFF, 0xFF, 0x80, 0x00, 0x00, 0x3F, 0xFF, 
  0xFF, 0xFC, 0x00, 0x00, 0x03, 0xFF, 0xFF, 0xFF, 0xC0, 0x00, 0x00, 0x3F, 
  0xFF, 0xFF, 0xFE, 0x00, 0x00, 0x03, 0xFF, 0xFF, 0xFF, 0xF0, 0x00, 0x00, 
  0x3F, 0xFF, 0xFF, 0xFF, 0x00, 0x00, 0x03, 0xFF, 0xFF, 0xFF, 0xF8, 0x00, 
  0x00, 0x3F, 0xFF, 0xFF, 0xFF, 0xC0, 0x00, 0x03, 0xFF, 0xFF, 0xFF, 0xFC, 
  0x00, 0x00, 0x3F, 0xFF, 0xFF, 0xFF, 0xE0, 0x00, 0x03, 0xFF, 0xFF, 0xFF, 
  0xFF, 0x00, 0x00, 0x3F, 0xFF, 0xFF, 0xFF, 0xF0, 0x00, 0x03, 0xFF, 0xFF, 
  0xFF, 0xFF, 0x80, 0x00, 0x3F, 0xFF, 0xFF, 0xFF, 0xFC, 0x00, 0x03, 0xFF, 
  0xFF, 0xFF, 0xFF, 0xC0, 0x00, 0x3F, 0xFF, 0xFF, 0xFF, 0xFE, 0x00, 0x03, 
  0xFF, 0xFF, 0xFF, 0xFF, 0xF0, 0x00, 0x3F, 0xFF, 0xFF, 0xFF, 0xFF, 0x00, 
  0x03, 0xFF, 0xFF, 0xFF, 0xFF, 0xF8, 0x00, 0x3F, 0xFF, 0xFF, 0xFF, 0xFF, 
  0xC0, 0x03, 0xFF, 0xFF, 0xFF, 0xFF, 0xFC, 0x00, 0x3F, 0xFF, 0xFF, 0xFF, 
  0xFF, 0xE0, 0x03, 0xFF, 0xFF, 0xFF, 0xFF, 0xFF, 0x00, 0x3F, 0xFF, 0xFF, 
  0xFF, 0xFF, 0xF0, 0x03, 0xFF, 0xFF, 0xFF, 0xFF, 0xFF, 0x80, 0x3F, 0xFF, 
  0xFF, 0xFD, 0xFF, 0xFC, 0x03, 0xFF, 0xFF, 0xFF, 0xCF, 0xFF, 0xE0, 0x3F, 
  0xFF, 0xFF, 0xFC, 0x7F, 0xFE, 0x03, 0xFF, 0xFF, 0xFF, 0xC7, 0xFF, 0xF0, 
  0x3F, 0xFF, 0xFF, 0xFC, 0x3F, 0xFF, 0x83, 0xFF, 0xFF, 0xFF, 0xC1, 0xFF, 
  0xF8, 0x3F, 0xFF, 0xFF, 0xFC, 0x1F, 0xFF, 0xC3, 0xFF, 0xFF, 0xFF, 0xC0, 
  0xFF, 0xFE, 0x3F, 0xFF, 0xFF, 0xFC, 0x07, 0xFF, 0xE3, 0xFF, 0xFF, 0xFF, 
  0xC0, 0x7F, 0xFF, 0x3F, 0xFF, 0xFF, 0xFC, 0x03, 0xFF, 0xFB, 0xFF, 0xFF, 
  0xFF, 0xC0, 0x1F, 0xFF, 0xFF, 0xFF, 0xFF, 0xFC, 0x01, 0xFF, 0xFF, 0xFF, 
  0xFF, 0xFF, 0xC0, 0x0F, 0xFF, 0xFF, 0xFF, 0xFF, 0xFC, 0x00, 0x7F, 0xFF, 
  0xFF, 0xFF, 0xFF, 0xC0, 0x07, 0xFF, 0xFF, 0xFF, 0xFF, 0xFC, 0x00, 0x3F, 
  0xFF, 0xFF, 0xFF, 0xFF, 0xC0, 0x01, 0xFF, 0xFF, 0xFF, 0xFF, 0xFC, 0x00, 
  0x1F, 0xFF, 0xFF, 0xFF, 0xFF, 0xC0, 0x00, 0xFF, 0xFF, 0xFF, 0xFF, 0xFC, 
  0x00, 0x07, 0xFF, 0xFF, 0xFF, 0xFF, 0xC0, 0x00, 0x7F, 0xFF, 0xFF, 0xFF, 
  0xFC, 0x00, 0x03, 0xFF, 0xFF, 0xFF, 0xFF, 0xC0, 0x00, 0x1F, 0xFF, 0xFF, 
  0xFF, 0xFC, 0x00, 0x01, 0xFF, 0xFF, 0xFF, 0xFF, 0xC0, 0x00, 0x0F, 0xFF, 
  0xFF, 0xFF, 0xFC, 0x00, 0x00, 0x7F, 0xFF, 0xFF, 0xFF, 0xC0, 0x00, 0x07, 
  0xFF, 0xFF, 0xFF, 0xFC, 0x00, 0x00, 0x3F, 0xFF, 0xFF, 0xFF, 0xC0, 0x00, 
  0x01, 0xFF, 0xFF, 0xFF, 0xFC, 0x00, 0x00, 0x1F, 0xFF, 0xFF, 0xFF, 0xC0, 
  0x00, 0x00, 0xFF, 0xFF, 0xFF, 0xFC, 0x00, 0x00, 0x07, 0xFF, 0xFF, 0xFF, 
  0xC0, 0x00, 0x00, 0x3F, 0xFF, 0xFF, 0xFC, 0x00, 0x00, 0x03, 0xFF, 0xFF, 
  0xFF, 0xC0, 0x00, 0x00, 0x1F, 0xFF, 0xFF, 0xFC, 0x00, 0x00, 0x00, 0xFF, 
  0xF0, 0x00, 0x00, 0x01, 0xFF, 0x00, 0x00, 0x00, 0x00, 0x00, 0x7F, 0xFF, 
  0xF0, 0x00, 0x00, 0x00, 0x07, 0xFF, 0xFF, 0xFC, 0x00, 0x00, 0x00, 0x3F, 
  0xFF, 0xFF, 0xFE, 0x00, 0x00, 0x01, 0xFF, 0xFF, 0xFF, 0xFF, 0x00, 0x00, 
  0x07, 0xFF, 0xFF, 0xFF, 0xFF, 0x00, 0x00, 0x3F, 0xFF, 0xFF, 0xFF, 0xFF, 
  0x00, 0x00, 0xFF, 0xFF, 0xFF, 0xFF, 0xFF, 0x80, 0x03, 0xFF, 0xFF, 0xFF, 
  0xFF, 0xFF, 0x80, 0x07, 0xFF, 0xFF, 0xFF, 0xFF, 0xFF, 0x00, 0x1F, 0xFF, 
  0xFF, 0xFF, 0xFF, 0xFF, 0x00, 0x7F, 0xFF, 0xFF, 0xFF, 0xFF, 0xFF, 0x00, 
  0xFF, 0xFF, 0xFF, 0xFF, 0xFF, 0xFE, 0x03, 0xFF, 0xFF, 0xC0, 0x1F, 0xFF, 
  0xFE, 0x0F, 0xFF, 0xFE, 0x00, 0x0F, 0xFF, 0xFC, 0x1F, 0xFF, 0xF8, 0x00, 
  0x0F, 0xFF, 0xFC, 0x3F, 0xFF, 0xE0, 0x00, 0x0F, 0xFF, 0xF8, 0xFF, 0xFF, 
  0x80, 0x00, 0x0F, 0xFF, 0xF9, 0xFF, 0xFE, 0x00, 0x00, 0x0F, 0xFF, 0xF3, 
  0xFF, 0xFC, 0x00, 0x00, 0x1F, 0xFF, 0xEF, 0xFF, 0xF0, 0x00, 0x00, 0x1F, 
  0xFF, 0xFF, 0xFF, 0xE0, 0x00, 0x00, 0x3F, 0xFF, 0xFF, 0xFF, 0xC0, 0x00, 
  0x00, 0x7F, 0xFF, 0xFF, 0xFF, 0x80, 0x00, 0x00, 0xFF, 0xFF, 0xFF, 0xFE, 
  0x00, 0x00, 0x00, 0xFF, 0xFF, 0xFF, 0xFC, 0x00, 0x00, 0x01, 0xFF, 0xFF, 
  0xFF, 0xF8, 0x00, 0x00, 0x03, 0xFF, 0xFF, 0xFF, 0xF0, 0x00, 0x00, 0x07, 
  0xFF, 0xFF, 0xFF, 0xE0, 0x00, 0x00, 0x0F, 0xFF, 0xFF, 0xFF, 0xC0, 0x00, 
  0x00, 0x1F, 0xFF, 0xFF, 0xFF, 0x80, 0x00, 0x00, 0x3F, 0xFF, 0xFF, 0xFF, 
  0x00, 0x00, 0x00, 0x7F, 0xFF, 0xFF, 0xFE, 0x00, 0x00, 0x00, 0xFF, 0xFF, 
  0xFF, 0xFC, 0x00, 0x00, 0x01, 0xFF, 0xFF, 0xFF, 0xF8, 0x00, 0x00, 0x03, 
  0xFF, 0xFF, 0xFF, 0xF0, 0x00, 0x00, 0x07, 0xFF, 0xFF, 0xFF, 0xE0, 0x00, 
  0x00, 0x0F, 0xFF, 0xFF, 0xFF, 0xC0, 0x00, 0x00, 0x1F, 0xFF, 0xFF, 0xFF, 
  0x80, 0x00, 0x00, 0x3F, 0xFF, 0xFF, 0xFF, 0x00, 0x00, 0x00, 0x7F, 0xFF, 
  0xFF, 0xFE, 0x00, 0x00, 0x00, 0xFF, 0xFF, 0xFF, 0xFC, 0x00, 0x00, 0x01, 
  0xFF, 0xFF, 0xFF, 0xFC, 0x00, 0x00, 0x07, 0xFF, 0xFF, 0xFF, 0xF8, 0x00, 
  0x00, 0x0F, 0xFF, 0xFF, 0xFF, 0xF0, 0x00, 0x00, 0x1F, 0xFF, 0xFF, 0xFF, 
  0xF0, 0x00, 0x00, 0x7F, 0xFF, 0x9F, 0xFF, 0xE0, 0x00, 0x00, 0xFF, 0xFF, 
  0x3F, 0xFF, 0xE0, 0x00, 0x03, 0xFF, 0xFE, 0x7F, 0xFF, 0xC0, 0x00, 0x07, 
  0xFF, 0xFC, 0x7F, 0xFF, 0xC0, 0x00, 0x1F, 0xFF, 0xF0, 0xFF, 0xFF, 0xC0, 
  0x00, 0x7F, 0xFF, 0xE0, 0xFF, 0xFF, 0xE0, 0x03, 0xFF, 0xFF, 0x81, 0xFF, 
  0xFF, 0xF8, 0x3F, 0xFF, 0xFF, 0x01, 0xFF, 0xFF, 0xFF, 0xFF, 0xFF, 0xFC, 
  0x03, 0xFF, 0xFF, 0xFF, 0xFF, 0xFF, 0xF8, 0x03, 0xFF, 0xFF, 0xFF, 0xFF, 
  0xFF, 0xE0, 0x03, 0xFF, 0xFF, 0xFF, 0xFF, 0xFF, 0x80, 0x03, 0xFF, 0xFF, 
  0xFF, 0xFF, 0xFE, 0x00, 0x03, 0xFF, 0xFF, 0xFF, 0xFF, 0xF8, 0x00, 0x03, 
  0xFF, 0xFF, 0xFF, 0xFF, 0xE0, 0x00, 0x03, 0xFF, 0xFF, 0xFF, 0xFF, 0x80, 
  0x00, 0x01, 0xFF, 0xFF, 0xFF, 0xFC, 0x00, 0x00, 0x00, 0xFF, 0xFF, 0xFF, 
  0xE0, 0x00, 0x00, 0x00, 0x7F, 0xFF, 0xFF, 0x00, 0x00, 0x00, 0x00, 0x0F, 
  0xFF, 0xE0, 0x00, 0x00, 0xFF, 0xFF, 0xFF, 0xF0, 0x00, 0x00, 0x7F, 0xFF, 
  0xFF, 0xFF, 0xE0, 0x00, 0x3F, 0xFF, 0xFF, 0xFF, 0xFE, 0x00, 0x1F, 0xFF, 
  0xFF, 0xFF, 0xFF, 0xC0, 0x0F, 0xFF, 0xFF, 0xFF, 0xFF, 0xF0, 0x07, 0xFF, 
  0xFF, 0xFF, 0xFF, 0xFE, 0x03, 0xFF, 0xFF, 0xFF, 0xFF, 0xFF, 0x81, 0xFF, 
  0xFF, 0xFF, 0xFF, 0xFF, 0xE0, 0xFF, 0xFF, 0xFF, 0xFF, 0xFF, 0xF0, 0x7F, 
  0xFF, 0xFF, 0xFF, 0xFF, 0xFC, 0x3F, 0xFF, 0xFF, 0xFF, 0xFF, 0xFF, 0x1F, 
  0xFF, 0xFF, 0xFF, 0xFF, 0xFF, 0x8F, 0xFF, 0xE0, 0x01, 0xFF, 0xFF, 0xE7, 
  0xFF, 0xF0, 0x00, 0x3F, 0xFF, 0xF3, 0xFF, 0xF8, 0x00, 0x0F, 0xFF, 0xF9, 
  0xFF, 0xFC, 0x00, 0x03, 0xFF, 0xFE, 0xFF, 0xFE, 0x00, 0x00, 0xFF, 0xFF, 
  0x7F, 0xFF, 0x00, 0x00, 0x7F, 0xFF, 0xBF, 0xFF, 0x80, 0x00, 0x1F, 0xFF, 
  0xDF, 0xFF, 0xC0, 0x00, 0x0F, 0xFF, 0xEF, 0xFF, 0xE0, 0x00, 0x07, 0xFF, 
  0xF7, 0xFF, 0xF0, 0x00, 0x03, 0xFF, 0xFF, 0xFF, 0xF8, 0x00, 0x01, 0xFF, 
  0xFF, 0xFF, 0xFC, 0x00, 0x00, 0xFF, 0xFE, 0xFF, 0xFE, 0x00, 0x00, 0x7F, 
  0xFF, 0x7F, 0xFF, 0x00, 0x00, 0x3F, 0xFF, 0xBF, 0xFF, 0x80, 0x00, 0x3F, 
  0xFF, 0xDF, 0xFF, 0xC0, 0x00, 0x1F, 0xFF, 0xEF, 0xFF, 0xE0, 0x00, 0x1F, 
  0xFF, 0xF7, 0xFF, 0xF0, 0x00, 0x1F, 0xFF, 0xF3, 0xFF, 0xF8, 0x00, 0x1F, 
  0xFF, 0xF9, 0xFF, 0xFC, 0x00, 0x3F, 0xFF, 0xFC, 0xFF, 0xFF, 0xFF, 0xFF, 
  0xFF, 0xFC, 0x7F, 0xFF, 0xFF, 0xFF, 0xFF, 0xFE, 0x3F, 0xFF, 0xFF, 0xFF, 
  0xFF, 0xFE, 0x1F, 0xFF, 0xFF, 0xFF, 0xFF, 0xFE, 0x0F, 0xFF, 0xFF, 0xFF, 
  0xFF, 0xFF, 0x07, 0xFF, 0xFF, 0xFF, 0xFF, 0xFF, 0x03, 0xFF, 0xFF, 0xFF, 
  0xFF, 0xFF, 0x01, 0xFF, 0xFF, 0xFF, 0xFF, 0xFE, 0x00, 0xFF, 0xFF, 0xFF, 
  0xFF, 0xFE, 0x00, 0x7F, 0xFF, 0xFF, 0xFF, 0xFC, 0x00, 0x3F, 0xFF, 0xFF, 
  0xFF, 0xF8, 0x00, 0x1F, 0xFF, 0xFF, 0xFE, 0x00, 0x00, 0x0F, 0xFF, 0xE0, 
  0x00, 0x00, 0x00, 0x07, 0xFF, 0xF0, 0x00, 0x00, 0x00, 0x03, 0xFF, 0xF8, 
  0x00, 0x00, 0x00, 0x01, 0xFF, 0xFC, 0x00, 0x00, 0x00, 0x00, 0xFF, 0xFE, 
  0x00, 0x00, 0x00, 0x00, 0x7F, 0xFF, 0x00, 0x00, 0x00, 0x00, 0x3F, 0xFF, 
  0x80, 0x00, 0x00, 0x00, 0x1F, 0xFF, 0xC0, 0x00, 0x00, 0x00, 0x0F, 0xFF, 
  0xE0, 0x00, 0x00, 0x00, 0x07, 0xFF, 0xF0, 0x00, 0x00, 0x00, 0x03, 0xFF, 
  0xF8, 0x00, 0x00, 0x00, 0x01, 0xFF, 0xFC, 0x00, 0x00, 0x00, 0x00, 0xFF, 
  0xFE, 0x00, 0x00, 0x00, 0x00, 0x7F, 0xFF, 0x00, 0x00, 0x00, 0x00, 0x3F, 
  0xFF, 0x80, 0x00, 0x00, 0x00, 0x1F, 0xFF, 0xC0, 0x00, 0x00, 0x00, 0x0F, 
  0xFF, 0xE0, 0x00, 0x00, 0x00, 0x07, 0xFF, 0xF0, 0x00, 0x00, 0x00, 0x03, 
  0xFF, 0xF8, 0x00, 0x00, 0x00, 0x00, 0x00, 0x00, 0x00, 0xFF, 0x00, 0x00, 
  0x00, 0x00, 0x00, 0x3F, 0xFF, 0xF8, 0x00, 0x00, 0x00, 0x01, 0xFF, 0xFF, 
  0xFF, 0x00, 0x00, 0x00, 0x07, 0xFF, 0xFF, 0xFF, 0xC0, 0x00, 0x00, 0x0F, 
  0xFF, 0xFF, 0xFF, 0xF0, 0x00, 0x00, 0x3F, 0xFF, 0xFF, 0xFF, 0xF8, 0x00, 
  0x00, 0x7F, 0xFF, 0xFF, 0xFF, 0xFC, 0x00, 0x00, 0xFF, 0xFF, 0xFF, 0xFF, 
  0xFE, 0x00, 0x01, 0xFF, 0xFF, 0xFF, 0xFF, 0xFF, 0x00, 0x03, 0xFF, 0xFF, 
  0xFF, 0xFF, 0xFF, 0x80, 0x07, 0xFF, 0xFF, 0xFF, 0xFF, 0xFF, 0xC0, 0x07, 
  0xFF, 0xFF, 0xFF, 0xFF, 0xFF, 0xE0, 0x0F, 0xFF, 0xFF, 0xEF, 0xFF, 0xFF, 
  0xE0, 0x1F, 0xFF, 0xFE, 0x00, 0x7F, 0xFF, 0xF0, 0x1F, 0xFF, 0xF8, 0x00, 
  0x1F, 0xFF, 0xF0, 0x3F, 0xFF, 0xE0, 0x00, 0x0F, 0xFF, 0xF8, 0x3F, 0xFF, 
  0xC0, 0x00, 0x07, 0xFF, 0xF8, 0x3F, 0xFF, 0xC0, 0x00, 0x03, 0xFF, 0xFC, 
  0x7F, 0xFF, 0x80, 0x00, 0x03, 0xFF, 0xFC, 0x7F, 0xFF, 0x00, 0x00, 0x01, 
  0xFF, 0xFC, 0x7F, 0xFF, 0x00, 0x00, 0x01, 0xFF, 0xFE, 0xFF, 0xFF, 0x00, 
  0x00, 0x00, 0xFF, 0xFE, 0xFF, 0xFE, 0x00, 0x00, 0x00, 0xFF, 0xFE, 0xFF, 
  0xFE, 0x00, 0x00, 0x00, 0xFF, 0xFE, 0xFF, 0xFE, 0x00, 0x00, 0x00, 0xFF, 
  0xFE, 0xFF, 0xFE, 0x00, 0x00, 0x00, 0xFF, 0xFE, 0xFF, 0xFE, 0x00, 0x00, 
  0x00, 0x7F, 0xFF, 0xFF, 0xFE, 0x00, 0x00, 0x00, 0x7F, 0xFF, 0xFF, 0xFE, 
  0x00, 0x00, 0x00, 0x7F, 0xFF, 0xFF, 0xFE, 0x00, 0x00, 0x00, 0x7F, 0xFF, 
  0xFF, 0xFE, 0x00, 0x00, 0x00, 0x7F, 0xFF, 0xFF, 0xFE, 0x00, 0x00, 0x00, 
  0x7F, 0xFF, 0xFF, 0xFE, 0x00, 0x00, 0x00, 0x7F, 0xFF, 0xFF, 0xFE, 0x00, 
  0x00, 0x00, 0x7F, 0xFF, 0xFF, 0xFE, 0x00, 0x00, 0x00, 0x7F, 0xFF, 0xFF, 
  0xFE, 0x00, 0x00, 0x00, 0x7F, 0xFF, 0xFF, 0xFE, 0x00, 0x00, 0x00, 0x7F, 
  0xFF, 0xFF, 0xFE, 0x00, 0x00, 0x00, 0x7F, 0xFF, 0xFF, 0xFE, 0x00, 0x00, 
  0x00, 0x7F, 0xFF, 0xFF, 0xFE, 0x00, 0x00, 0x00, 0x7F, 0xFE, 0xFF, 0xFE, 
  0x00, 0x00, 0x00, 0xFF, 0xFE, 0xFF, 0xFE, 0x00, 0x00, 0x00, 0xFF, 0xFE, 
  0xFF, 0xFE, 0x00, 0x00, 0x00, 0xFF, 0xFE, 0xFF, 0xFE, 0x00, 0x00, 0x00, 
  0xFF, 0xFE, 0x7F, 0xFF, 0x00, 0xFF, 0xF8, 0xFF, 0xFE, 0x7F, 0xFF, 0x00, 
  0xFF, 0xF9, 0xFF, 0xFC, 0x7F, 0xFF, 0x00, 0x7F, 0xFD, 0xFF, 0xFC, 0x7F, 
  0xFF, 0x80, 0x3F, 0xFF, 0xFF, 0xFC, 0x3F, 0xFF, 0x80, 0x3F, 0xFF, 0xFF, 
  0xFC, 0x3F, 0xFF, 0xC0, 0x1F, 0xFF, 0xFF, 0xF8, 0x1F, 0xFF, 0xE0, 0x0F, 
  0xFF, 0xFF, 0xF8, 0x1F, 0xFF, 0xF0, 0x0F, 0xFF, 0xFF, 0xF0, 0x0F, 0xFF, 
  0xFC, 0x07, 0xFF, 0xFF, 0xF0, 0x0F, 0xFF, 0xFF, 0x03, 0xFF, 0xFF, 0xE0, 
  0x07, 0xFF, 0xFF, 0xFF, 0xFF, 0xFF, 0xC0, 0x03, 0xFF, 0xFF, 0xFF, 0xFF, 
  0xFF, 0xC0, 0x03, 0xFF, 0xFF, 0xFF, 0xFF, 0xFF, 0x80, 0x01, 0xFF, 0xFF, 
  0xFF, 0xFF, 0xFF, 0x00, 0x00, 0x7F, 0xFF, 0xFF, 0xFF, 0xFE, 0x00, 0x00, 
  0x3F, 0xFF, 0xFF, 0xFF, 0xFF, 0x00, 0x00, 0x1F, 0xFF, 0xFF, 0xFF, 0xFF, 
  0x00, 0x00, 0x07, 0xFF, 0xFF, 0xFF, 0xFF, 0x80, 0x00, 0x01, 0xFF, 0xFF, 
  0xFF, 0xFF, 0xC0, 0x00, 0x00, 0x7F, 0xFF, 0xFF, 0xFF, 0xC0, 0x00, 0x00, 
  0x07, 0xFF, 0xC7, 0xFF, 0xE0, 0x00, 0x00, 0x00, 0x00, 0x07, 0xFF, 0xF0, 
  0x00, 0x00, 0x00, 0x00, 0x03, 0xFF, 0xF0, 0x00, 0x00, 0x00, 0x00, 0x01, 
  0xFF, 0xF8, 0x00, 0x00, 0x00, 0x00, 0x01, 0xFF, 0xFC, 0x00, 0x00, 0x00, 
  0x00, 0x00, 0xFF, 0xFC, 0xFF, 0xFF, 0xFF, 0xF8, 0x00, 0x00, 0x1F, 0xFF, 
  0xFF, 0xFF, 0xFC, 0x00, 0x03, 0xFF, 0xFF, 0xFF, 0xFF, 0xF0, 0x00, 0x7F, 
  0xFF, 0xFF, 0xFF, 0xFF, 0x80, 0x0F, 0xFF, 0xFF, 0xFF, 0xFF, 0xFC, 0x01, 
  0xFF, 0xFF, 0xFF, 0xFF, 0xFF, 0xC0, 0x3F, 0xFF, 0xFF, 0xFF, 0xFF, 0xFC, 
  0x07, 0xFF, 0xFF, 0xFF, 0xFF, 0xFF, 0xC0, 0xFF, 0xFF, 0xFF, 0xFF, 0xFF, 
  0xFC, 0x1F, 0xFF, 0xFF, 0xFF, 0xFF, 0xFF, 0xC3, 0xFF, 0xFF, 0xFF, 0xFF, 
  0xFF, 0xF8, 0x7F, 0xFF, 0xFF, 0xFF, 0xFF, 0xFF, 0x8F, 0xFF, 0xE0, 0x00, 
  0x7F, 0xFF, 0xF1, 0xFF, 0xFC, 0x00, 0x07, 0xFF, 0xFF, 0x3F, 0xFF, 0x80, 
  0x00, 0x3F, 0xFF, 0xE7, 0xFF, 0xF0, 0x00, 0x07, 0xFF, 0xFC, 0xFF, 0xFE, 
  0x00, 0x00, 0x7F, 0xFF, 0x9F, 0xFF, 0xC0, 0x00, 0x0F, 0xFF, 0xF3, 0xFF, 
  0xF8, 0x00, 0x00, 0xFF, 0xFF, 0x7F, 0xFF, 0x00, 0x00, 0x1F, 0xFF, 0xEF, 
  0xFF, 0xE0, 0x00, 0x03, 0xFF, 0xFD, 0xFF, 0xFC, 0x00, 0x00, 0x7F, 0xFF, 
  0xBF, 0xFF, 0x80, 0x00, 0x0F, 0xFF, 0xF7, 0xFF, 0xF0, 0x00, 0x01, 0xFF, 
  0xFE, 0xFF, 0xFE, 0x00, 0x00, 0x7F, 0xFF, 0x9F, 0xFF, 0xC0, 0x00, 0x0F, 
  0xFF, 0xF3, 0xFF, 0xF8, 0x00, 0x03, 0xFF, 0xFE, 0x7F, 0xFF, 0x00, 0x00, 
  0x7F, 0xFF, 0xCF, 0xFF, 0xE0, 0x00, 0x3F, 0xFF, 0xF1, 0xFF, 0xFC, 0x00, 
  0x1F, 0xFF, 0xFE, 0x3F, 0xFF, 0xFF, 0xFF, 0xFF, 0xFF, 0x87, 0xFF, 0xFF, 
  0xFF, 0xFF, 0xFF, 0xF0, 0xFF, 0xFF, 0xFF, 0xFF, 0xFF, 0xFC, 0x1F, 0xFF, 
  0xFF, 0xFF, 0xFF, 0xFF, 0x03, 0xFF, 0xFF, 0xFF, 0xFF, 0xFF, 0xC0, 0x7F, 
  0xFF, 0xFF, 0xFF, 0xFF, 0xF0, 0x0F, 0xFF, 0xFF, 0xFF, 0xFF, 0xFC, 0x01, 
  0xFF, 0xFF, 0xFF, 0xFF, 0xFF, 0x00, 0x3F, 0xFF, 0xFF, 0xFF, 0xFF, 0x80, 
  0x07, 0xFF, 0xFF, 0xFF, 0xFF, 0xF0, 0x00, 0xFF, 0xFF, 0xFF, 0xFF, 0xFF, 
  0x00, 0x1F, 0xFF, 0xC0, 0x1F, 0xFF, 0xE0, 0x03, 0xFF, 0xF8, 0x03, 0xFF, 
  0xFE, 0x00, 0x7F, 0xFF, 0x00, 0x3F, 0xFF, 0xC0, 0x0F, 0xFF, 0xE0, 0x07, 
  0xFF, 0xFC, 0x01, 0xFF, 0xFC, 0x00, 0x7F, 0xFF, 0x80, 0x3F, 0xFF, 0x80, 
  0x0F, 0xFF, 0xF8, 0x07, 0xFF, 0xF0, 0x00, 0xFF, 0xFF, 0x00, 0xFF, 0xFE, 
  0x00, 0x1F, 0xFF, 0xF0, 0x1F, 0xFF, 0xC0, 0x01, 0xFF, 0xFE, 0x03, 0xFF, 
  0xF8, 0x00, 0x3F, 0xFF, 0xE0, 0x7F, 0xFF, 0x00, 0x03, 0xFF, 0xFC, 0x0F, 
  0xFF, 0xE0, 0x00, 0x7F, 0xFF, 0xC1, 0xFF, 0xFC, 0x00, 0x07, 0xFF, 0xF8, 
  0x3F, 0xFF, 0x80, 0x00, 0xFF, 0xFF, 0x87, 0xFF, 0xF0, 0x00, 0x0F, 0xFF, 
  0xF0, 0xFF, 0xFE, 0x00, 0x01, 0xFF, 0xFF, 0x1F, 0xFF, 0xC0, 0x00, 0x1F, 
  0xFF, 0xE3, 0xFF, 0xF8, 0x00, 0x03, 0xFF, 0xFE, 0x7F, 0xFF, 0x00, 0x00, 
  0x3F, 0xFF, 0xCF, 0xFF, 0xE0, 0x00, 0x07, 0xFF, 0xFD, 0xFF, 0xFC, 0x00, 
  0x00, 0xFF, 0xFF, 0xBF, 0xFF, 0x80, 0x00, 0x0F, 0xFF, 0xF8, 0x00, 0x00, 
  0x0F, 0xFC, 0x00, 0x00, 0x00, 0x00, 0x1F, 0xFF, 0xFC, 0x00, 0x00, 0x00, 
  0x1F, 0xFF, 0xFF, 0xF0, 0x00, 0x00, 0x0F, 0xFF, 0xFF, 0xFF, 0x80, 0x00, 
  0x07, 0xFF, 0xFF, 0xFF, 0xFC, 0x00, 0x01, 0xFF, 0xFF, 0xFF, 0xFF, 0xC0, 
  0x00, 0xFF, 0xFF, 0xFF, 0xFF, 0xFC, 0x00, 0x3F, 0xFF, 0xFF, 0xFF, 0xFF, 
  0xC0, 0x07, 0xFF, 0xFF, 0xFF, 0xFF, 0xFC, 0x01, 0xFF, 0xFF, 0xFF, 0xFF, 
  0xFF, 0xC0, 0x7F, 0xFF, 0xFF, 0xFF, 0xFF, 0xF8, 0x0F, 0xFF, 0xFF, 0xFF, 
  0xFF, 0xFF, 0x83, 0xFF, 0xFF, 0x00, 0x3F, 0xFF, 0xF0, 0x7F, 0xFF, 0xC0, 
  0x01, 0xFF, 0xFF, 0x0F, 0xFF, 0xE0, 0x00, 0x0F, 0xFF, 0xE3, 0xFF, 0xFC, 
  0x00, 0x01, 0xFF, 0xFC, 0x7F, 0xFF, 0x00, 0x00, 0x1F, 0xFF, 0x8F, 0xFF, 
  0xE0, 0x00, 0x03, 0xFF, 0xF9, 0xFF, 0xFC, 0x00, 0x00, 0x3F, 0xFF, 0x3F, 
  0xFF, 0x80, 0x00, 0x00, 0x00, 0x07, 0xFF, 0xF0, 0x00, 0x00, 0x00, 0x00, 
  0xFF, 0xFF, 0x00, 0x00, 0x00, 0x00, 0x1F, 0xFF, 0xF0, 0x00, 0x00, 0x00, 
  0x03, 0xFF, 0xFF, 0x80, 0x00, 0x00, 0x00, 0x7F, 0xFF, 0xFC, 0x00, 0x00, 
  0x00, 0x07, 0xFF, 0xFF, 0xFC, 0x00, 0x00, 0x00, 0xFF, 0xFF, 0xFF, 0xFC, 
  0x00, 0x00, 0x0F, 0xFF, 0xFF, 0xFF, 0xF8, 0x00, 0x01, 0xFF, 0xFF, 0xFF, 
  0xFF, 0xE0, 0x00, 0x1F, 0xFF, 0xFF, 0xFF, 0xFF, 0x80, 0x03, 0xFF, 0xFF, 
  0xFF, 0xFF, 0xF8, 0x00, 0x3F, 0xFF, 0xFF, 0xFF, 0xFF, 0xC0, 0x03, 0xFF, 
  0xFF, 0xFF, 0xFF, 0xFC, 0x00, 0x1F, 0xFF, 0xFF, 0xFF, 0xFF, 0xC0, 0x01, 
  0xFF, 0xFF, 0xFF, 0xFF, 0xFC, 0x00, 0x0F, 0xFF, 0xFF, 0xFF, 0xFF, 0x80, 
  0x00, 0x3F, 0xFF, 0xFF, 0xFF, 0xF8, 0x00, 0x00, 0xFF, 0xFF, 0xFF, 0xFF, 
  0x00, 0x00, 0x00, 0xFF, 0xFF, 0xFF, 0xF0, 0x00, 0x00, 0x00, 0xFF, 0xFF, 
  0xFE, 0x00, 0x00, 0x00, 0x03, 0xFF, 0xFF, 0xC0, 0x00, 0x00, 0x00, 0x0F, 
  0xFF, 0xF8, 0x00, 0x00, 0x00, 0x00, 0xFF, 0xFF, 0x80, 0x00, 0x00, 0x00, 
  0x0F, 0xFF, 0xF0, 0x00, 0x00, 0x00, 0x01, 0xFF, 0xFE, 0x00, 0x00, 0x00, 
  0x00, 0x1F, 0xFF, 0xFF, 0xFF, 0x00, 0x00, 0x03, 0xFF, 0xFF, 0xFF, 0xE0, 
  0x00, 0x00, 0x7F, 0xFF, 0xFF, 0xFE, 0x00, 0x00, 0x1F, 0xFF, 0xDF, 0xFF, 
  0xE0, 0x00, 0x03, 0xFF, 0xFB, 0xFF, 0xFC, 0x00, 0x00, 0xFF, 0xFF, 0x3F, 
  0xFF, 0xE0, 0x00, 0x3F, 0xFF, 0xE7, 0xFF, 0xFF, 0x00, 0x0F, 0xFF, 0xF8, 
  0xFF, 0xFF, 0xFE, 0x3F, 0xFF, 0xFF, 0x0F, 0xFF, 0xFF, 0xFF, 0xFF, 0xFF, 
  0xC1, 0xFF, 0xFF, 0xFF, 0xFF, 0xFF, 0xF8, 0x1F, 0xFF, 0xFF, 0xFF, 0xFF, 
  0xFE, 0x01, 0xFF, 0xFF, 0xFF, 0xFF, 0xFF, 0x80, 0x1F, 0xFF, 0xFF, 0xFF, 
  0xFF, 0xE0, 0x01, 0xFF, 0xFF, 0xFF, 0xFF, 0xF8, 0x00, 0x1F, 0xFF, 0xFF, 
  0xFF, 0xFE, 0x00, 0x00, 0xFF, 0xFF, 0xFF, 0xFF, 0x00, 0x00, 0x07, 0xFF, 
  0xFF, 0xFF, 0x80, 0x00, 0x00, 0x3F, 0xFF, 0xFF, 0xC0, 0x00, 0x00, 0x00, 
  0x7F, 0xFF, 0x80, 0x00, 0x00, 0xFF, 0xFF, 0xFF, 0xFF, 0xFF, 0xFF, 0xFF, 
  0xFF, 0xFF, 0xFF, 0xFF, 0xFF, 0xFF, 0xFF, 0xFF, 0xFF, 0xFF, 0xFF, 0xFF, 
  0xFF, 0xFF, 0xFF, 0xFF, 0xFF, 0xFF, 0xFF, 0xFF, 0xFF, 0xFF, 0xFF, 0xFF, 
  0xFF, 0xFF, 0xFF, 0xFF, 0xFF, 0xFF, 0xFF, 0xFF, 0xFF, 0xFF, 0xFF, 0xFF, 
  0xFF, 0xFF, 0xFF, 0xFF, 0xFF, 0xFF, 0xFF, 0xFF, 0xFF, 0xFF, 0xFF, 0xFF, 
  0xFF, 0xFF, 0xFF, 0xFF, 0xFF, 0xFF, 0xFF, 0xFF, 0xFF, 0xFF, 0xFF, 0xFF, 
  0xFF, 0xFF, 0xFF, 0xFF, 0xFF, 0xFF, 0xFF, 0xFF, 0xFF, 0xFF, 0xFF, 0xFF, 
  0xF8, 0x00, 0x03, 0xFF, 0xF8, 0x00, 0x00, 0x00, 0x01, 0xFF, 0xFC, 0x00, 
  0x00, 0x00, 0x00, 0xFF, 0xFE, 0x00, 0x00, 0x00, 0x00, 0x7F, 0xFF, 0x00, 
  0x00, 0x00, 0x00, 0x3F, 0xFF, 0x80, 0x00, 0x00, 0x00, 0x1F, 0xFF, 0xC0, 
  0x00, 0x00, 0x00, 0x0F, 0xFF, 0xE0, 0x00, 0x00, 0x00, 0x07, 0xFF, 0xF0, 
  0x00, 0x00, 0x00, 0x03, 0xFF, 0xF8, 0x00, 0x00, 0x00, 0x01, 0xFF, 0xFC, 
  0x00, 0x00, 0x00, 0x00, 0xFF, 0xFE, 0x00, 0x00, 0x00, 0x00, 0x7F, 0xFF, 
  0x00, 0x00, 0x00, 0x00, 0x3F, 0xFF, 0x80, 0x00, 0x00, 0x00, 0x1F, 0xFF, 
  0xC0, 0x00, 0x00, 0x00, 0x0F, 0xFF, 0xE0, 0x00, 0x00, 0x00, 0x07, 0xFF, 
  0xF0, 0x00, 0x00, 0x00, 0x03, 0xFF, 0xF8, 0x00, 0x00, 0x00, 0x01, 0xFF, 
  0xFC, 0x00, 0x00, 0x00, 0x00, 0xFF, 0xFE, 0x00, 0x00, 0x00, 0x00, 0x7F, 
  0xFF, 0x00, 0x00, 0x00, 0x00, 0x3F, 0xFF, 0x80, 0x00, 0x00, 0x00, 0x1F, 
  0xFF, 0xC0, 0x00, 0x00, 0x00, 0x0F, 0xFF, 0xE0, 0x00, 0x00, 0x00, 0x07, 
  0xFF, 0xF0, 0x00, 0x00, 0x00, 0x03, 0xFF, 0xF8, 0x00, 0x00, 0x00, 0x01, 
  0xFF, 0xFC, 0x00, 0x00, 0x00, 0x00, 0xFF, 0xFE, 0x00, 0x00, 0x00, 0x00, 
  0x7F, 0xFF, 0x00, 0x00, 0x00, 0x00, 0x3F, 0xFF, 0x80, 0x00, 0x00, 0x00, 
  0x1F, 0xFF, 0xC0, 0x00, 0x00, 0x00, 0x0F, 0xFF, 0xE0, 0x00, 0x00, 0x00, 
  0x07, 0xFF, 0xF0, 0x00, 0x00, 0x00, 0x03, 0xFF, 0xF8, 0x00, 0x00, 0x00, 
  0x01, 0xFF, 0xFC, 0x00, 0x00, 0x00, 0x00, 0xFF, 0xFE, 0x00, 0x00, 0x00, 
  0x00, 0x7F, 0xFF, 0x00, 0x00, 0x00, 0x00, 0x3F, 0xFF, 0x80, 0x00, 0x00, 
  0x00, 0x1F, 0xFF, 0xC0, 0x00, 0x00, 0x00, 0x0F, 0xFF, 0xE0, 0x00, 0x00, 
  0x00, 0x07, 0xFF, 0xF0, 0x00, 0x00, 0x00, 0x03, 0xFF, 0xF8, 0x00, 0x00, 
  0x00, 0x01, 0xFF, 0xFC, 0x00, 0x00, 0x00, 0x00, 0xFF, 0xFE, 0x00, 0x00, 
  0x00, 0x00, 0x7F, 0xFF, 0x00, 0x00, 0x00, 0x00, 0x3F, 0xFF, 0x80, 0x00, 
  0x00, 0x00, 0x1F, 0xFF, 0xC0, 0x00, 0x00, 0x00, 0x0F, 0xFF, 0xE0, 0x00, 
  0x00, 0x00, 0x07, 0xFF, 0xF0, 0x00, 0x00, 0x00, 0x03, 0xFF, 0xF8, 0x00, 
  0x00, 0x00, 0x01, 0xFF, 0xFC, 0x00, 0x00, 0xFF, 0xFF, 0x00, 0x00, 0x03, 
  0xFF, 0xFF, 0xFF, 0xF8, 0x00, 0x00, 0x1F, 0xFF, 0xFF, 0xFF, 0xC0, 0x00, 
  0x00, 0xFF, 0xFF, 0xFF, 0xFE, 0x00, 0x00, 0x07, 0xFF, 0xFF, 0xFF, 0xF0, 
  0x00, 0x00, 0x3F, 0xFF, 0xFF, 0xFF, 0x80, 0x00, 0x01, 0xFF, 0xFF, 0xFF, 
  0xFC, 0x00, 0x00, 0x0F, 0xFF, 0xFF, 0xFF, 0xE0, 0x00, 0x00, 0x7F, 0xFF, 
  0xFF, 0xFF, 0x00, 0x00, 0x03, 0xFF, 0xFF, 0xFF, 0xF8, 0x00, 0x00, 0x1F, 
  0xFF, 0xFF, 0xFF, 0xC0, 0x00, 0x00, 0xFF, 0xFF, 0xFF, 0xFE, 0x00, 0x00, 
  0x07, 0xFF, 0xFF, 0xFF, 0xF0, 0x00, 0x00, 0x3F, 0xFF, 0xFF, 0xFF, 0x80, 
  0x00, 0x01, 0xFF, 0xFF, 0xFF, 0xFC, 0x00, 0x00, 0x0F, 0xFF, 0xFF, 0xFF, 
  0xE0, 0x00, 0x00, 0x7F, 0xFF, 0xFF, 0xFF, 0x00, 0x00, 0x03, 0xFF, 0xFF, 
  0xFF, 0xF8, 0x00, 0x00, 0x1F, 0xFF, 0xFF, 0xFF, 0xC0, 0x00, 0x00, 0xFF, 
  0xFF, 0xFF, 0xFE, 0x00, 0x00, 0x07, 0xFF, 0xFF, 0xFF, 0xF0, 0x00, 0x00, 
  0x3F, 0xFF, 0xFF, 0xFF, 0x80, 0x00, 0x01, 0xFF, 0xFF, 0xFF, 0xFC, 0x00, 
  0x00, 0x0F, 0xFF, 0xFF, 0xFF, 0xE0, 0x00, 0x00, 0x7F, 0xFF, 0xFF, 0xFF, 
  0x00, 0x00, 0x03, 0xFF, 0xFF, 0xFF, 0xF8, 0x00, 0x00, 0x1F, 0xFF, 0xFF, 
  0xFF, 0xC0, 0x00, 0x00, 0xFF, 0xFF, 0xFF, 0xFE, 0x00, 0x00, 0x07, 0xFF, 
  0xFF, 0xFF, 0xF0, 0x00, 0x00, 0x3F, 0xFF, 0xFF, 0xFF, 0x80, 0x00, 0x01, 
  0xFF, 0xFF, 0xFF, 0xFC, 0x00, 0x00, 0x0F, 0xFF, 0xFF, 0xFF, 0xE0, 0x00, 
  0x00, 0x7F, 0xFF, 0xFF, 0xFF, 0x00, 0x00, 0x03, 0xFF, 0xFF, 0xFF, 0xF8, 
  0x00, 0x00, 0x1F, 0xFF, 0xFF, 0xFF, 0xC0, 0x00, 0x00, 0xFF, 0xFF, 0xFF, 
  0xFE, 0x00, 0x00, 0x07, 0xFF, 0xFF, 0xFF, 0xF0, 0x00, 0x00, 0x3F, 0xFF, 
  0xFF, 0xFF, 0x80, 0x00, 0x01, 0xFF, 0xFF, 0xFF, 0xFC, 0x00, 0x00, 0x0F, 
  0xFF, 0xFF, 0xFF, 0xE0, 0x00, 0x00, 0x7F, 0xFF, 0xFF, 0xFF, 0x00, 0x00, 
  0x03, 0xFF, 0xFF, 0xFF, 0xF8, 0x00, 0x00, 0x1F, 0xFF, 0xFF, 0xFF, 0xC0, 
  0x00, 0x01, 0xFF, 0xFF, 0xFF, 0xFE, 0x00, 0x00, 0x0F, 0xFF, 0xFF, 0xFF, 
  0xF0, 0x00, 0x00, 0x7F, 0xFF, 0xBF, 0xFF, 0xC0, 0x00, 0x03, 0xFF, 0xFD, 
  0xFF, 0xFE, 0x00, 0x00, 0x3F, 0xFF, 0xCF, 0xFF, 0xF8, 0x00, 0x03, 0xFF, 
  0xFE, 0x7F, 0xFF, 0xE0, 0x00, 0x1F, 0xFF, 0xF1, 0xFF, 0xFF, 0x80, 0x03, 
  0xFF, 0xFF, 0x8F, 0xFF, 0xFF, 0x00, 0x3F, 0xFF, 0xF8, 0x7F, 0xFF, 0xFF, 
  0xFF, 0xFF, 0xFF, 0xC1, 0xFF, 0xFF, 0xFF, 0xFF, 0xFF, 0xFC, 0x07, 0xFF, 
  0xFF, 0xFF, 0xFF, 0xFF, 0xE0, 0x3F, 0xFF, 0xFF, 0xFF, 0xFF, 0xFE, 0x00, 
  0xFF, 0xFF, 0xFF, 0xFF, 0xFF, 0xE0, 0x03, 0xFF, 0xFF, 0xFF, 0xFF, 0xFE, 
  0x00, 0x0F, 0xFF, 0xFF, 0xFF, 0xFF, 0xE0, 0x00, 0x3F, 0xFF, 0xFF, 0xFF, 
  0xFE, 0x00, 0x00, 0xFF, 0xFF, 0xFF, 0xFF, 0xE0, 0x00, 0x01, 0xFF, 0xFF, 
  0xFF, 0xFC, 0x00, 0x00, 0x03, 0xFF, 0xFF, 0xFF, 0x80, 0x00, 0x00, 0x07, 
  0xFF, 0xFF, 0xF0, 0x00, 0x00, 0x00, 0x03, 0xFF, 0xF8, 0x00, 0x00, 0xFF, 
  0xFF, 0xC0, 0x00, 0x00, 0x3F, 0xFF, 0xFF, 0xFF, 0xF8, 0x00, 0x00, 0x07, 
  0xFF, 0xF9, 0xFF, 0xFF, 0x00, 0x00, 0x00, 0xFF, 0xFF, 0x3F, 0xFF, 0xF0, 
  0x00, 0x00, 0x3F, 0xFF, 0xE7, 0xFF, 0xFE, 0x00, 0x00, 0x07, 0xFF, 0xF8, 
  0x7F, 0xFF, 0xC0, 0x00, 0x00, 0xFF, 0xFF, 0x0F, 0xFF, 0xF8, 0x00, 0x00, 
  0x1F, 0xFF, 0xE1, 0xFF, 0xFF, 0x80, 0x00, 0x07, 0xFF, 0xFC, 0x1F, 0xFF, 
  0xF0, 0x00, 0x00, 0xFF, 0xFF, 0x03, 0xFF, 0xFE, 0x00, 0x00, 0x1F, 0xFF, 
  0xE0, 0x7F, 0xFF, 0xC0, 0x00, 0x03, 0xFF, 0xFC, 0x07, 0xFF, 0xFC, 0x00, 
  0x00, 0xFF, 0xFF, 0x00, 0xFF, 0xFF, 0x80, 0x00, 0x1F, 0xFF, 0xE0, 0x1F, 
  0xFF, 0xF0, 0x00, 0x03, 0xFF, 0xFC, 0x01, 0xFF, 0xFE, 0x00, 0x00, 0xFF, 
  0xFF, 0x00, 0x3F, 0xFF, 0xE0, 0x00, 0x1F, 0xFF, 0xE0, 0x07, 0xFF, 0xFC, 
  0x00, 0x03, 0xFF, 0xFC, 0x00, 0x7F, 0xFF, 0x80, 0x00, 0x7F, 0xFF, 0x00, 
  0x0F, 0xFF, 0xF0, 0x00, 0x1F, 0xFF, 0xE0, 0x01, 0xFF, 0xFF, 0x00, 0x03, 
  0xFF, 0xFC, 0x00, 0x1F, 0xFF, 0xE0, 0x00, 0x7F, 0xFF, 0x00, 0x03, 0xFF, 
  0xFC, 0x00, 0x0F, 0xFF, 0xE0, 0x00, 0x7F, 0xFF, 0x80, 0x03, 0xFF, 0xFC, 
  0x00, 0x0F, 0xFF, 0xF8, 0x00, 0x7F, 0xFF, 0x80, 0x00, 0xFF, 0xFF, 0x00, 
  0x0F, 0xFF, 0xE0, 0x00, 0x1F, 0xFF, 0xE0, 0x01, 0xFF, 0xFC, 0x00, 0x03, 
  0xFF, 0xFC, 0x00, 0x7F, 0xFF, 0x80, 0x00, 0x3F, 0xFF, 0xC0, 0x0F, 0xFF, 
  0xE0, 0x00, 0x07, 0xFF, 0xF8, 0x01, 0xFF, 0xFC, 0x00, 0x00, 0xFF, 0xFF, 
  0x00, 0x3F, 0xFF, 0x80, 0x00, 0x0F, 0xFF, 0xF0, 0x0F, 0xFF, 0xE0, 0x00, 
  0x01, 0xFF, 0xFE, 0x01, 0xFF, 0xFC, 0x00, 0x00, 0x3F, 0xFF, 0xC0, 0x3F, 
  0xFF, 0x80, 0x00, 0x03, 0xFF, 0xF8, 0x07, 0xFF, 0xE0, 0x00, 0x00, 0x7F, 
  0xFF, 0x81, 0xFF, 0xFC, 0x00, 0x00, 0x0F, 0xFF, 0xF0, 0x3F, 0xFF, 0x80, 
  0x00, 0x00, 0xFF, 0xFE, 0x07, 0xFF, 0xE0, 0x00, 0x00, 0x1F, 0xFF, 0xC0, 
  0xFF, 0xFC, 0x00, 0x00, 0x03, 0xFF, 0xFC, 0x3F, 0xFF, 0x80, 0x00, 0x00, 
  0x3F, 0xFF, 0x87, 0xFF, 0xF0, 0x00, 0x00, 0x07, 0xFF, 0xF0, 0xFF, 0xFC, 
  0x00, 0x00, 0x00, 0xFF, 0xFE, 0x1F, 0xFF, 0x80, 0x00, 0x00, 0x0F, 0xFF, 
  0xE7, 0xFF, 0xF0, 0x00, 0x00, 0x01, 0xFF, 0xFC, 0xFF, 0xFC, 0x00, 0x00, 
  0x00, 0x3F, 0xFF, 0x9F, 0xFF, 0x80, 0x00, 0x00, 0x07, 0xFF, 0xF3, 0xFF, 
  0xF0, 0x00, 0x00, 0x00, 0x7F, 0xFF, 0xFF, 0xFC, 0x00, 0x00, 0x00, 0x0F, 
  0xFF, 0xFF, 0xFF, 0x80, 0x00, 0x00, 0x01, 0xFF, 0xFF, 0xFF, 0xF0, 0x00, 
  0x00, 0x00, 0x1F, 0xFF, 0xFF, 0xFC, 0x00, 0x00, 0x00, 0x03, 0xFF, 0xFF, 
  0xFF, 0x80, 0x00, 0x00, 0x00, 0x7F, 0xFF, 0xFF, 0xF0, 0x00, 0x00, 0x00, 
  0x07, 0xFF, 0xFF, 0xFC, 0x00, 0x00, 0x00, 0x00, 0xFF, 0xFF, 0xFF, 0x80, 
  0x00, 0x00, 0x00, 0x1F, 0xFF, 0xFF, 0xF0, 0x00, 0x00, 0x00, 0x01, 0xFF, 
  0xFF, 0xFC, 0x00, 0x00, 0x00, 0x00, 0x3F, 0xFF, 0xFF, 0x80, 0x00, 0x00, 
  0x00, 0x07, 0xFF, 0xFF, 0xF0, 0x00, 0x00, 0x00, 0x00, 0x7F, 0xFF, 0xFE, 
  0x00, 0x00, 0x00, 0x00, 0x0F, 0xFF, 0xFF, 0x80, 0x00, 0x00, 0x00, 0x01, 
  0xFF, 0xFF, 0xF0, 0x00, 0x00, 0x00, 0x00, 0x1F, 0xFF, 0xFE, 0x00, 0x00, 
  0x00, 0x00, 0x03, 0xFF, 0xFF, 0x80, 0x00, 0x00, 0xFF, 0xFF, 0x00, 0x00, 
  0x1F, 0xFE, 0x00, 0x00, 0x3F, 0xFF, 0xFF, 0xFF, 0xC0, 0x00, 0x07, 0xFF, 
  0xC0, 0x00, 0x0F, 0xFF, 0xF7, 0xFF, 0xF0, 0x00, 0x03, 0xFF, 0xF0, 0x00, 
  0x03, 0xFF, 0xFD, 0xFF, 0xFE, 0x00, 0x00, 0xFF, 0xFC, 0x00, 0x00, 0xFF, 
  0xFE, 0x7F, 0xFF, 0x80, 0x00, 0x3F, 0xFF, 0x00, 0x00, 0x3F, 0xFF, 0x9F, 
  0xFF, 0xE0, 0x00, 0x0F, 0xFF, 0xE0, 0x00, 0x1F, 0xFF, 0xE3, 0xFF, 0xF8, 
  0x00, 0x03, 0xFF, 0xF8, 0x00, 0x07, 0xFF, 0xF8, 0xFF, 0xFE, 0x00, 0x01, 
  0xFF, 0xFE, 0x00, 0x01, 0xFF, 0xFC, 0x3F, 0xFF, 0xC0, 0x00, 0x7F, 0xFF, 
  0x80, 0x00, 0x7F, 0xFF, 0x0F, 0xFF, 0xF0, 0x00, 0x1F, 0xFF, 0xF0, 0x00, 
  0x1F, 0xFF, 0xC1, 0xFF, 0xFC, 0x00, 0x07, 0xFF, 0xFC, 0x00, 0x0F, 0xFF, 
  0xF0, 0x7F, 0xFF, 0x00, 0x03, 0xFF, 0xFF, 0x00, 0x03, 0xFF, 0xF8, 0x1F, 
  0xFF, 0xC0, 0x00, 0xFF, 0xFF, 0xC0, 0x00, 0xFF, 0xFE, 0x07, 0xFF, 0xF8, 
  0x00, 0x3F, 0xFF, 0xF8, 0x00, 0x3F, 0xFF, 0x80, 0xFF, 0xFE, 0x00, 0x0F, 
  0xFF, 0xFE, 0x00, 0x0F, 0xFF, 0xE0, 0x3F, 0xFF, 0x80, 0x07, 0xFF, 0xFF, 
  0x80, 0x07, 0xFF, 0xF0, 0x0F, 0xFF, 0xE0, 0x01, 0xFF, 0xFF, 0xE0, 0x01, 
  0xFF, 0xFC, 0x03, 0xFF, 0xF8, 0x00, 0x7F, 0xFF, 0xFC, 0x00, 0x7F, 0xFF, 
  0x00, 0x7F, 0xFF, 0x00, 0x1F, 0xFF, 0xFF, 0x00, 0x1F, 0xFF, 0xC0, 0x1F, 
  0xFF, 0xC0, 0x0F, 0xFF, 0xFF, 0xC0, 0x07, 0xFF, 0xE0, 0x07, 0xFF, 0xF0, 
  0x03, 0xFF, 0xFF, 0xF0, 0x01, 0xFF, 0xF8, 0x01, 0xFF, 0xFC, 0x00, 0xFF, 
  0xFF, 0xFE, 0x00, 0xFF, 0xFE, 0x00, 0x3F, 0xFF, 0x00, 0x3F, 0xFF, 0xFF, 
  0x80, 0x3F, 0xFF, 0x80, 0x0F, 0xFF, 0xC0, 0x1F, 0xFE, 0xFF, 0xE0, 0x0F, 
  0xFF, 0xC0, 0x03, 0xFF, 0xF8, 0x07, 0xFF, 0xBF, 0xF8, 0x03, 0xFF, 0xF0, 
  0x00, 0x7F, 0xFE, 0x01, 0xFF, 0xCF, 0xFF, 0x00, 0xFF, 0xFC, 0x00, 0x1F, 
  0xFF, 0x80, 0x7F, 0xF3, 0xFF, 0xC0, 0x7F, 0xFF, 0x00, 0x07, 0xFF, 0xE0, 
  0x3F, 0xFC, 0x7F, 0xF0, 0x1F, 0xFF, 0x80, 0x01, 0xFF, 0xF8, 0x0F, 0xFF, 
  0x1F, 0xFC, 0x07, 0xFF, 0xE0, 0x00, 0x3F, 0xFF, 0x03, 0xFF, 0x87, 0xFF, 
  0x81, 0xFF, 0xF8, 0x00, 0x0F, 0xFF, 0xC0, 0xFF, 0xE1, 0xFF, 0xE0, 0x7F, 
  0xFE, 0x00, 0x03, 0xFF, 0xF0, 0x7F, 0xF8, 0x3F, 0xF8, 0x3F, 0xFF, 0x00, 
  0x00, 0xFF, 0xFC, 0x1F, 0xFC, 0x0F, 0xFE, 0x0F, 0xFF, 0xC0, 0x00, 0x1F, 
  0xFF, 0x07, 0xFF, 0x03, 0xFF, 0xC3, 0xFF, 0xF0, 0x00, 0x07, 0xFF, 0xE1, 
  0xFF, 0xC0, 0xFF, 0xF0, 0xFF, 0xFC, 0x00, 0x01, 0xFF, 0xF8, 0xFF, 0xF0, 
  0x1F, 0xFC, 0x3F, 0xFE, 0x00, 0x00, 0x7F, 0xFE, 0x3F, 0xF8, 0x07, 0xFF, 
  0x1F, 0xFF, 0x80, 0x00, 0x0F, 0xFF, 0x8F, 0xFE, 0x01, 0xFF, 0xC7, 0xFF, 
  0xE0, 0x00, 0x03, 0xFF, 0xE3, 0xFF, 0x80, 0x3F, 0xF9, 0xFF, 0xF0, 0x00, 
  0x00, 0xFF, 0xFD, 0xFF, 0xE0, 0x0F, 0xFE, 0x7F, 0xFC, 0x00, 0x00, 0x3F, 
  0xFF, 0x7F, 0xF0, 0x03, 0xFF, 0x9F, 0xFF, 0x00, 0x00, 0x07, 0xFF, 0xDF, 
  0xFC, 0x00, 0xFF, 0xEF, 0xFF, 0xC0, 0x00, 0x01, 0xFF, 0xFF, 0xFF, 0x00, 
  0x1F, 0xFF, 0xFF, 0xE0, 0x00, 0x00, 0x7F, 0xFF, 0xFF, 0xC0, 0x07, 0xFF, 
  0xFF, 0xF8, 0x00, 0x00, 0x1F, 0xFF, 0xFF, 0xE0, 0x01, 0xFF, 0xFF, 0xFE, 
  0x00, 0x00, 0x03, 0xFF, 0xFF, 0xF8, 0x00, 0x7F, 0xFF, 0xFF, 0x80, 0x00, 
  0x00, 0xFF, 0xFF, 0xFE, 0x00, 0x0F, 0xFF, 0xFF, 0xC0, 0x00, 0x00, 0x3F, 
  0xFF, 0xFF, 0x00, 0x03, 0xFF, 0xFF, 0xF0, 0x00, 0x00, 0x0F, 0xFF, 0xFF, 
  0xC0, 0x00, 0xFF, 0xFF, 0xFC, 0x00, 0x00, 0x01, 0xFF, 0xFF, 0xF0, 0x00, 
  0x3F, 0xFF, 0xFF, 0x00, 0x00, 0x00, 0x7F, 0xFF, 0xFC, 0x00, 0x07, 0xFF, 
  0xFF, 0x80, 0x00, 0x00, 0x1F, 0xFF, 0xFE, 0x00, 0x01, 0xFF, 0xFF, 0xE0, 
  0x00, 0x00, 0x07, 0xFF, 0xFF, 0x80, 0x00, 0x7F, 0xFF, 0xF8, 0x00, 0x00, 
  0x00, 0xFF, 0xFF, 0xE0, 0x00, 0x0F, 0xFF, 0xFE, 0x00, 0x00, 0x00, 0x3F, 
  0xFF, 0xF8, 0x00, 0x03, 0xFF, 0xFF, 0x00, 0x00, 0x00, 0x0F, 0xFF, 0xFC, 
  0x00, 0x00, 0xFF, 0xFF, 0xC0, 0x00, 0x00, 0x03, 0xFF, 0xFF, 0x00, 0x00, 
  0x3F, 0xFF, 0xF0, 0x00, 0x00, 0x00, 0x7F, 0xFF, 0xC0, 0x00, 0x07, 0xFF, 
  0xFC, 0x00, 0x00, 0x00, 0x1F, 0xFF, 0xE0, 0x00, 0x01, 0xFF, 0xFE, 0x00, 
  0x00, 0x00, 0x07, 0xFF, 0xF8, 0x00, 0x00, 0x7F, 0xFF, 0x80, 0x00, 0x00, 
  0x01, 0xFF, 0xFE, 0x00, 0x00, 0x1F, 0xFF, 0xE0, 0x00, 0x00, 0x00, 0x3F, 
  0xFF, 0x80, 0x00, 0x03, 0xFF, 0xF8, 0x00, 0x00, 0x00, 0x0F, 0xFF, 0xC0, 
  0x00, 0x00, 0xFF, 0xFC, 0x00, 0x00, 0xFF, 0xFF, 0xC0, 0x00, 0x00, 0x7F, 
  0xFF, 0xDF, 0xFF, 0xF8, 0x00, 0x00, 0x3F, 0xFF, 0xE7, 0xFF, 0xFE, 0x00, 
  0x00, 0x0F, 0xFF, 0xF8, 0xFF, 0xFF, 0xC0, 0x00, 0x07, 0xFF, 0xFC, 0x1F, 
  0xFF, 0xF0, 0x00, 0x01, 0xFF, 0xFE, 0x07, 0xFF, 0xFE, 0x00, 0x00, 0xFF, 
  0xFF, 0x80, 0xFF, 0xFF, 0x80, 0x00, 0x3F, 0xFF, 0xC0, 0x3F, 0xFF, 0xF0, 
  0x00, 0x1F, 0xFF, 0xF0, 0x07, 0xFF, 0xFC, 0x00, 0x07, 0xFF, 0xF8, 0x00, 
  0xFF, 0xFF, 0x80, 0x03, 0xFF, 0xFC, 0x00, 0x3F, 0xFF, 0xE0, 0x00, 0xFF, 
  0xFF, 0x00, 0x07, 0xFF, 0xFC, 0x00, 0x7F, 0xFF, 0x80, 0x01, 0xFF, 0xFF, 
  0x00, 0x1F, 0xFF, 0xE0, 0x00, 0x3F, 0xFF, 0xE0, 0x0F, 0xFF, 0xF0, 0x00, 
  0x07, 0xFF, 0xFC, 0x03, 0xFF, 0xF8, 0x00, 0x01, 0xFF, 0xFF, 0x01, 0xFF, 
  0xFE, 0x00, 0x00, 0x3F, 0xFF, 0xE0, 0xFF, 0xFF, 0x00, 0x00, 0x0F, 0xFF, 
  0xF8, 0x3F, 0xFF, 0x80, 0x00, 0x01, 0xFF, 0xFF, 0x1F, 0xFF, 0xE0, 0x00, 
  0x00, 0x3F, 0xFF, 0xC7, 0xFF, 0xF0, 0x00, 0x00, 0x0F, 0xFF, 0xFB, 0xFF, 
  0xFC, 0x00, 0x00, 0x01, 0xFF, 0xFF, 0xFF, 0xFE, 0x00, 0x00, 0x00, 0x7F, 
  0xFF, 0xFF, 0xFF, 0x00, 0x00, 0x00, 0x0F, 0xFF, 0xFF, 0xFF, 0xC0, 0x00, 
  0x00, 0x01, 0xFF, 0xFF, 0xFF, 0xE0, 0x00, 0x00, 0x00, 0x7F, 0xFF, 0xFF, 
  0xF0, 0x00, 0x00, 0x00, 0x0F, 0xFF, 0xFF, 0xFC, 0x00, 0x00, 0x00, 0x03, 
  0xFF, 0xFF, 0xFE, 0x00, 0x00, 0x00, 0x00, 0x7F, 0xFF, 0xFF, 0x80, 0x00, 
  0x00, 0x00, 0x0F, 0xFF, 0xFF, 0xC0, 0x00, 0x00, 0x00, 0x03, 0xFF, 0xFF, 
  0xE0, 0x00, 0x00, 0x00, 0x00, 0x7F, 0xFF, 0xF8, 0x00, 0x00, 0x00, 0x00, 
  0x3F, 0xFF, 0xFE, 0x00, 0x00, 0x00, 0x00, 0x0F, 0xFF, 0xFF, 0xC0, 0x00, 
  0x00, 0x00, 0x07, 0xFF, 0xFF, 0xF0, 0x00, 0x00, 0x00, 0x03, 0xFF, 0xFF, 
  0xFE, 0x00, 0x00, 0x00, 0x00, 0xFF, 0xFF, 0xFF, 0xC0, 0x00, 0x00, 0x00, 
  0x7F, 0xFF, 0xFF, 0xF0, 0x00, 0x00, 0x00, 0x1F, 0xFF, 0xFF, 0xFE, 0x00, 
  0x00, 0x00, 0x0F, 0xFF, 0xFF, 0xFF, 0x80, 0x00, 0x00, 0x07, 0xFF, 0xFF, 
  0xFF, 0xF0, 0x00, 0x00, 0x01, 0xFF, 0xFF, 0xFF, 0xFE, 0x00, 0x00, 0x00, 
  0xFF, 0xFF, 0x7F, 0xFF, 0x80, 0x00, 0x00, 0x3F, 0xFF, 0xDF, 0xFF, 0xF0, 
  0x00, 0x00, 0x1F, 0xFF, 0xE3, 0xFF, 0xFC, 0x00, 0x00, 0x07, 0xFF, 0xF0, 
  0x7F, 0xFF, 0x80, 0x00, 0x03, 0xFF, 0xFC, 0x1F, 0xFF, 0xF0, 0x00, 0x01, 
  0xFF, 0xFE, 0x03, 0xFF, 0xFC, 0x00, 0x00, 0x7F, 0xFF, 0x80, 0xFF, 0xFF, 
  0x80, 0x00, 0x3F, 0xFF, 0xC0, 0x1F, 0xFF, 0xF0, 0x00, 0x0F, 0xFF, 0xF0, 
  0x07, 0xFF, 0xFC, 0x00, 0x07, 0xFF, 0xF8, 0x00, 0xFF, 0xFF, 0x80, 0x03, 
  0xFF, 0xFC, 0x00, 0x1F, 0xFF, 0xE0, 0x00, 0xFF, 0xFF, 0x00, 0x07, 0xFF, 
  0xFC, 0x00, 0x7F, 0xFF, 0x80, 0x00, 0xFF, 0xFF, 0x80, 0x1F, 0xFF, 0xE0, 
  0x00, 0x3F, 0xFF, 0xE0, 0x0F, 0xFF, 0xF0, 0x00, 0x07, 0xFF, 0xFC, 0x07, 
  0xFF, 0xFC, 0x00, 0x00, 0xFF, 0xFF, 0x01, 0xFF, 0xFE, 0x00, 0x00, 0x3F, 
  0xFF, 0xE0, 0xFF, 0xFF, 0x00, 0x00, 0x07, 0xFF, 0xFC, 0x3F, 0xFF, 0xC0, 
  0x00, 0x01, 0xFF, 0xFF, 0x1F, 0xFF, 0xE0, 0x00, 0x00, 0x3F, 0xFF, 0xEF, 
  0xFF, 0xF8, 0x00, 0x00, 0x0F, 0xFF, 0xFC, 0xFF, 0xFF, 0x80, 0x00, 0x00, 
  0x7F, 0xFF, 0xFF, 0xFF, 0xC0, 0x00, 0x00, 0x7F, 0xFF, 0x9F, 0xFF, 0xE0, 
  0x00, 0x00, 0x3F, 0xFF, 0xCF, 0xFF, 0xF8, 0x00, 0x00, 0x3F, 0xFF, 0xC3, 
  0xFF, 0xFC, 0x00, 0x00, 0x1F, 0xFF, 0xE1, 0xFF, 0xFF, 0x00, 0x00, 0x1F, 
  0xFF, 0xE0, 0x7F, 0xFF, 0x80, 0x00, 0x0F, 0xFF, 0xF0, 0x3F, 0xFF, 0xE0, 
  0x00, 0x0F, 0xFF, 0xF0, 0x0F, 0xFF, 0xF0, 0x00, 0x07, 0xFF, 0xF8, 0x07, 
  0xFF, 0xFC, 0x00, 0x03, 0xFF, 0xF8, 0x01, 0xFF, 0xFE, 0x00, 0x03, 0xFF, 
  0xFC, 0x00, 0x7F, 0xFF, 0x80, 0x01, 0xFF, 0xFC, 0x00, 0x3F, 0xFF, 0xC0, 
  0x01, 0xFF, 0xFE, 0x00, 0x0F, 0xFF, 0xE0, 0x00, 0xFF, 0xFE, 0x00, 0x07, 
  0xFF, 0xF8, 0x00, 0xFF, 0xFF, 0x00, 0x01, 0xFF, 0xFC, 0x00, 0x7F, 0xFF, 
  0x00, 0x00, 0xFF, 0xFF, 0x00, 0x7F, 0xFF, 0x80, 0x00, 0x3F, 0xFF, 0x80, 
  0x3F, 0xFF, 0x80, 0x00, 0x1F, 0xFF, 0xE0, 0x3F, 0xFF, 0x80, 0x00, 0x07, 
  0xFF, 0xF0, 0x1F, 0xFF, 0xC0, 0x00, 0x03, 0xFF, 0xFC, 0x1F, 0xFF, 0xC0, 
  0x00, 0x00, 0xFF, 0xFE, 0x0F, 0xFF, 0xE0, 0x00, 0x00, 0x7F, 0xFF, 0x87, 
  0xFF, 0xE0, 0x00, 0x00, 0x1F, 0xFF, 0xC7, 0xFF, 0xF0, 0x00, 0x00, 0x0F, 
  0xFF, 0xF3, 0xFF, 0xF0, 0x00, 0x00, 0x03, 0xFF, 0xFB, 0xFF, 0xF8, 0x00, 
  0x00, 0x01, 0xFF, 0xFF, 0xFF, 0xF8, 0x00, 0x00, 0x00, 0x7F, 0xFF, 0xFF, 
  0xFC, 0x00, 0x00, 0x00, 0x3F, 0xFF, 0xFF, 0xFC, 0x00, 0x00, 0x00, 0x0F, 
  0xFF, 0xFF, 0xFE, 0x00, 0x00, 0x00, 0x07, 0xFF, 0xFF, 0xFE, 0x00, 0x00, 
  0x00, 0x01, 0xFF, 0xFF, 0xFF, 0x00, 0x00, 0x00, 0x00, 0xFF, 0xFF, 0xFF, 
  0x00, 0x00, 0x00, 0x00, 0x3F, 0xFF, 0xFF, 0x80, 0x00, 0x00, 0x00, 0x1F, 
  0xFF, 0xFF, 0x80, 0x00, 0x00, 0x00, 0x07, 0xFF, 0xFF, 0xC0, 0x00, 0x00, 
  0x00, 0x03, 0xFF, 0xFF, 0xC0, 0x00, 0x00, 0x00, 0x00, 0xFF, 0xFF, 0xE0, 
  0x00, 0x00, 0x00, 0x00, 0x7F, 0xFF, 0xE0, 0x00, 0x00, 0x00, 0x00, 0x1F, 
  0xFF, 0xF0, 0x00, 0x00, 0x00, 0x00, 0x0F, 0xFF, 0xF0, 0x00, 0x00, 0x00, 
  0x00, 0x03, 0xFF, 0xF8, 0x00, 0x00, 0x00, 0x00, 0x01, 0xFF, 0xFC, 0x00, 
  0x00, 0x00, 0x00, 0x00, 0xFF, 0xFE, 0x00, 0x00, 0x00, 0x00, 0x00, 0x7F, 
  0xFF, 0x00, 0x00, 0x00, 0x00, 0x00, 0x3F, 0xFF, 0x80, 0x00, 0x00, 0x00, 
  0x00, 0x1F, 0xFF, 0xC0, 0x00, 0x00, 0x00, 0x00, 0x0F, 0xFF, 0xE0, 0x00, 
  0x00, 0x00, 0x00, 0x07, 0xFF, 0xF0, 0x00, 0x00, 0x00, 0x00, 0x03, 0xFF, 
  0xF8, 0x00, 0x00, 0x00, 0x00, 0x01, 0xFF, 0xFC, 0x00, 0x00, 0x00, 0x00, 
  0x00, 0xFF, 0xFE, 0x00, 0x00, 0x00, 0x00, 0x00, 0x7F, 0xFF, 0x00, 0x00, 
  0x00, 0x00, 0x00, 0x3F, 0xFF, 0x80, 0x00, 0x00, 0x00, 0x00, 0x1F, 0xFF, 
  0xC0, 0x00, 0x00, 0x00, 0x00, 0x0F, 0xFF, 0xE0, 0x00, 0x00, 0x00, 0x00, 
  0x07, 0xFF, 0xF0, 0x00, 0x00, 0x00, 0x00, 0x03, 0xFF, 0xF8, 0x00, 0x00, 
  0x00, 0x00, 0x01, 0xFF, 0xFC, 0x00, 0x00, 0x00, 0x00, 0x00, 0xFF, 0xFE, 
  0x00, 0x00, 0x00, 0x00, 0x00, 0x7F, 0xFF, 0x00, 0x00, 0x00, 0x00, 0x00, 
  0x3F, 0xFF, 0x80, 0x00, 0x00, 0x00, 0x00, 0x1F, 0xFF, 0xC0, 0x00, 0x00, 
  0xFF, 0xFF, 0xFF, 0xFF, 0xFF, 0xFD, 0xFF, 0xFF, 0xFF, 0xFF, 0xFF, 0xFB, 
  0xFF, 0xFF, 0xFF, 0xFF, 0xFF, 0xF7, 0xFF, 0xFF, 0xFF, 0xFF, 0xFF, 0xEF, 
  0xFF, 0xFF, 0xFF, 0xFF, 0xFF, 0xDF, 0xFF, 0xFF, 0xFF, 0xFF, 0xFF, 0xBF, 
  0xFF, 0xFF, 0xFF, 0xFF, 0xFF, 0x7F, 0xFF, 0xFF, 0xFF, 0xFF, 0xFE, 0xFF, 
  0xFF, 0xFF, 0xFF, 0xFF, 0xFD, 0xFF, 0xFF, 0xFF, 0xFF, 0xFF, 0xFB, 0xFF, 
  0xFF, 0xFF, 0xFF, 0xFF, 0xF7, 0xFF, 0xFF, 0xFF, 0xFF, 0xFF, 0xC0, 0x00, 
  0x00, 0x00, 0xFF, 0xFF, 0x80, 0x00, 0x00, 0x01, 0xFF, 0xFE, 0x00, 0x00, 
  0x00, 0x07, 0xFF, 0xF8, 0x00, 0x00, 0x00, 0x1F, 0xFF, 0xF0, 0x00, 0x00, 
  0x00, 0x3F, 0xFF, 0xC0, 0x00, 0x00, 0x00, 0xFF, 0xFF, 0x00, 0x00, 0x00, 
  0x03, 0xFF, 0xFC, 0x00, 0x00, 0x00, 0x07, 0xFF, 0xF8, 0x00, 0x00, 0x00, 
  0x1F, 0xFF, 0xE0, 0x00, 0x00, 0x00, 0x7F, 0xFF, 0x80, 0x00, 0x00, 0x00, 
  0xFF, 0xFF, 0x00, 0x00, 0x00, 0x03, 0xFF, 0xFC, 0x00, 0x00, 0x00, 0x0F, 
  0xFF, 0xF0, 0x00, 0x00, 0x00, 0x3F, 0xFF, 0xE0, 0x00, 0x00, 0x00, 0x7F, 
  0xFF, 0x80, 0x00, 0x00, 0x01, 0xFF, 0xFE, 0x00, 0x00, 0x00, 0x07, 0xFF, 
  0xF8, 0x00, 0x00, 0x00, 0x0F, 0xFF, 0xF0, 0x00, 0x00, 0x00, 0x3F, 0xFF, 
  0xC0, 0x00, 0x00, 0x00, 0xFF, 0xFF, 0x00, 0x00, 0x00, 0x03, 0xFF, 0xFE, 
  0x00, 0x00, 0x00, 0x07, 0xFF, 0xF8, 0x00, 0x00, 0x00, 0x1F, 0xFF, 0xE0, 
  0x00, 0x00, 0x00, 0x7F, 0xFF, 0xC0, 0x00, 0x00, 0x00, 0xFF, 0xFF, 0x00, 
  0x00, 0x00, 0x03, 0xFF, 0xFC, 0x00, 0x00, 0x00, 0x0F, 0xFF, 0xF0, 0x00, 
  0x00, 0x00, 0x1F, 0xFF, 0xE0, 0x00, 0x00, 0x00, 0x7F, 0xFF, 0x80, 0x00, 
  0x00, 0x01, 0xFF, 0xFE, 0x00, 0x00, 0x00, 0x07, 0xFF, 0xFC, 0x00, 0x00, 
  0x00, 0x0F, 0xFF, 0xF0, 0x00, 0x00, 0x00, 0x3F, 0xFF, 0xC0, 0x00, 0x00, 
  0x00, 0xFF, 0xFF, 0x80, 0x00, 0x00, 0x01, 0xFF, 0xFE, 0x00, 0x00, 0x00, 
  0x07, 0xFF, 0xF8, 0x00, 0x00, 0x00, 0x1F, 0xFF, 0xE0, 0x00, 0x00, 0x00, 
  0x3F, 0xFF, 0xC0, 0x00, 0x00, 0x00, 0xFF, 0xFF, 0x00, 0x00, 0x00, 0x03, 
  0xFF, 0xFF, 0xFF, 0xFF, 0xFF, 0xFF, 0xFF, 0xFF, 0xFF, 0xFF, 0xFF, 0xFF, 
  0xFF, 0xFF, 0xFF, 0xFF, 0xFF, 0xFF, 0xFF, 0xFF, 0xFF, 0xFF, 0xFF, 0xFF, 
  0xFF, 0xFF, 0xFF, 0xFF, 0xFF, 0xFF, 0xFF, 0xFF, 0xFF, 0xFF, 0xFF, 0xFF, 
  0xFF, 0xFF, 0xFF, 0xFF, 0xFF, 0xFF, 0xFF, 0xFF, 0xFF, 0xFF, 0xFF, 0xFF, 
  0xFF, 0xFF, 0xFF, 0xFF, 0xFF, 0xFF, 0xFF, 0xFF, 0xFF, 0xFF, 0xFF, 0xFF, 
  0xFF, 0xFF, 0xFF, 0xFF, 0xFF, 0xFF, 0xFF, 0xFF, 0xFF, 0xFF, 0x80, 0xFF, 
  0xFF, 0xFF, 0xFF, 0xFF, 0xFF, 0xFF, 0xFF, 0xFF, 0xFF, 0xFF, 0xFF, 0xFF, 
  0xFF, 0xFF, 0xFF, 0xFF, 0xFF, 0xFF, 0xFF, 0xFF, 0xFF, 0xFF, 0xFF, 0xFF, 
  0xFF, 0xFF, 0xFF, 0xFF, 0xFF, 0xFF, 0xFF, 0xFF, 0xFF, 0xFF, 0xFF, 0xFF, 
  0xFF, 0xFF, 0xFF, 0xC0, 0x00, 0xFF, 0xFC, 0x00, 0x0F, 0xFF, 0xC0, 0x00, 
  0xFF, 0xFC, 0x00, 0x0F, 0xFF, 0xC0, 0x00, 0xFF, 0xFC, 0x00, 0x0F, 0xFF, 
  0xC0, 0x00, 0xFF, 0xFC, 0x00, 0x0F, 0xFF, 0xC0, 0x00, 0xFF, 0xFC, 0x00, 
  0x0F, 0xFF, 0xC0, 0x00, 0xFF, 0xFC, 0x00, 0x0F, 0xFF, 0xC0, 0x00, 0xFF, 
  0xFC, 0x00, 0x0F, 0xFF, 0xC0, 0x00, 0xFF, 0xFC, 0x00, 0x0F, 0xFF, 0xC0, 
  0x00, 0xFF, 0xFC, 0x00, 0x0F, 0xFF, 0xC0, 0x00, 0xFF, 0xFC, 0x00, 0x0F, 
  0xFF, 0xC0, 0x00, 0xFF, 0xFC, 0x00, 0x0F, 0xFF, 0xC0, 0x00, 0xFF, 0xFC, 
  0x00, 0x0F, 0xFF, 0xC0, 0x00, 0xFF, 0xFC, 0x00, 0x0F, 0xFF, 0xC0, 0x00, 
  0xFF, 0xFC, 0x00, 0x0F, 0xFF, 0xC0, 0x00, 0xFF, 0xFC, 0x00, 0x0F, 0xFF, 
  0xC0, 0x00, 0xFF, 0xFC, 0x00, 0x0F, 0xFF, 0xC0, 0x00, 0xFF, 0xFC, 0x00, 
  0x0F, 0xFF, 0xC0, 0x00, 0xFF, 0xFC, 0x00, 0x0F, 0xFF, 0xC0, 0x00, 0xFF, 
  0xFC, 0x00, 0x0F, 0xFF, 0xC0, 0x00, 0xFF, 0xFC, 0x00, 0x0F, 0xFF, 0xC0, 
  0x00, 0xFF, 0xFC, 0x00, 0x0F, 0xFF, 0xC0, 0x00, 0xFF, 0xFC, 0x00, 0x0F, 
  0xFF, 0xC0, 0x00, 0xFF, 0xFC, 0x00, 0x0F, 0xFF, 0xC0, 0x00, 0xFF, 0xFC, 
  0x00, 0x0F, 0xFF, 0xC0, 0x00, 0xFF, 0xFC, 0x00, 0x0F, 0xFF, 0xC0, 0x00, 
  0xFF, 0xFC, 0x00, 0x0F, 0xFF, 0xC0, 0x00, 0xFF, 0xFC, 0x00, 0x0F, 0xFF, 
  0xC0, 0x00, 0xFF, 0xFC, 0x00, 0x0F, 0xFF, 0xC0, 0x00, 0xFF, 0xFC, 0x00, 
  0x0F, 0xFF, 0xC0, 0x00, 0xFF, 0xFF, 0xFF, 0xFF, 0xFF, 0xFF, 0xFF, 0xFF, 
  0xFF, 0xFF, 0xFF, 0xFF, 0xFF, 0xFF, 0xFF, 0xFF, 0xFF, 0xFF, 0xFF, 0xFF, 
  0xFF, 0xFF, 0xFF, 0xFF, 0xFF, 0xFF, 0xFF, 0xFF, 0xFF, 0xFF, 0xFF, 0xFF, 
  0xFF, 0xFF, 0xFF, 0xFF, 0xF8, 0x00, 0x00, 0x0F, 0xFF, 0x80, 0x00, 0x00, 
  0xFF, 0xFC, 0x00, 0x00, 0x07, 0xFF, 0xC0, 0x00, 0x00, 0x7F, 0xFC, 0x00, 
  0x00, 0x07, 0xFF, 0xC0, 0x00, 0x00, 0x7F, 0xFE, 0x00, 0x00, 0x03, 0xFF, 
  0xE0, 0x00, 0x00, 0x3F, 0xFE, 0x00, 0x00, 0x03, 0xFF, 0xF0, 0x00, 0x00, 
  0x1F, 0xFF, 0x00, 0x00, 0x01, 0xFF, 0xF0, 0x00, 0x00, 0x1F, 0xFF, 0x00, 
  0x00, 0x01, 0xFF, 0xF8, 0x00, 0x00, 0x0F, 0xFF, 0x80, 0x00, 0x00, 0xFF, 
  0xF8, 0x00, 0x00, 0x0F, 0xFF, 0xC0, 0x00, 0x00, 0xFF, 0xFC, 0x00, 0x00, 
  0x07, 0xFF, 0xC0, 0x00, 0x00, 0x7F, 0xFC, 0x00, 0x00, 0x07, 0xFF, 0xE0, 
  0x00, 0x00, 0x3F, 0xFE, 0x00, 0x00, 0x03, 0xFF, 0xE0, 0x00, 0x00, 0x3F, 
  0xFF, 0x00, 0x00, 0x03, 0xFF, 0xF0, 0x00, 0x00, 0x1F, 0xFF, 0x00, 0x00, 
  0x01, 0xFF, 0xF0, 0x00, 0x00, 0x1F, 0xFF, 0x80, 0x00, 0x00, 0xFF, 0xF8, 
  0x00, 0x00, 0x0F, 0xFF, 0x80, 0x00, 0x00, 0xFF, 0xF8, 0x00, 0x00, 0x0F, 
  0xFF, 0xC0, 0x00, 0x00, 0x7F, 0xFC, 0x00, 0x00, 0x07, 0xFF, 0xC0, 0x00, 
  0x00, 0x7F, 0xFE, 0x00, 0x00, 0x03, 0xFF, 0xE0, 0x00, 0x00, 0x3F, 0xFE, 
  0x00, 0x00, 0x03, 0xFF, 0xE0, 0x00, 0x00, 0x3F, 0xFF, 0x00, 0x00, 0x01, 
  0xFF, 0xF0, 0x00, 0x00, 0x1F, 0xFF, 0x00, 0x00, 0x01, 0xFF, 0xF8, 0x00, 
  0x00, 0x0F, 0xFF, 0x80, 0x00, 0x00, 0xFF, 0xF8, 0x00, 0x00, 0x0F, 0xFF, 
  0x80, 0x00, 0x00, 0xFF, 0xFC, 0x00, 0x00, 0x07, 0xFF, 0xC0, 0x00, 0x00, 
  0x7F, 0xFC, 0x00, 0x00, 0x07, 0xFF, 0xE0, 0x00, 0x00, 0x7F, 0xFE, 0x00, 
  0x00, 0x03, 0xFF, 0xE0, 0x00, 0x00, 0x3F, 0xFE, 0x00, 0x00, 0x03, 0xFF, 
  0xF0, 0x00, 0x00, 0x1F, 0xFF, 0x00, 0x00, 0x01, 0xFF, 0xF0, 0x00, 0x00, 
  0x1F, 0xFF, 0x80, 0x00, 0x01, 0xFF, 0xF8, 0x00, 0x00, 0x0F, 0xFF, 0x80, 
  0x00, 0x00, 0xFF, 0xF8, 0x00, 0x00, 0x0F, 0xFF, 0xC0, 0x00, 0x00, 0x7F, 
  0xFC, 0x00, 0x00, 0x07, 0xFF, 0xC0, 0x00, 0x00, 0x7F, 0xFE, 0x00, 0x00, 
  0x07, 0xFF, 0xE0, 0x00, 0x00, 0x3F, 0xFE, 0x00, 0x00, 0x03, 0xFF, 0xE0, 
  0x00, 0x00, 0x3F, 0xFF, 0x00, 0x00, 0x01, 0xFF, 0xF0, 0x00, 0x00, 0x1F, 
  0xFF, 0x00, 0x00, 0x01, 0xFF, 0xF0, 0x00, 0x00, 0x1F, 0xFF, 0x80, 0x00, 
  0x00, 0xFF, 0xF8, 0x00, 0x00, 0x0F, 0xFF, 0x80, 0x00, 0x00, 0xFF, 0xFC, 
  0x00, 0x00, 0x07, 0xFF, 0xC0, 0x00, 0x00, 0x7F, 0xFC, 0x00, 0x00, 0x07, 
  0xFF, 0xC0, 0x00, 0x00, 0x7F, 0xFE, 0x00, 0x00, 0x03, 0xFF, 0xE0, 0x00, 
  0x00, 0x3F, 0xFE, 0xFF, 0xFF, 0xFF, 0xFF, 0xFF, 0xFF, 0xFF, 0xFF, 0xFF, 
  0xFF, 0xFF, 0xFF, 0xFF, 0xFF, 0xFF, 0xFF, 0xFF, 0xFF, 0xFF, 0xFF, 0xFF, 
  0xFF, 0xFF, 0xFF, 0xFF, 0xFF, 0xFF, 0xFF, 0xFF, 0xFF, 0xFF, 0xFF, 0xFF, 
  0xFF, 0xFF, 0xFF, 0xFF, 0xFF, 0xF0, 0x00, 0x3F, 0xFF, 0x00, 0x03, 0xFF, 
  0xF0, 0x00, 0x3F, 0xFF, 0x00, 0x03, 0xFF, 0xF0, 0x00, 0x3F, 0xFF, 0x00, 
  0x03, 0xFF, 0xF0, 0x00, 0x3F, 0xFF, 0x00, 0x03, 0xFF, 0xF0, 0x00, 0x3F, 
  0xFF, 0x00, 0x03, 0xFF, 0xF0, 0x00, 0x3F, 0xFF, 0x00, 0x03, 0xFF, 0xF0, 
  0x00, 0x3F, 0xFF, 0x00, 0x03, 0xFF, 0xF0, 0x00, 0x3F, 0xFF, 0x00, 0x03, 
  0xFF, 0xF0, 0x00, 0x3F, 0xFF, 0x00, 0x03, 0xFF, 0xF0, 0x00, 0x3F, 0xFF, 
  0x00, 0x03, 0xFF, 0xF0, 0x00, 0x3F, 0xFF, 0x00, 0x03, 0xFF, 0xF0, 0x00, 
  0x3F, 0xFF, 0x00, 0x03, 0xFF, 0xF0, 0x00, 0x3F, 0xFF, 0x00, 0x03, 0xFF, 
  0xF0, 0x00, 0x3F, 0xFF, 0x00, 0x03, 0xFF, 0xF0, 0x00, 0x3F, 0xFF, 0x00, 
  0x03, 0xFF, 0xF0, 0x00, 0x3F, 0xFF, 0x00, 0x03, 0xFF, 0xF0, 0x00, 0x3F, 
  0xFF, 0x00, 0x03, 0xFF, 0xF0, 0x00, 0x3F, 0xFF, 0x00, 0x03, 0xFF, 0xF0, 
  0x00, 0x3F, 0xFF, 0x00, 0x03, 0xFF, 0xF0, 0x00, 0x3F, 0xFF, 0x00, 0x03, 
  0xFF, 0xF0, 0x00, 0x3F, 0xFF, 0x00, 0x03, 0xFF, 0xF0, 0x00, 0x3F, 0xFF, 
  0x00, 0x03, 0xFF, 0xF0, 0x00, 0x3F, 0xFF, 0x00, 0x03, 0xFF, 0xF0, 0x00, 
  0x3F, 0xFF, 0x00, 0x03, 0xFF, 0xF0, 0x00, 0x3F, 0xFF, 0x00, 0x03, 0xFF, 
  0xF0, 0x00, 0x3F, 0xFF, 0x00, 0x03, 0xFF, 0xF0, 0x00, 0x3F, 0xFF, 0x00, 
  0x03, 0xFF, 0xF0, 0x00, 0x3F, 0xFF, 0x00, 0x03, 0xFF, 0xF0, 0x00, 0x3F, 
  0xFF, 0x00, 0x03, 0xFF, 0xF0, 0x00, 0x3F, 0xFF, 0xFF, 0xFF, 0xFF, 0xFF, 
  0xFF, 0xFF, 0xFF, 0xFF, 0xFF, 0xFF, 0xFF, 0xFF, 0xFF, 0xFF, 0xFF, 0xFF, 
  0xFF, 0xFF, 0xFF, 0xFF, 0xFF, 0xFF, 0xFF, 0xFF, 0xFF, 0xFF, 0xFF, 0xFF, 
  0xFF, 0xFF, 0xFF, 0xFF, 0xFF, 0xFF, 0xFF, 0x00, 0x01, 0xFF, 0xE0, 0x00, 
  0x00, 0x01, 0xFF, 0xF8, 0x00, 0x00, 0x00, 0xFF, 0xFC, 0x00, 0x00, 0x00, 
  0xFF, 0xFF, 0x00, 0x00, 0x00, 0xFF, 0xFF, 0x80, 0x00, 0x00, 0x7F, 0xFF, 
  0xE0, 0x00, 0x00, 0x7F, 0xFF, 0xF0, 0x00, 0x00, 0x3F, 0xFF, 0xFC, 0x00, 
  0x00, 0x3F, 0xFF, 0xFE, 0x00, 0x00, 0x1F, 0xFF, 0xFF, 0x80, 0x00, 0x1F, 
  0xFF, 0xFF, 0xC0, 0x00, 0x0F, 0xFF, 0xFF, 0xF0, 0x00, 0x0F, 0xFF, 0x7F, 
  0xF8, 0x00, 0x07, 0xFF, 0x9F, 0xFE, 0x00, 0x07, 0xFF, 0x8F, 0xFF, 0x80, 
  0x07, 0xFF, 0xC3, 0xFF, 0xC0, 0x03, 0xFF, 0xC1, 0xFF, 0xF0, 0x03, 0xFF, 
  0xE0, 0x7F, 0xF8, 0x01, 0xFF, 0xE0, 0x3F, 0xFE, 0x01, 0xFF, 0xE0, 0x0F, 
  0xFF, 0x00, 0xFF, 0xF0, 0x07, 0xFF, 0xC0, 0xFF, 0xF0, 0x01, 0xFF, 0xE0, 
  0x7F, 0xF8, 0x00, 0xFF, 0xF8, 0x7F, 0xF8, 0x00, 0x3F, 0xFC, 0x3F, 0xFC, 
  0x00, 0x1F, 0xFF, 0x3F, 0xFC, 0x00, 0x07, 0xFF, 0xBF, 0xFE, 0x00, 0x03, 
  0xFF, 0xE0, 0xFF, 0xFF, 0xFF, 0xFF, 0xFF, 0xFF, 0xFF, 0xFF, 0xFF, 0xFF, 
  0xFF, 0xFF, 0xFF, 0xFF, 0xFF, 0xFF, 0xFF, 0xFF, 0xFF, 0xFF, 0xFF, 0xFF, 
  0xFF, 0xFF, 0xFF, 0xFF, 0xFF, 0xFF, 0xFF, 0xFF, 0xFF, 0xFF, 0xFF, 0xFF, 
  0xFF, 0xFF, 0xFF, 0xFF, 0xFF, 0xFF, 0xFF, 0xFF, 0xFF, 0xFF, 0xFF, 0xFF, 
  0xFF, 0xFF, 0xFF, 0xFF, 0xFF, 0xFF, 0xFF, 0xFF, 0xFF, 0xFF, 0xFF, 0xFC, 
  0x7F, 0xF8, 0x00, 0x7F, 0xF8, 0x00, 0x7F, 0xF8, 0x00, 0x7F, 0xF0, 0x00, 
  0x7F, 0xF0, 0x00, 0x7F, 0xF0, 0x00, 0xFF, 0xF0, 0x00, 0xFF, 0xE0, 0x00, 
  0xFF, 0xE0, 0x00, 0xFF, 0xE0, 0x00, 0xFF, 0xC0, 0x00, 0xFF, 0xC0, 0x00, 
  0xFF, 0xC0, 0x00, 0x00, 0x1F, 0xE0, 0x00, 0x00, 0x00, 0xFF, 0xFF, 0xE0, 
  0x00, 0x00, 0x7F, 0xFF, 0xFF, 0x00, 0x00, 0x3F, 0xFF, 0xFF, 0xF8, 0x00, 
  0x1F, 0xFF, 0xFF, 0xFF, 0xC0, 0x07, 0xFF, 0xFF, 0xFF, 0xFC, 0x01, 0xFF, 
  0xFF, 0xFF, 0xFF, 0xC0, 0x3F, 0xFF, 0xFF, 0xFF, 0xFC, 0x0F, 0xFF, 0xFF, 
  0xFF, 0xFF, 0x83, 0xFF, 0xFF, 0xFF, 0xFF, 0xF8, 0x7F, 0xFF, 0xFF, 0xFF, 
  0xFF, 0x0F, 0xFF, 0xF0, 0x3F, 0xFF, 0xF3, 0xFF, 0xF8, 0x01, 0xFF, 0xFE, 
  0x7F, 0xFF, 0x00, 0x1F, 0xFF, 0xCF, 0xFF, 0xC0, 0x03, 0xFF, 0xF9, 0xFF, 
  0xF8, 0x00, 0x3F, 0xFF, 0x3F, 0xFF, 0x00, 0x07, 0xFF, 0xE0, 0x00, 0x00, 
  0x00, 0xFF, 0xFC, 0x00, 0x00, 0x00, 0x1F, 0xFF, 0x80, 0x00, 0x00, 0x03, 
  0xFF, 0xF0, 0x00, 0x00, 0x00, 0x7F, 0xFE, 0x00, 0x0F, 0xFF, 0xFF, 0xFF, 
  0xC0, 0x1F, 0xFF, 0xFF, 0xFF, 0xF8, 0x0F, 0xFF, 0xFF, 0xFF, 0xFF, 0x07, 
  0xFF, 0xFF, 0xFF, 0xFF, 0xE1, 0xFF, 0xFF, 0xFF, 0xFF, 0xFC, 0x7F, 0xFF, 
  0xFF, 0xFF, 0xFF, 0x9F, 0xFF, 0xFF, 0xFF, 0xFF, 0xF3, 0xFF, 0xFF, 0xFF, 
  0xFF, 0xFE, 0xFF, 0xFF, 0xC0, 0x0F, 0xFF, 0xDF, 0xFF, 0xE0, 0x01, 0xFF, 
  0xFF, 0xFF, 0xF8, 0x00, 0x3F, 0xFF, 0xFF, 0xFE, 0x00, 0x07, 0xFF, 0xFF, 
  0xFF, 0xC0, 0x00, 0xFF, 0xFF, 0xFF, 0xF0, 0x00, 0x1F, 0xFF, 0xFF, 0xFF, 
  0x00, 0x03, 0xFF, 0xFF, 0xFF, 0xE0, 0x00, 0xFF, 0xFF, 0xFF, 0xFC, 0x00, 
  0x1F, 0xFF, 0xFF, 0xFF, 0xC0, 0x07, 0xFF, 0xFF, 0xFF, 0xFC, 0x03, 0xFF, 
  0xFF, 0x7F, 0xFF, 0xFF, 0xFF, 0xFF, 0xEF, 0xFF, 0xFF, 0xFF, 0xFF, 0xFD, 
  0xFF, 0xFF, 0xFF, 0xFF, 0xFF, 0x9F, 0xFF, 0xFF, 0xFF, 0xFF, 0xF3, 0xFF, 
  0xFF, 0xFF, 0xBF, 0xFE, 0x3F, 0xFF, 0xFF, 0xE7, 0xFF, 0xC3, 0xFF, 0xFF, 
  0xF8, 0xFF, 0xF8, 0x3F, 0xFF, 0xFE, 0x1F, 0xFF, 0x01, 0xFF, 0xFF, 0x83, 
  0xFF, 0xE0, 0x0F, 0xFF, 0xC0, 0x7F, 0xFC, 0x00, 0x1F, 0x80, 0x00, 0x00, 
  0x00, 0xFF, 0xFC, 0x00, 0x00, 0x00, 0x01, 0xFF, 0xF8, 0x00, 0x00, 0x00, 
  0x03, 0xFF, 0xF0, 0x00, 0x00, 0x00, 0x07, 0xFF, 0xE0, 0x00, 0x00, 0x00, 
  0x0F, 0xFF, 0xC0, 0x00, 0x00, 0x00, 0x1F, 0xFF, 0x80, 0x00, 0x00, 0x00, 
  0x3F, 0xFF, 0x00, 0x00, 0x00, 0x00, 0x7F, 0xFE, 0x00, 0x00, 0x00, 0x00, 
  0xFF, 0xFC, 0x00, 0x00, 0x00, 0x01, 0xFF, 0xF8, 0x00, 0x00, 0x00, 0x03, 
  0xFF, 0xF0, 0x00, 0x00, 0x00, 0x07, 0xFF, 0xE0, 0x00, 0x00, 0x00, 0x0F, 
  0xFF, 0xC0, 0x00, 0x00, 0x00, 0x1F, 0xFF, 0x80, 0x00, 0x00, 0x00, 0x3F, 
  0xFF, 0x00, 0x00, 0x00, 0x00, 0x7F, 0xFE, 0x00, 0x00, 0x00, 0x00, 0xFF, 
  0xFC, 0x00, 0x1C, 0x00, 0x01, 0xFF, 0xF8, 0x03, 0xFF, 0xC0, 0x03, 0xFF, 
  0xF0, 0x3F, 0xFF, 0xF0, 0x07, 0xFF, 0xE0, 0xFF, 0xFF, 0xF0, 0x0F, 0xFF, 
  0xC3, 0xFF, 0xFF, 0xF0, 0x1F, 0xFF, 0x8F, 0xFF, 0xFF, 0xF0, 0x3F, 0xFF, 
  0x3F, 0xFF, 0xFF, 0xF0, 0x7F, 0xFE, 0xFF, 0xFF, 0xFF, 0xF0, 0xFF, 0xFF, 
  0xFF, 0xFF, 0xFF, 0xF1, 0xFF, 0xFF, 0xFF, 0xFF, 0xFF, 0xE3, 0xFF, 0xFF, 
  0xFF, 0xFF, 0xFF, 0xE7, 0xFF, 0xFF, 0xFF, 0xFF, 0xFF, 0xCF, 0xFF, 0xFF, 
  0x03, 0xFF, 0xFF, 0x9F, 0xFF, 0xF8, 0x01, 0xFF, 0xFF, 0xBF, 0xFF, 0xE0, 
  0x01, 0xFF, 0xFF, 0x7F, 0xFF, 0x80, 0x01, 0xFF, 0xFE, 0xFF, 0xFF, 0x00, 
  0x03, 0xFF, 0xFD, 0xFF, 0xFC, 0x00, 0x03, 0xFF, 0xFF, 0xFF, 0xF8, 0x00, 
  0x07, 0xFF, 0xFF, 0xFF, 0xF0, 0x00, 0x0F, 0xFF, 0xFF, 0xFF, 0xC0, 0x00, 
  0x0F, 0xFF, 0xFF, 0xFF, 0x80, 0x00, 0x1F, 0xFF, 0xFF, 0xFF, 0x00, 0x00, 
  0x3F, 0xFF, 0xFF, 0xFE, 0x00, 0x00, 0x7F, 0xFF, 0xFF, 0xFC, 0x00, 0x00, 
  0xFF, 0xFF, 0xFF, 0xF8, 0x00, 0x01, 0xFF, 0xFF, 0xFF, 0xF0, 0x00, 0x03, 
  0xFF, 0xFF, 0xFF, 0xE0, 0x00, 0x07, 0xFF, 0xFF, 0xFF, 0xC0, 0x00, 0x0F, 
  0xFF, 0xFF, 0xFF, 0x80, 0x00, 0x1F, 0xFF, 0xFF, 0xFF, 0x00, 0x00, 0x3F, 
  0xFF, 0xFF, 0xFF, 0x00, 0x00, 0xFF, 0xFF, 0xFF, 0xFE, 0x00, 0x01, 0xFF, 
  0xFF, 0xFF, 0xFC, 0x00, 0x03, 0xFF, 0xFF, 0xFF, 0xFC, 0x00, 0x0F, 0xFF, 
  0xF7, 0xFF, 0xF8, 0x00, 0x1F, 0xFF, 0xEF, 0xFF, 0xF8, 0x00, 0x7F, 0xFF, 
  0xDF, 0xFF, 0xF8, 0x01, 0xFF, 0xFF, 0xBF, 0xFF, 0xFC, 0x0F, 0xFF, 0xFE, 
  0x7F, 0xFF, 0xFF, 0xFF, 0xFF, 0xFC, 0xFF, 0xFF, 0xFF, 0xFF, 0xFF, 0xF9, 
  0xFF, 0xFF, 0xFF, 0xFF, 0xFF, 0xE3, 0xFF, 0xF7, 0xFF, 0xFF, 0xFF, 0xC7, 
  0xFF, 0xEF, 0xFF, 0xFF, 0xFF, 0x0F, 0xFF, 0xCF, 0xFF, 0xFF, 0xFC, 0x1F, 
  0xFF, 0x8F, 0xFF, 0xFF, 0xF0, 0x3F, 0xFF, 0x0F, 0xFF, 0xFF, 0xC0, 0x7F, 
  0xFE, 0x0F, 0xFF, 0xFF, 0x00, 0xFF, 0xFC, 0x0F, 0xFF, 0xF8, 0x01, 0xFF, 
  0xF8, 0x03, 0xFF, 0xC0, 0x00, 0x00, 0x00, 0x00, 0x20, 0x00, 0x00, 0x00, 
  0x00, 0x3F, 0xF0, 0x00, 0x00, 0x00, 0x3F, 0xFF, 0xF0, 0x00, 0x00, 0x0F, 
  0xFF, 0xFF, 0xC0, 0x00, 0x03, 0xFF, 0xFF, 0xFF, 0x00, 0x00, 0x7F, 0xFF, 
  0xFF, 0xF8, 0x00, 0x1F, 0xFF, 0xFF, 0xFF, 0xE0, 0x03, 0xFF, 0xFF, 0xFF, 
  0xFE, 0x00, 0x3F, 0xFF, 0xFF, 0xFF, 0xF0, 0x07, 0xFF, 0xFF, 0xFF, 0xFF, 
  0x80, 0xFF, 0xFF, 0xFF, 0xFF, 0xFC, 0x1F, 0xFF, 0xFF, 0xFF, 0xFF, 0xC1, 
  0xFF, 0xFF, 0xEF, 0xFF, 0xFE, 0x3F, 0xFF, 0xF0, 0x1F, 0xFF, 0xE3, 0xFF, 
  0xFC, 0x00, 0x7F, 0xFE, 0x3F, 0xFF, 0xC0, 0x07, 0xFF, 0xF7, 0xFF, 0xF8, 
  0x00, 0x3F, 0xFF, 0x7F, 0xFF, 0x00, 0x03, 0xFF, 0xF7, 0xFF, 0xF0, 0x00, 
  0x1F, 0xFF, 0x7F, 0xFF, 0x00, 0x01, 0xFF, 0xF7, 0xFF, 0xF0, 0x00, 0x00, 
  0x00, 0xFF, 0xFE, 0x00, 0x00, 0x00, 0x0F, 0xFF, 0xE0, 0x00, 0x00, 0x00, 
  0xFF, 0xFE, 0x00, 0x00, 0x00, 0x0F, 0xFF, 0xE0, 0x00, 0x00, 0x00, 0xFF, 
  0xFE, 0x00, 0x00, 0x00, 0x0F, 0xFF, 0xE0, 0x00, 0x00, 0x00, 0xFF, 0xFE, 
  0x00, 0x00, 0x00, 0x0F, 0xFF, 0xE0, 0x00, 0x00, 0x00, 0xFF, 0xFE, 0x00, 
  0x00, 0x00, 0x0F, 0xFF, 0xE0, 0x00, 0x00, 0x00, 0xFF, 0xFE, 0x00, 0x00, 
  0x00, 0x07, 0xFF, 0xF0, 0x00, 0x00, 0x00, 0x7F, 0xFF, 0x00, 0x00, 0x00, 
  0x07, 0xFF, 0xF0, 0x00, 0x1F, 0xFF, 0x7F, 0xFF, 0x80, 0x01, 0xFF, 0xF7, 
  0xFF, 0xF8, 0x00, 0x3F, 0xFF, 0x3F, 0xFF, 0xC0, 0x03, 0xFF, 0xF3, 0xFF, 
  0xFE, 0x00, 0x7F, 0xFF, 0x3F, 0xFF, 0xF0, 0x0F, 0xFF, 0xE1, 0xFF, 0xFF, 
  0xE7, 0xFF, 0xFE, 0x1F, 0xFF, 0xFF, 0xFF, 0xFF, 0xE0, 0xFF, 0xFF, 0xFF, 
  0xFF, 0xFC, 0x07, 0xFF, 0xFF, 0xFF, 0xFF, 0x80, 0x7F, 0xFF, 0xFF, 0xFF, 
  0xF8, 0x03, 0xFF, 0xFF, 0xFF, 0xFF, 0x00, 0x1F, 0xFF, 0xFF, 0xFF, 0xE0, 
  0x00, 0x7F, 0xFF, 0xFF, 0xFC, 0x00, 0x03, 0xFF, 0xFF, 0xFF, 0x00, 0x00, 
  0x0F, 0xFF, 0xFF, 0xE0, 0x00, 0x00, 0x3F, 0xFF, 0xF0, 0x00, 0x00, 0x00, 
  0x3F, 0xF0, 0x00, 0x00, 0x00, 0x00, 0x00, 0x00, 0x7F, 0xFF, 0x00, 0x00, 
  0x00, 0x00, 0x7F, 0xFF, 0x00, 0x00, 0x00, 0x00, 0x7F, 0xFF, 0x00, 0x00, 
  0x00, 0x00, 0x7F, 0xFF, 0x00, 0x00, 0x00, 0x00, 0x7F, 0xFF, 0x00, 0x00, 
  0x00, 0x00, 0x7F, 0xFF, 0x00, 0x00, 0x00, 0x00, 0x7F, 0xFF, 0x00, 0x00, 
  0x00, 0x00, 0x7F, 0xFF, 0x00, 0x00, 0x00, 0x00, 0x7F, 0xFF, 0x00, 0x00, 
  0x00, 0x00, 0x7F, 0xFF, 0x00, 0x00, 0x00, 0x00, 0x7F, 0xFF, 0x00, 0x00, 
  0x00, 0x00, 0x7F, 0xFF, 0x00, 0x00, 0x00, 0x00, 0x7F, 0xFF, 0x00, 0x00, 
  0x00, 0x00, 0x7F, 0xFF, 0x00, 0x00, 0x00, 0x00, 0x7F, 0xFF, 0x00, 0x00, 
  0x00, 0x00, 0x7F, 0xFF, 0x00, 0x00, 0x30, 0x00, 0x7F, 0xFF, 0x00, 0x0F, 
  0xFF, 0x80, 0x7F, 0xFF, 0x00, 0x3F, 0xFF, 0xE0, 0x7F, 0xFF, 0x00, 0xFF, 
  0xFF, 0xF8, 0x7F, 0xFF, 0x01, 0xFF, 0xFF, 0xFC, 0x7F, 0xFF, 0x03, 0xFF, 
  0xFF, 0xFE, 0x7F, 0xFF, 0x07, 0xFF, 0xFF, 0xFF, 0x7F, 0xFF, 0x07, 0xFF, 
  0xFF, 0xFF, 0x7F, 0xFF, 0x0F, 0xFF, 0xFF, 0xFF, 0xFF, 0xFF, 0x1F, 0xFF, 
  0xFF, 0xFF, 0xFF, 0xFF, 0x1F, 0xFF, 0xFF, 0xFF, 0xFF, 0xFF, 0x3F, 0xFF, 
  0xFF, 0xFF, 0xFF, 0xFF, 0x3F, 0xFF, 0xF8, 0x0F, 0xFF, 0xFF, 0x3F, 0xFF, 
  0xE0, 0x07, 0xFF, 0xFF, 0x3F, 0xFF, 0xC0, 0x03, 0xFF, 0xFF, 0x7F, 0xFF, 
  0xC0, 0x01, 0xFF, 0xFF, 0x7F, 0xFF, 0x80, 0x00, 0xFF, 0xFF, 0x7F, 0xFF, 
  0x80, 0x00, 0xFF, 0xFF, 0x7F, 0xFF, 0x00, 0x00, 0xFF, 0xFF, 0x7F, 0xFF, 
  0x00, 0x00, 0x7F, 0xFF, 0x7F, 0xFF, 0x00, 0x00, 0x7F, 0xFF, 0xFF, 0xFF, 
  0x00, 0x00, 0x7F, 0xFF, 0xFF, 0xFF, 0x00, 0x00, 0x7F, 0xFF, 0xFF, 0xFF, 
  0x00, 0x00, 0x7F, 0xFF, 0xFF, 0xFF, 0x00, 0x00, 0x7F, 0xFF, 0xFF, 0xFF, 
  0x00, 0x00, 0x7F, 0xFF, 0xFF, 0xFF, 0x00, 0x00, 0x7F, 0xFF, 0xFF, 0xFF, 
  0x00, 0x00, 0x7F, 0xFF, 0xFF, 0xFF, 0x00, 0x00, 0x7F, 0xFF, 0xFF, 0xFF, 
  0x00, 0x00, 0x7F, 0xFF, 0x7F, 0xFF, 0x00, 0x00, 0x7F, 0xFF, 0x7F, 0xFF, 
  0x00, 0x00, 0x7F, 0xFF, 0x7F, 0xFF, 0x00, 0x00, 0xFF, 0xFF, 0x7F, 0xFF, 
  0x80, 0x00, 0xFF, 0xFF, 0x7F, 0xFF, 0x80, 0x00, 0xFF, 0xFF, 0x7F, 0xFF, 
  0xC0, 0x01, 0xFF, 0xFF, 0x3F, 0xFF, 0xC0, 0x03, 0xFF, 0xFF, 0x3F, 0xFF, 
  0xE0, 0x07, 0xFF, 0xFF, 0x3F, 0xFF, 0xF8, 0x0F, 0xFF, 0xFF, 0x3F, 0xFF, 
  0xFF, 0xFF, 0xFF, 0xFF, 0x1F, 0xFF, 0xFF, 0xFF, 0xFF, 0xFF, 0x1F, 0xFF, 
  0xFF, 0xFF, 0xFF, 0xFF, 0x0F, 0xFF, 0xFF, 0xFF, 0xFF, 0xFF, 0x07, 0xFF, 
  0xFF, 0xFF, 0x7F, 0xFF, 0x07, 0xFF, 0xFF, 0xFE, 0x7F, 0xFF, 0x03, 0xFF, 
  0xFF, 0xFE, 0x7F, 0xFF, 0x01, 0xFF, 0xFF, 0xFC, 0x7F, 0xFF, 0x00, 0x7F, 
  0xFF, 0xF8, 0x7F, 0xFF, 0x00, 0x3F, 0xFF, 0xE0, 0x7F, 0xFF, 0x00, 0x0F, 
  0xFF, 0x80, 0x7F, 0xFF, 0x00, 0x00, 0x40, 0x00, 0x00, 0x00, 0x00, 0x00, 
  0x3F, 0xF0, 0x00, 0x00, 0x00, 0x0F, 0xFF, 0xFC, 0x00, 0x00, 0x00, 0xFF, 
  0xFF, 0xFC, 0x00, 0x00, 0x0F, 0xFF, 0xFF, 0xFC, 0x00, 0x00, 0x7F, 0xFF, 
  0xFF, 0xF8, 0x00, 0x07, 0xFF, 0xFF, 0xFF, 0xF0, 0x00, 0x3F, 0xFF, 0xFF, 
  0xFF, 0xE0, 0x01, 0xFF, 0xFF, 0xFF, 0xFF, 0xC0, 0x07, 0xFF, 0xFF, 0xFF, 
  0xFF, 0x80, 0x3F, 0xFF, 0xFF, 0xFF, 0xFF, 0x01, 0xFF, 0xFF, 0xFF, 0xFF, 
  0xFC, 0x07, 0xFF, 0xF8, 0x07, 0xFF, 0xF8, 0x3F, 0xFF, 0xC0, 0x0F, 0xFF, 
  0xE0, 0xFF, 0xFE, 0x00, 0x1F, 0xFF, 0xC3, 0xFF, 0xF0, 0x00, 0x3F, 0xFF, 
  0x1F, 0xFF, 0xC0, 0x00, 0x7F, 0xFC, 0x7F, 0xFE, 0x00, 0x01, 0xFF, 0xF9, 
  0xFF, 0xF8, 0x00, 0x07, 0xFF, 0xE7, 0xFF, 0xE0, 0x00, 0x1F, 0xFF, 0x9F, 
  0xFF, 0x80, 0x00, 0x7F, 0xFE, 0xFF, 0xFF, 0xFF, 0xFF, 0xFF, 0xFB, 0xFF, 
  0xFF, 0xFF, 0xFF, 0xFF, 0xEF, 0xFF, 0xFF, 0xFF, 0xFF, 0xFF, 0xBF, 0xFF, 
  0xFF, 0xFF, 0xFF, 0xFF, 0xFF, 0xFF, 0xFF, 0xFF, 0xFF, 0xFF, 0xFF, 0xFF, 
  0xFF, 0xFF, 0xFF, 0xFF, 0xFF, 0xFF, 0xFF, 0xFF, 0xFF, 0xFF, 0xFF, 0xFF, 
  0xFF, 0xFF, 0xFF, 0xFF, 0xFE, 0x00, 0x00, 0x00, 0x03, 0xFF, 0xF8, 0x00, 
  0x00, 0x00, 0x0F, 0xFF, 0xE0, 0x00, 0x00, 0x00, 0x1F, 0xFF, 0x80, 0x00, 
  0x00, 0x00, 0x7F, 0xFE, 0x00, 0x00, 0x00, 0x01, 0xFF, 0xF8, 0x00, 0x00, 
  0x00, 0x07, 0xFF, 0xE0, 0x00, 0x0F, 0xFF, 0x9F, 0xFF, 0xC0, 0x00, 0x7F, 
  0xFE, 0x3F, 0xFF, 0x00, 0x01, 0xFF, 0xF8, 0xFF, 0xFE, 0x00, 0x0F, 0xFF, 
  0xE3, 0xFF, 0xFC, 0x00, 0x7F, 0xFF, 0x07, 0xFF, 0xFC, 0x07, 0xFF, 0xFC, 
  0x1F, 0xFF, 0xFF, 0xFF, 0xFF, 0xE0, 0x3F, 0xFF, 0xFF, 0xFF, 0xFF, 0x80, 
  0x7F, 0xFF, 0xFF, 0xFF, 0xFC, 0x01, 0xFF, 0xFF, 0xFF, 0xFF, 0xE0, 0x03, 
  0xFF, 0xFF, 0xFF, 0xFF, 0x80, 0x07, 0xFF, 0xFF, 0xFF, 0xFC, 0x00, 0x07, 
  0xFF, 0xFF, 0xFF, 0xC0, 0x00, 0x0F, 0xFF, 0xFF, 0xFE, 0x00, 0x00, 0x0F, 
  0xFF, 0xFF, 0xE0, 0x00, 0x00, 0x0F, 0xFF, 0xFE, 0x00, 0x00, 0x00, 0x03, 
  0xFF, 0x80, 0x00, 0x00, 0x00, 0x00, 0x0F, 0xFE, 0x00, 0x03, 0xFF, 0xFC, 
  0x00, 0x1F, 0xFF, 0xF8, 0x00, 0x7F, 0xFF, 0xF0, 0x01, 0xFF, 0xFF, 0xE0, 
  0x07, 0xFF, 0xFF, 0xC0, 0x1F, 0xFF, 0xFF, 0x80, 0x3F, 0xFF, 0xFF, 0x00, 
  0xFF, 0xFF, 0xFE, 0x01, 0xFF, 0xFF, 0xFC, 0x03, 0xFF, 0xFF, 0x80, 0x07, 
  0xFF, 0xF0, 0x00, 0x0F, 0xFF, 0xC0, 0x00, 0x1F, 0xFF, 0x80, 0x00, 0x3F, 
  0xFF, 0x00, 0x00, 0x7F, 0xFE, 0x00, 0x00, 0xFF, 0xFC, 0x00, 0x01, 0xFF, 
  0xF8, 0x00, 0x03, 0xFF, 0xF0, 0x07, 0xFF, 0xFF, 0xFF, 0xFF, 0xFF, 0xFF, 
  0xFF, 0xFF, 0xFF, 0xFF, 0xFF, 0xFF, 0xFF, 0xFF, 0xFF, 0xFF, 0xFF, 0xFF, 
  0xFF, 0xFF, 0xFF, 0xFF, 0xFF, 0xFF, 0xFF, 0xFF, 0xFF, 0xFF, 0xFF, 0xFF, 
  0xFF, 0xFF, 0xFF, 0xFF, 0xFF, 0xFF, 0xFF, 0xFF, 0xFF, 0xFF, 0xFF, 0xFF, 
  0xC0, 0x3F, 0xFF, 0x00, 0x00, 0x7F, 0xFE, 0x00, 0x00, 0xFF, 0xFC, 0x00, 
  0x01, 0xFF, 0xF8, 0x00, 0x03, 0xFF, 0xF0, 0x00, 0x07, 0xFF, 0xE0, 0x00, 
  0x0F, 0xFF, 0xC0, 0x00, 0x1F, 0xFF, 0x80, 0x00, 0x3F, 0xFF, 0x00, 0x00, 
  0x7F, 0xFE, 0x00, 0x00, 0xFF, 0xFC, 0x00, 0x01, 0xFF, 0xF8, 0x00, 0x03, 
  0xFF, 0xF0, 0x00, 0x07, 0xFF, 0xE0, 0x00, 0x0F, 0xFF, 0xC0, 0x00, 0x1F, 
  0xFF, 0x80, 0x00, 0x3F, 0xFF, 0x00, 0x00, 0x7F, 0xFE, 0x00, 0x00, 0xFF, 
  0xFC, 0x00, 0x01, 0xFF, 0xF8, 0x00, 0x03, 0xFF, 0xF0, 0x00, 0x07, 0xFF, 
  0xE0, 0x00, 0x0F, 0xFF, 0xC0, 0x00, 0x1F, 0xFF, 0x80, 0x00, 0x3F, 0xFF, 
  0x00, 0x00, 0x7F, 0xFE, 0x00, 0x00, 0xFF, 0xFC, 0x00, 0x01, 0xFF, 0xF8, 
  0x00, 0x03, 0xFF, 0xF0, 0x00, 0x07, 0xFF, 0xE0, 0x00, 0x0F, 0xFF, 0xC0, 
  0x00, 0x1F, 0xFF, 0x80, 0x00, 0x3F, 0xFF, 0x00, 0x00, 0x7F, 0xFE, 0x00, 
  0x00, 0xFF, 0xFC, 0x00, 0x01, 0xFF, 0xF8, 0x00, 0x03, 0xFF, 0xF0, 0x00, 
  0x07, 0xFF, 0xE0, 0x00, 0x00, 0x00, 0x60, 0x00, 0x00, 0x00, 0x00, 0x3F, 
  0xFE, 0x01, 0xFF, 0xFC, 0x01, 0xFF, 0xFF, 0x03, 0xFF, 0xF8, 0x0F, 0xFF, 
  0xFF, 0x87, 0xFF, 0xF0, 0x3F, 0xFF, 0xFF, 0x8F, 0xFF, 0xE0, 0xFF, 0xFF, 
  0xFF, 0x9F, 0xFF, 0xC3, 0xFF, 0xFF, 0xFF, 0xBF, 0xFF, 0x87, 0xFF, 0xFF, 
  0xFF, 0x7F, 0xFF, 0x1F, 0xFF, 0xFF, 0xFF, 0xFF, 0xFE, 0x7F, 0xFF, 0xFF, 
  0xFF, 0xFF, 0xFC, 0xFF, 0xFF, 0xFF, 0xFF, 0xFF, 0xF9, 0xFF, 0xFF, 0xFF, 
  0xFF, 0xFF, 0xF7, 0xFF, 0xFF, 0x01, 0xFF, 0xFF, 0xEF, 0xFF, 0xFC, 0x01, 
  0xFF, 0xFF, 0xDF, 0xFF, 0xE0, 0x01, 0xFF, 0xFF, 0xFF, 0xFF, 0xC0, 0x01, 
  0xFF, 0xFF, 0xFF, 0xFF, 0x00, 0x01, 0xFF, 0xFF, 0xFF, 0xFE, 0x00, 0x03, 
  0xFF, 0xFF, 0xFF, 0xF8, 0x00, 0x07, 0xFF, 0xFF, 0xFF, 0xF0, 0x00, 0x07, 
  0xFF, 0xFF, 0xFF, 0xE0, 0x00, 0x0F, 0xFF, 0xFF, 0xFF, 0xC0, 0x00, 0x1F, 
  0xFF, 0xFF, 0xFF, 0x80, 0x00, 0x3F, 0xFF, 0xFF, 0xFF, 0x00, 0x00, 0x7F, 
  0xFF, 0xFF, 0xFE, 0x00, 0x00, 0xFF, 0xFF, 0xFF, 0xFC, 0x00, 0x01, 0xFF, 
  0xFF, 0xFF, 0xF8, 0x00, 0x03, 0xFF, 0xFF, 0xFF, 0xF0, 0x00, 0x07, 0xFF, 
  0xFF, 0xFF, 0xE0, 0x00, 0x0F, 0xFF, 0xFF, 0xFF, 0xC0, 0x00, 0x1F, 0xFF, 
  0xFF, 0xFF, 0x80, 0x00, 0x3F, 0xFF, 0xFF, 0xFF, 0x00, 0x00, 0x7F, 0xFF, 
  0xFF, 0xFF, 0x00, 0x01, 0xFF, 0xFF, 0xFF, 0xFE, 0x00, 0x03, 0xFF, 0xFF, 
  0xFF, 0xFC, 0x00, 0x0F, 0xFF, 0xFB, 0xFF, 0xFC, 0x00, 0x1F, 0xFF, 0xF7, 
  0xFF, 0xFC, 0x00, 0x7F, 0xFF, 0xEF, 0xFF, 0xFC, 0x01, 0xFF, 0xFF, 0xCF, 
  0xFF, 0xFE, 0x1F, 0xFF, 0xFF, 0x9F, 0xFF, 0xFF, 0xFF, 0xFF, 0xFF, 0x1F, 
  0xFF, 0xFF, 0xFF, 0xFF, 0xFE, 0x3F, 0xFF, 0xFF, 0xFF, 0xFF, 0xFC, 0x3F, 
  0xFF, 0xFF, 0xFB, 0xFF, 0xF8, 0x3F, 0xFF, 0xFF, 0xE7, 0xFF, 0xF0, 0x3F, 
  0xFF, 0xFF, 0xCF, 0xFF, 0xE0, 0x3F, 0xFF, 0xFF, 0x1F, 0xFF, 0xC0, 0x3F, 
  0xFF, 0xF8, 0x3F, 0xFF, 0x80, 0x1F, 0xFF, 0xE0, 0x7F, 0xFF, 0x00, 0x0F, 
  0xFE, 0x00, 0xFF, 0xFE, 0x00, 0x00, 0x00, 0x01, 0xFF, 0xFC, 0x00, 0x00, 
  0x00, 0x03, 0xFF, 0xF8, 0x00, 0x00, 0x00, 0x07, 0xFF, 0xF0, 0x00, 0x00, 
  0x00, 0x1F, 0xFF, 0xEF, 0xFF, 0xC0, 0x00, 0x3F, 0xFF, 0x9F, 0xFF, 0x80, 
  0x00, 0xFF, 0xFF, 0x3F, 0xFF, 0x80, 0x03, 0xFF, 0xFE, 0x7F, 0xFF, 0xC0, 
  0x0F, 0xFF, 0xF8, 0x7F, 0xFF, 0xF8, 0xFF, 0xFF, 0xF0, 0xFF, 0xFF, 0xFF, 
  0xFF, 0xFF, 0xC0, 0xFF, 0xFF, 0xFF, 0xFF, 0xFF, 0x81, 0xFF, 0xFF, 0xFF, 
  0xFF, 0xFE, 0x01, 0xFF, 0xFF, 0xFF, 0xFF, 0xF8, 0x01, 0xFF, 0xFF, 0xFF, 
  0xFF, 0xE0, 0x01, 0xFF, 0xFF, 0xFF, 0xFF, 0x80, 0x00, 0xFF, 0xFF, 0xFF, 
  0xFC, 0x00, 0x00, 0x7F, 0xFF, 0xFF, 0xE0, 0x00, 0x00, 0x3F, 0xFF, 0xFE, 
  0x00, 0x00, 0x00, 0x07, 0xFF, 0xC0, 0x00, 0x00, 0xFF, 0xFC, 0x00, 0x00, 
  0x00, 0x07, 0xFF, 0xE0, 0x00, 0x00, 0x00, 0x3F, 0xFF, 0x00, 0x00, 0x00, 
  0x01, 0xFF, 0xF8, 0x00, 0x00, 0x00, 0x0F, 0xFF, 0xC0, 0x00, 0x00, 0x00, 
  0x7F, 0xFE, 0x00, 0x00, 0x00, 0x03, 0xFF, 0xF0, 0x00, 0x00, 0x00, 0x1F, 
  0xFF, 0x80, 0x00, 0x00, 0x00, 0xFF, 0xFC, 0x00, 0x00, 0x00, 0x07, 0xFF, 
  0xE0, 0x00, 0x00, 0x00, 0x3F, 0xFF, 0x00, 0x00, 0x00, 0x01, 0xFF, 0xF8, 
  0x00, 0x00, 0x00, 0x0F, 0xFF, 0xC0, 0x00, 0x00, 0x00, 0x7F, 0xFE, 0x00, 
  0x00, 0x00, 0x03, 0xFF, 0xF0, 0x00, 0x00, 0x00, 0x1F, 0xFF, 0x80, 0x00, 
  0x00, 0x00, 0xFF, 0xFC, 0x00, 0x3F, 0x00, 0x07, 0xFF, 0xE0, 0x1F, 0xFF, 
  0x80, 0x3F, 0xFF, 0x03, 0xFF, 0xFF, 0x01, 0xFF, 0xF8, 0x3F, 0xFF, 0xFC, 
  0x0F, 0xFF, 0xC3, 0xFF, 0xFF, 0xF0, 0x7F, 0xFE, 0x3F, 0xFF, 0xFF, 0xC3, 
  0xFF, 0xF3, 0xFF, 0xFF, 0xFF, 0x1F, 0xFF, 0xBF, 0xFF, 0xFF, 0xFC, 0xFF, 
  0xFD, 0xFF, 0xFF, 0xFF, 0xE7, 0xFF, 0xFF, 0xFF, 0xFF, 0xFF, 0xBF, 0xFF, 
  0xFF, 0xFF, 0xFF, 0xFD, 0xFF, 0xFF, 0xFF, 0xFF, 0xFF, 0xEF, 0xFF, 0xFF, 
  0xFF, 0xFF, 0xFF, 0xFF, 0xFF, 0xE0, 0x0F, 0xFF, 0xFF, 0xFF, 0xFE, 0x00, 
  0x3F, 0xFF, 0xFF, 0xFF, 0xE0, 0x00, 0xFF, 0xFF, 0xFF, 0xFE, 0x00, 0x03, 
  0xFF, 0xFF, 0xFF, 0xF0, 0x00, 0x1F, 0xFF, 0xFF, 0xFF, 0x80, 0x00, 0xFF, 
  0xFF, 0xFF, 0xF8, 0x00, 0x07, 0xFF, 0xFF, 0xFF, 0xC0, 0x00, 0x1F, 0xFF, 
  0xFF, 0xFE, 0x00, 0x00, 0xFF, 0xFF, 0xFF, 0xF0, 0x00, 0x07, 0xFF, 0xFF, 
  0xFF, 0x80, 0x00, 0x3F, 0xFF, 0xFF, 0xFC, 0x00, 0x01, 0xFF, 0xFF, 0xFF, 
  0xE0, 0x00, 0x0F, 0xFF, 0xFF, 0xFF, 0x00, 0x00, 0x7F, 0xFF, 0xFF, 0xF8, 
  0x00, 0x03, 0xFF, 0xFF, 0xFF, 0xC0, 0x00, 0x1F, 0xFF, 0xFF, 0xFE, 0x00, 
  0x00, 0xFF, 0xFF, 0xFF, 0xF0, 0x00, 0x07, 0xFF, 0xFF, 0xFF, 0x80, 0x00, 
  0x3F, 0xFF, 0xFF, 0xFC, 0x00, 0x01, 0xFF, 0xFF, 0xFF, 0xE0, 0x00, 0x0F, 
  0xFF, 0xFF, 0xFF, 0x00, 0x00, 0x7F, 0xFF, 0xFF, 0xF8, 0x00, 0x03, 0xFF, 
  0xFF, 0xFF, 0xC0, 0x00, 0x1F, 0xFF, 0xFF, 0xFE, 0x00, 0x00, 0xFF, 0xFF, 
  0xFF, 0xF0, 0x00, 0x07, 0xFF, 0xFF, 0xFF, 0x80, 0x00, 0x3F, 0xFF, 0xFF, 
  0xFC, 0x00, 0x01, 0xFF, 0xFF, 0xFF, 0xE0, 0x00, 0x0F, 0xFF, 0xFF, 0xFF, 
  0x00, 0x00, 0x7F, 0xFF, 0xFF, 0xF8, 0x00, 0x03, 0xFF, 0xFF, 0xFF, 0xC0, 
  0x00, 0x1F, 0xFF, 0xFF, 0xFE, 0x00, 0x00, 0xFF, 0xFF, 0xFF, 0xF0, 0x00, 
  0x07, 0xFF, 0xFF, 0xFF, 0x80, 0x00, 0x3F, 0xFF, 0xFF, 0xFC, 0x00, 0x01, 
  0xFF, 0xFF, 0xFF, 0xE0, 0x00, 0x0F, 0xFF, 0xC0, 0x01, 0x80, 0x0F, 0xF0, 
  0x3F, 0xFC, 0x3F, 0xFE, 0x7F, 0xFE, 0x7F, 0xFF, 0xFF, 0xFF, 0xFF, 0xFF, 
  0xFF, 0xFF, 0xFF, 0xFF, 0x7F, 0xFF, 0x7F, 0xFE, 0x3F, 0xFC, 0x1F, 0xF8, 
  0x07, 0xE0, 0x00, 0x00, 0x00, 0x00, 0x00, 0x00, 0x00, 0x00, 0x00, 0x00, 
  0x7F, 0xFF, 0x7F, 0xFF, 0x7F, 0xFF, 0x7F, 0xFF, 0x7F, 0xFF, 0x7F, 0xFF, 
  0x7F, 0xFF, 0x7F, 0xFF, 0x7F, 0xFF, 0x7F, 0xFF, 0x7F, 0xFF, 0x7F, 0xFF, 
  0x7F, 0xFF, 0x7F, 0xFF, 0x7F, 0xFF, 0x7F, 0xFF, 0x7F, 0xFF, 0x7F, 0xFF, 
  0x7F, 0xFF, 0x7F, 0xFF, 0x7F, 0xFF, 0x7F, 0xFF, 0x7F, 0xFF, 0x7F, 0xFF, 
  0x7F, 0xFF, 0x7F, 0xFF, 0x7F, 0xFF, 0x7F, 0xFF, 0x7F, 0xFF, 0x7F, 0xFF, 
  0x7F, 0xFF, 0x7F, 0xFF, 0x7F, 0xFF, 0x7F, 0xFF, 0x7F, 0xFF, 0x7F, 0xFF, 
  0x7F, 0xFF, 0x7F, 0xFF, 0x7F, 0xFF, 0x7F, 0xFF, 0x7F, 0xFF, 0x7F, 0xFF, 
  0x7F, 0xFF, 0x7F, 0xFF, 0x7F, 0xFF, 0x7F, 0xFF, 0x7F, 0xFF, 0x7F, 0xFF, 
  0x7F, 0xFF, 0x00, 0x01, 0x80, 0x00, 0x0F, 0xF0, 0x00, 0x3F, 0xFC, 0x00, 
  0x3F, 0xFE, 0x00, 0x7F, 0xFE, 0x00, 0x7F, 0xFF, 0x00, 0xFF, 0xFF, 0x00, 
  0xFF, 0xFF, 0x00, 0xFF, 0xFF, 0x00, 0xFF, 0xFF, 0x00, 0x7F, 0xFF, 0x00, 
  0x7F, 0xFE, 0x00, 0x3F, 0xFC, 0x00, 0x1F, 0xF8, 0x00, 0x07, 0xE0, 0x00, 
  0x00, 0x00, 0x00, 0x00, 0x00, 0x00, 0x00, 0x00, 0x00, 0x00, 0x00, 0x00, 
  0x00, 0x00, 0x00, 0x7F, 0xFE, 0x00, 0x7F, 0xFE, 0x00, 0x7F, 0xFE, 0x00, 
  0x7F, 0xFE, 0x00, 0x7F, 0xFE, 0x00, 0x7F, 0xFE, 0x00, 0x7F, 0xFE, 0x00, 
  0x7F, 0xFE, 0x00, 0x7F, 0xFE, 0x00, 0x7F, 0xFE, 0x00, 0x7F, 0xFE, 0x00, 
  0x7F, 0xFE, 0x00, 0x7F, 0xFE, 0x00, 0x7F, 0xFE, 0x00, 0x7F, 0xFE, 0x00, 
  0x7F, 0xFE, 0x00, 0x7F, 0xFE, 0x00, 0x7F, 0xFE, 0x00, 0x7F, 0xFE, 0x00, 
  0x7F, 0xFE, 0x00, 0x7F, 0xFE, 0x00, 0x7F, 0xFE, 0x00, 0x7F, 0xFE, 0x00, 
  0x7F, 0xFE, 0x00, 0x7F, 0xFE, 0x00, 0x7F, 0xFE, 0x00, 0x7F, 0xFE, 0x00, 
  0x7F, 0xFE, 0x00, 0x7F, 0xFE, 0x00, 0x7F, 0xFE, 0x00, 0x7F, 0xFE, 0x00, 
  0x7F, 0xFE, 0x00, 0x7F, 0xFE, 0x00, 0x7F, 0xFE, 0x00, 0x7F, 0xFE, 0x00, 
  0x7F, 0xFE, 0x00, 0x7F, 0xFE, 0x00, 0x7F, 0xFE, 0x00, 0x7F, 0xFE, 0x00, 
  0x7F, 0xFE, 0x00, 0x7F, 0xFE, 0x00, 0x7F, 0xFE, 0x00, 0x7F, 0xFE, 0x00, 
  0x7F, 0xFE, 0x00, 0x7F, 0xFE, 0x00, 0x7F, 0xFE, 0x00, 0x7F, 0xFE, 0x00, 
  0x7F, 0xFE, 0x00, 0x7F, 0xFE, 0x00, 0x7F, 0xFE, 0x00, 0x7F, 0xFE, 0x00, 
  0x7F, 0xFE, 0x00, 0xFF, 0xFE, 0x00, 0xFF, 0xFE, 0x01, 0xFF, 0xFE, 0x07, 
  0xFF, 0xFE, 0xFF, 0xFF, 0xFC, 0xFF, 0xFF, 0xFC, 0xFF, 0xFF, 0xFC, 0xFF, 
  0xFF, 0xF8, 0xFF, 0xFF, 0xF0, 0xFF, 0xFF, 0xE0, 0xFF, 0xFF, 0xC0, 0xFF, 
  0xFF, 0x80, 0xFF, 0xFE, 0x00, 0xFF, 0xF0, 0x00, 0xFF, 0xFE, 0x00, 0x00, 
  0x00, 0x01, 0xFF, 0xFC, 0x00, 0x00, 0x00, 0x03, 0xFF, 0xF8, 0x00, 0x00, 
  0x00, 0x07, 0xFF, 0xF0, 0x00, 0x00, 0x00, 0x0F, 0xFF, 0xE0, 0x00, 0x00, 
  0x00, 0x1F, 0xFF, 0xC0, 0x00, 0x00, 0x00, 0x3F, 0xFF, 0x80, 0x00, 0x00, 
  0x00, 0x7F, 0xFF, 0x00, 0x00, 0x00, 0x00, 0xFF, 0xFE, 0x00, 0x00, 0x00, 
  0x01, 0xFF, 0xFC, 0x00, 0x00, 0x00, 0x03, 0xFF, 0xF8, 0x00, 0x00, 0x00, 
  0x07, 0xFF, 0xF0, 0x00, 0x00, 0x00, 0x0F, 0xFF, 0xE0, 0x00, 0x00, 0x00, 
  0x1F, 0xFF, 0xC0, 0x00, 0x00, 0x00, 0x3F, 0xFF, 0x80, 0x00, 0x00, 0x00, 
  0x7F, 0xFF, 0x00, 0x00, 0x00, 0x00, 0xFF, 0xFE, 0x00, 0x00, 0x00, 0x01, 
  0xFF, 0xFC, 0x00, 0x0F, 0xFF, 0xFB, 0xFF, 0xF8, 0x00, 0x3F, 0xFF, 0xE7, 
  0xFF, 0xF0, 0x00, 0x7F, 0xFF, 0x8F, 0xFF, 0xE0, 0x01, 0xFF, 0xFE, 0x1F, 
  0xFF, 0xC0, 0x07, 0xFF, 0xFC, 0x3F, 0xFF, 0x80, 0x0F, 0xFF, 0xF0, 0x7F, 
  0xFF, 0x00, 0x3F, 0xFF, 0xC0, 0xFF, 0xFE, 0x00, 0xFF, 0xFF, 0x01, 0xFF, 
  0xFC, 0x03, 0xFF, 0xFC, 0x03, 0xFF, 0xF8, 0x07, 0xFF, 0xF8, 0x07, 0xFF, 
  0xF0, 0x1F, 0xFF, 0xE0, 0x0F, 0xFF, 0xE0, 0x7F, 0xFF, 0x80, 0x1F, 0xFF, 
  0xC0, 0xFF, 0xFE, 0x00, 0x3F, 0xFF, 0x83, 0xFF, 0xF8, 0x00, 0x7F, 0xFF, 
  0x0F, 0xFF, 0xF0, 0x00, 0xFF, 0xFE, 0x3F, 0xFF, 0xC0, 0x01, 0xFF, 0xFC, 
  0x7F, 0xFF, 0x00, 0x03, 0xFF, 0xF9, 0xFF, 0xFC, 0x00, 0x07, 0xFF, 0xF7, 
  0xFF, 0xF0, 0x00, 0x0F, 0xFF, 0xFF, 0xFF, 0xE0, 0x00, 0x1F, 0xFF, 0xFF, 
  0xFF, 0x80, 0x00, 0x3F, 0xFF, 0xFF, 0xFF, 0x00, 0x00, 0x7F, 0xFF, 0xFF, 
  0xFE, 0x00, 0x00, 0xFF, 0xFF, 0xFF, 0xFE, 0x00, 0x01, 0xFF, 0xFF, 0xFF, 
  0xFE, 0x00, 0x03, 0xFF, 0xFF, 0xFF, 0xFC, 0x00, 0x07, 0xFF, 0xFF, 0xFF, 
  0xFC, 0x00, 0x0F, 0xFF, 0xFF, 0xFF, 0xF8, 0x00, 0x1F, 0xFF, 0xFF, 0xFF, 
  0xF8, 0x00, 0x3F, 0xFF, 0xFF, 0xFF, 0xF8, 0x00, 0x7F, 0xFF, 0xCF, 0xFF, 
  0xF0, 0x00, 0xFF, 0xFF, 0x1F, 0xFF, 0xF0, 0x01, 0xFF, 0xFC, 0x1F, 0xFF, 
  0xF0, 0x03, 0xFF, 0xF8, 0x1F, 0xFF, 0xE0, 0x07, 0xFF, 0xF0, 0x3F, 0xFF, 
  0xE0, 0x0F, 0xFF, 0xE0, 0x3F, 0xFF, 0xE0, 0x1F, 0xFF, 0xC0, 0x7F, 0xFF, 
  0xC0, 0x3F, 0xFF, 0x80, 0x7F, 0xFF, 0xC0, 0x7F, 0xFF, 0x00, 0x7F, 0xFF, 
  0xC0, 0xFF, 0xFE, 0x00, 0xFF, 0xFF, 0x81, 0xFF, 0xFC, 0x00, 0xFF, 0xFF, 
  0x83, 0xFF, 0xF8, 0x00, 0xFF, 0xFF, 0x87, 0xFF, 0xF0, 0x01, 0xFF, 0xFF, 
  0x0F, 0xFF, 0xE0, 0x01, 0xFF, 0xFF, 0x1F, 0xFF, 0xC0, 0x03, 0xFF, 0xFF, 
  0x3F, 0xFF, 0x80, 0x03, 0xFF, 0xFE, 0x7F, 0xFF, 0x00, 0x03, 0xFF, 0xFE, 
  0xFF, 0xFE, 0x00, 0x07, 0xFF, 0xFD, 0xFF, 0xFC, 0x00, 0x07, 0xFF, 0xFC, 
  0xFF, 0xFF, 0xFF, 0xFF, 0xFF, 0xFF, 0xFF, 0xFF, 0xFF, 0xFF, 0xFF, 0xFF, 
  0xFF, 0xFF, 0xFF, 0xFF, 0xFF, 0xFF, 0xFF, 0xFF, 0xFF, 0xFF, 0xFF, 0xFF, 
  0xFF, 0xFF, 0xFF, 0xFF, 0xFF, 0xFF, 0xFF, 0xFF, 0xFF, 0xFF, 0xFF, 0xFF, 
  0xFF, 0xFF, 0xFF, 0xFF, 0xFF, 0xFF, 0xFF, 0xFF, 0xFF, 0xFF, 0xFF, 0xFF, 
  0xFF, 0xFF, 0xFF, 0xFF, 0xFF, 0xFF, 0xFF, 0xFF, 0xFF, 0xFF, 0xFF, 0xFF, 
  0xFF, 0xFF, 0xFF, 0xFF, 0xFF, 0xFF, 0xFF, 0xFF, 0xFF, 0xFF, 0xFF, 0xFF, 
  0xFF, 0xFF, 0xFF, 0xFF, 0xFF, 0xFF, 0xFF, 0xFF, 0xFF, 0xFF, 0xFF, 0xFF, 
  0xFF, 0xFF, 0xFF, 0xFF, 0xFF, 0xFF, 0xFF, 0xFF, 0xFF, 0xFF, 0xFF, 0xFF, 
  0xFF, 0xFF, 0xFF, 0xFF, 0xFF, 0xFF, 0xFF, 0xFF, 0xFF, 0xFF, 0xFF, 0xFF, 
  0xFF, 0xFF, 0xFF, 0xFF, 0xFF, 0xFF, 0xFF, 0xF0, 0x00, 0x00, 0x00, 0x7F, 
  0x00, 0x00, 0x03, 0xF8, 0x00, 0x7F, 0xFF, 0x01, 0xFF, 0xF0, 0x00, 0x1F, 
  0xFF, 0x80, 0x3F, 0xFF, 0x83, 0xFF, 0xFE, 0x00, 0x3F, 0xFF, 0xF0, 0x1F, 
  0xFF, 0xC3, 0xFF, 0xFF, 0x80, 0x3F, 0xFF, 0xFE, 0x0F, 0xFF, 0xE3, 0xFF, 
  0xFF, 0xE0, 0x3F, 0xFF, 0xFF, 0x87, 0xFF, 0xF3, 0xFF, 0xFF, 0xF8, 0x3F, 
  0xFF, 0xFF, 0xE3, 0xFF, 0xFB, 0xFF, 0xFF, 0xFE, 0x3F, 0xFF, 0xFF, 0xF1, 
  0xFF, 0xFD, 0xFF, 0xFF, 0xFF, 0x3F, 0xFF, 0xFF, 0xFC, 0xFF, 0xFF, 0xFF, 
  0xFF, 0xFF, 0xDF, 0xFF, 0xFF, 0xFE, 0x7F, 0xFF, 0xFF, 0xFF, 0xFF, 0xFF, 
  0xFF, 0xFF, 0xFF, 0xBF, 0xFF, 0xFF, 0xFF, 0xFF, 0xFF, 0xFF, 0xFF, 0xFF, 
  0xDF, 0xFF, 0xFF, 0xFF, 0xFF, 0xFF, 0xFF, 0xFF, 0xFF, 0xEF, 0xFF, 0xFF, 
  0x0F, 0xFF, 0xFF, 0xF8, 0x7F, 0xFF, 0xFF, 0xFF, 0xFE, 0x00, 0xFF, 0xFF, 
  0xF0, 0x0F, 0xFF, 0xFF, 0xFF, 0xFE, 0x00, 0x3F, 0xFF, 0xF0, 0x03, 0xFF, 
  0xFF, 0xFF, 0xFE, 0x00, 0x1F, 0xFF, 0xF0, 0x00, 0xFF, 0xFF, 0xFF, 0xFF, 
  0x00, 0x07, 0xFF, 0xF0, 0x00, 0x3F, 0xFF, 0xFF, 0xFF, 0x00, 0x03, 0xFF, 
  0xF8, 0x00, 0x1F, 0xFF, 0xFF, 0xFF, 0x80, 0x01, 0xFF, 0xFC, 0x00, 0x0F, 
  0xFF, 0xFF, 0xFF, 0xC0, 0x00, 0x7F, 0xFE, 0x00, 0x07, 0xFF, 0xFF, 0xFF, 
  0xE0, 0x00, 0x3F, 0xFF, 0x00, 0x03, 0xFF, 0xFF, 0xFF, 0xF0, 0x00, 0x1F, 
  0xFF, 0x80, 0x01, 0xFF, 0xFF, 0xFF, 0xF8, 0x00, 0x0F, 0xFF, 0xC0, 0x00, 
  0xFF, 0xFF, 0xFF, 0xFC, 0x00, 0x07, 0xFF, 0xE0, 0x00, 0x7F, 0xFF, 0xFF, 
  0xFE, 0x00, 0x03, 0xFF, 0xF0, 0x00, 0x3F, 0xFF, 0xFF, 0xFF, 0x00, 0x01, 
  0xFF, 0xF8, 0x00, 0x1F, 0xFF, 0xFF, 0xFF, 0x80, 0x00, 0xFF, 0xFC, 0x00, 
  0x0F, 0xFF, 0xFF, 0xFF, 0xC0, 0x00, 0x7F, 0xFE, 0x00, 0x07, 0xFF, 0xFF, 
  0xFF, 0xE0, 0x00, 0x3F, 0xFF, 0x00, 0x03, 0xFF, 0xFF, 0xFF, 0xF0, 0x00, 
  0x1F, 0xFF, 0x80, 0x01, 0xFF, 0xFF, 0xFF, 0xF8, 0x00, 0x0F, 0xFF, 0xC0, 
  0x00, 0xFF, 0xFF, 0xFF, 0xFC, 0x00, 0x07, 0xFF, 0xE0, 0x00, 0x7F, 0xFF, 
  0xFF, 0xFE, 0x00, 0x03, 0xFF, 0xF0, 0x00, 0x3F, 0xFF, 0xFF, 0xFF, 0x00, 
  0x01, 0xFF, 0xF8, 0x00, 0x1F, 0xFF, 0xFF, 0xFF, 0x80, 0x00, 0xFF, 0xFC, 
  0x00, 0x0F, 0xFF, 0xFF, 0xFF, 0xC0, 0x00, 0x7F, 0xFE, 0x00, 0x07, 0xFF, 
  0xFF, 0xFF, 0xE0, 0x00, 0x3F, 0xFF, 0x00, 0x03, 0xFF, 0xFF, 0xFF, 0xF0, 
  0x00, 0x1F, 0xFF, 0x80, 0x01, 0xFF, 0xFF, 0xFF, 0xF8, 0x00, 0x0F, 0xFF, 
  0xC0, 0x00, 0xFF, 0xFF, 0xFF, 0xFC, 0x00, 0x07, 0xFF, 0xE0, 0x00, 0x7F, 
  0xFF, 0xFF, 0xFE, 0x00, 0x03, 0xFF, 0xF0, 0x00, 0x3F, 0xFF, 0xFF, 0xFF, 
  0x00, 0x01, 0xFF, 0xF8, 0x00, 0x1F, 0xFF, 0xFF, 0xFF, 0x80, 0x00, 0xFF, 
  0xFC, 0x00, 0x0F, 0xFF, 0xFF, 0xFF, 0xC0, 0x00, 0x7F, 0xFE, 0x00, 0x07, 
  0xFF, 0xFF, 0xFF, 0xE0, 0x00, 0x3F, 0xFF, 0x00, 0x03, 0xFF, 0xFF, 0xFF, 
  0xF0, 0x00, 0x1F, 0xFF, 0x80, 0x01, 0xFF, 0xFF, 0xFF, 0xF8, 0x00, 0x0F, 
  0xFF, 0xC0, 0x00, 0xFF, 0xFF, 0xFF, 0xFC, 0x00, 0x07, 0xFF, 0xE0, 0x00, 
  0x7F, 0xFF, 0xFF, 0xFE, 0x00, 0x03, 0xFF, 0xF0, 0x00, 0x3F, 0xFF, 0xFF, 
  0xFF, 0x00, 0x01, 0xFF, 0xF8, 0x00, 0x1F, 0xFF, 0xC0, 0x00, 0x00, 0x00, 
  0x3F, 0x80, 0x03, 0xFF, 0xF8, 0x07, 0xFF, 0xC0, 0x0F, 0xFF, 0xE0, 0x7F, 
  0xFF, 0xC0, 0x3F, 0xFF, 0x87, 0xFF, 0xFF, 0xC0, 0xFF, 0xFE, 0x3F, 0xFF, 
  0xFF, 0x83, 0xFF, 0xF9, 0xFF, 0xFF, 0xFF, 0x0F, 0xFF, 0xEF, 0xFF, 0xFF, 
  0xFE, 0x3F, 0xFF, 0xBF, 0xFF, 0xFF, 0xF8, 0xFF, 0xFF, 0xFF, 0xFF, 0xFF, 
  0xF3, 0xFF, 0xFF, 0xFF, 0xFF, 0xFF, 0xCF, 0xFF, 0xFF, 0xFF, 0xFF, 0xFF, 
  0xBF, 0xFF, 0xFF, 0xFF, 0xFF, 0xFE, 0xFF, 0xFF, 0xFF, 0xFF, 0xFF, 0xFB, 
  0xFF, 0xFF, 0x80, 0x7F, 0xFF, 0xFF, 0xFF, 0xFC, 0x00, 0x7F, 0xFF, 0xFF, 
  0xFF, 0xE0, 0x00, 0xFF, 0xFF, 0xFF, 0xFF, 0x00, 0x03, 0xFF, 0xFF, 0xFF, 
  0xFC, 0x00, 0x07, 0xFF, 0xFF, 0xFF, 0xE0, 0x00, 0x1F, 0xFF, 0xFF, 0xFF, 
  0x80, 0x00, 0x7F, 0xFF, 0xFF, 0xFE, 0x00, 0x01, 0xFF, 0xFF, 0xFF, 0xF8, 
  0x00, 0x07, 0xFF, 0xFF, 0xFF, 0xE0, 0x00, 0x1F, 0xFF, 0xFF, 0xFF, 0x80, 
  0x00, 0x7F, 0xFF, 0xFF, 0xFE, 0x00, 0x01, 0xFF, 0xFF, 0xFF, 0xF8, 0x00, 
  0x07, 0xFF, 0xFF, 0xFF, 0xE0, 0x00, 0x1F, 0xFF, 0xFF, 0xFF, 0x80, 0x00, 
  0x7F, 0xFF, 0xFF, 0xFE, 0x00, 0x01, 0xFF, 0xFF, 0xFF, 0xF8, 0x00, 0x07, 
  0xFF, 0xFF, 0xFF, 0xE0, 0x00, 0x1F, 0xFF, 0xFF, 0xFF, 0x80, 0x00, 0x7F, 
  0xFF, 0xFF, 0xFE, 0x00, 0x01, 0xFF, 0xFF, 0xFF, 0xF8, 0x00, 0x07, 0xFF, 
  0xFF, 0xFF, 0xE0, 0x00, 0x1F, 0xFF, 0xFF, 0xFF, 0x80, 0x00, 0x7F, 0xFF, 
  0xFF, 0xFE, 0x00, 0x01, 0xFF, 0xFF, 0xFF, 0xF8, 0x00, 0x07, 0xFF, 0xFF, 
  0xFF, 0xE0, 0x00, 0x1F, 0xFF, 0xFF, 0xFF, 0x80, 0x00, 0x7F, 0xFF, 0xFF, 
  0xFE, 0x00, 0x01, 0xFF, 0xFF, 0xFF, 0xF8, 0x00, 0x07, 0xFF, 0xFF, 0xFF, 
  0xE0, 0x00, 0x1F, 0xFF, 0xFF, 0xFF, 0x80, 0x00, 0x7F, 0xFF, 0xFF, 0xFE, 
  0x00, 0x01, 0xFF, 0xFF, 0xFF, 0xF8, 0x00, 0x07, 0xFF, 0xFF, 0xFF, 0xE0, 
  0x00, 0x1F, 0xFF, 0xFF, 0xFF, 0x80, 0x00, 0x7F, 0xFF, 0xFF, 0xFE, 0x00, 
  0x01, 0xFF, 0xFF, 0xFF, 0xF8, 0x00, 0x07, 0xFF, 0xF0, 0x00, 0x00, 0x3F, 
  0xF8, 0x00, 0x00, 0x00, 0x03, 0xFF, 0xFF, 0x00, 0x00, 0x00, 0x3F, 0xFF, 
  0xFF, 0x80, 0x00, 0x01, 0xFF, 0xFF, 0xFF, 0xC0, 0x00, 0x07, 0xFF, 0xFF, 
  0xFF, 0xC0, 0x00, 0x1F, 0xFF, 0xFF, 0xFF, 0xE0, 0x00, 0x7F, 0xFF, 0xFF, 
  0xFF, 0xE0, 0x01, 0xFF, 0xFF, 0xFF, 0xFF, 0xE0, 0x07, 0xFF, 0xFF, 0xFF, 
  0xFF, 0xC0, 0x1F, 0xFF, 0xFF, 0xFF, 0xFF, 0xC0, 0x3F, 0xFF, 0xFF, 0xFF, 
  0xFF, 0xC0, 0xFF, 0xFF, 0xC1, 0xFF, 0xFF, 0x81, 0xFF, 0xFE, 0x00, 0xFF, 
  0xFF, 0x87, 0xFF, 0xF8, 0x00, 0xFF, 0xFF, 0x0F, 0xFF, 0xE0, 0x00, 0xFF, 
  0xFF, 0x3F, 0xFF, 0xC0, 0x01, 0xFF, 0xFE, 0x7F, 0xFF, 0x00, 0x01, 0xFF, 
  0xFC, 0xFF, 0xFE, 0x00, 0x03, 0xFF, 0xF9, 0xFF, 0xFC, 0x00, 0x07, 0xFF, 
  0xF3, 0xFF, 0xF8, 0x00, 0x07, 0xFF, 0xFF, 0xFF, 0xE0, 0x00, 0x0F, 0xFF, 
  0xFF, 0xFF, 0xC0, 0x00, 0x1F, 0xFF, 0xFF, 0xFF, 0x80, 0x00, 0x3F, 0xFF, 
  0xFF, 0xFF, 0x00, 0x00, 0x7F, 0xFF, 0xFF, 0xFE, 0x00, 0x00, 0xFF, 0xFF, 
  0xFF, 0xFC, 0x00, 0x01, 0xFF, 0xFF, 0xFF, 0xF8, 0x00, 0x03, 0xFF, 0xFF, 
  0xFF, 0xF0, 0x00, 0x07, 0xFF, 0xFF, 0xFF, 0xE0, 0x00, 0x0F, 0xFF, 0xFF, 
  0xFF, 0xC0, 0x00, 0x1F, 0xFF, 0xFF, 0xFF, 0x80, 0x00, 0x3F, 0xFF, 0xBF, 
  0xFF, 0x80, 0x00, 0x7F, 0xFF, 0x7F, 0xFF, 0x00, 0x01, 0xFF, 0xFC, 0xFF, 
  0xFE, 0x00, 0x03, 0xFF, 0xF9, 0xFF, 0xFC, 0x00, 0x07, 0xFF, 0xF3, 0xFF, 
  0xFC, 0x00, 0x1F, 0xFF, 0xE3, 0xFF, 0xF8, 0x00, 0x3F, 0xFF, 0xC7, 0xFF, 
  0xF8, 0x00, 0xFF, 0xFF, 0x0F, 0xFF, 0xF8, 0x03, 0xFF, 0xFE, 0x0F, 0xFF, 
  0xFC, 0x1F, 0xFF, 0xF8, 0x1F, 0xFF, 0xFF, 0xFF, 0xFF, 0xF0, 0x1F, 0xFF, 
  0xFF, 0xFF, 0xFF, 0xC0, 0x1F, 0xFF, 0xFF, 0xFF, 0xFF, 0x80, 0x3F, 0xFF, 
  0xFF, 0xFF, 0xFE, 0x00, 0x3F, 0xFF, 0xFF, 0xFF, 0xF8, 0x00, 0x3F, 0xFF, 
  0xFF, 0xFF, 0xE0, 0x00, 0x1F, 0xFF, 0xFF, 0xFF, 0x80, 0x00, 0x1F, 0xFF, 
  0xFF, 0xFC, 0x00, 0x00, 0x0F, 0xFF, 0xFF, 0xE0, 0x00, 0x00, 0x07, 0xFF, 
  0xFF, 0x00, 0x00, 0x00, 0x00, 0x7F, 0xE0, 0x00, 0x00, 0x00, 0x00, 0x00, 
  0x04, 0x00, 0x00, 0xFF, 0xFE, 0x01, 0xFF, 0xF0, 0x00, 0xFF, 0xFE, 0x07, 
  0xFF, 0xFC, 0x00, 0xFF, 0xFE, 0x0F, 0xFF, 0xFF, 0x00, 0xFF, 0xFE, 0x3F, 
  0xFF, 0xFF, 0x80, 0xFF, 0xFE, 0x3F, 0xFF, 0xFF, 0xC0, 0xFF, 0xFE, 0x7F, 
  0xFF, 0xFF, 0xE0, 0xFF, 0xFE, 0xFF, 0xFF, 0xFF, 0xF0, 0xFF, 0xFF, 0xFF, 
  0xFF, 0xFF, 0xF0, 0xFF, 0xFF, 0xFF, 0xFF, 0xFF, 0xF8, 0xFF, 0xFF, 0xFF, 
  0xFF, 0xFF, 0xF8, 0xFF, 0xFF, 0xFF, 0xFF, 0xFF, 0xFC, 0xFF, 0xFF, 0xF8, 
  0x1F, 0xFF, 0xFC, 0xFF, 0xFF, 0xE0, 0x07, 0xFF, 0xFC, 0xFF, 0xFF, 0xC0, 
  0x03, 0xFF, 0xFE, 0xFF, 0xFF, 0x80, 0x03, 0xFF, 0xFE, 0xFF, 0xFF, 0x80, 
  0x01, 0xFF, 0xFE, 0xFF, 0xFF, 0x00, 0x01, 0xFF, 0xFE, 0xFF, 0xFF, 0x00, 
  0x00, 0xFF, 0xFE, 0xFF, 0xFF, 0x00, 0x00, 0xFF, 0xFF, 0xFF, 0xFE, 0x00, 
  0x00, 0xFF, 0xFF, 0xFF, 0xFE, 0x00, 0x00, 0xFF, 0xFF, 0xFF, 0xFE, 0x00, 
  0x00, 0xFF, 0xFF, 0xFF, 0xFE, 0x00, 0x00, 0xFF, 0xFF, 0xFF, 0xFE, 0x00, 
  0x00, 0xFF, 0xFF, 0xFF, 0xFE, 0x00, 0x00, 0xFF, 0xFF, 0xFF, 0xFE, 0x00, 
  0x00, 0xFF, 0xFF, 0xFF, 0xFE, 0x00, 0x00, 0xFF, 0xFF, 0xFF, 0xFE, 0x00, 
  0x00, 0xFF, 0xFF, 0xFF, 0xFE, 0x00, 0x00, 0xFF, 0xFF, 0xFF, 0xFE, 0x00, 
  0x00, 0xFF, 0xFF, 0xFF, 0xFF, 0x00, 0x00, 0xFF, 0xFE, 0xFF, 0xFF, 0x00, 
  0x00, 0xFF, 0xFE, 0xFF, 0xFF, 0x00, 0x01, 0xFF, 0xFE, 0xFF, 0xFF, 0x80, 
  0x01, 0xFF, 0xFE, 0xFF, 0xFF, 0x80, 0x01, 0xFF, 0xFE, 0xFF, 0xFF, 0xC0, 
  0x03, 0xFF, 0xFE, 0xFF, 0xFF, 0xE0, 0x07, 0xFF, 0xFC, 0xFF, 0xFF, 0xF8, 
  0x1F, 0xFF, 0xFC, 0xFF, 0xFF, 0xFF, 0xFF, 0xFF, 0xFC, 0xFF, 0xFF, 0xFF, 
  0xFF, 0xFF, 0xF8, 0xFF, 0xFF, 0xFF, 0xFF, 0xFF, 0xF8, 0xFF, 0xFF, 0xFF, 
  0xFF, 0xFF, 0xF0, 0xFF, 0xFE, 0xFF, 0xFF, 0xFF, 0xF0, 0xFF, 0xFE, 0x7F, 
  0xFF, 0xFF, 0xE0, 0xFF, 0xFE, 0x3F, 0xFF, 0xFF, 0xC0, 0xFF, 0xFE, 0x1F, 
  0xFF, 0xFF, 0x80, 0xFF, 0xFE, 0x0F, 0xFF, 0xFF, 0x00, 0xFF, 0xFE, 0x07, 
  0xFF, 0xFC, 0x00, 0xFF, 0xFE, 0x01, 0xFF, 0xF0, 0x00, 0xFF, 0xFE, 0x00, 
  0x04, 0x00, 0x00, 0xFF, 0xFE, 0x00, 0x00, 0x00, 0x00, 0xFF, 0xFE, 0x00, 
  0x00, 0x00, 0x00, 0xFF, 0xFE, 0x00, 0x00, 0x00, 0x00, 0xFF, 0xFE, 0x00, 
  0x00, 0x00, 0x00, 0xFF, 0xFE, 0x00, 0x00, 0x00, 0x00, 0xFF, 0xFE, 0x00, 
  0x00, 0x00, 0x00, 0xFF, 0xFE, 0x00, 0x00, 0x00, 0x00, 0xFF, 0xFE, 0x00, 
  0x00, 0x00, 0x00, 0xFF, 0xFE, 0x00, 0x00, 0x00, 0x00, 0xFF, 0xFE, 0x00, 
  0x00, 0x00, 0x00, 0xFF, 0xFE, 0x00, 0x00, 0x00, 0x00, 0xFF, 0xFE, 0x00, 
  0x00, 0x00, 0x00, 0xFF, 0xFE, 0x00, 0x00, 0x00, 0x00, 0xFF, 0xFE, 0x00, 
  0x00, 0x00, 0x00, 0xFF, 0xFE, 0x00, 0x00, 0x00, 0x00, 0x00, 0x00, 0x30, 
  0x00, 0x00, 0x00, 0x00, 0x0F, 0xFF, 0x80, 0x7F, 0xFF, 0x00, 0x3F, 0xFF, 
  0xE0, 0x7F, 0xFF, 0x00, 0xFF, 0xFF, 0xF8, 0x7F, 0xFF, 0x01, 0xFF, 0xFF, 
  0xFC, 0x7F, 0xFF, 0x03, 0xFF, 0xFF, 0xFE, 0x7F, 0xFF, 0x07, 0xFF, 0xFF, 
  0xFF, 0x7F, 0xFF, 0x07, 0xFF, 0xFF, 0xFF, 0x7F, 0xFF, 0x0F, 0xFF, 0xFF, 
  0xFF, 0xFF, 0xFF, 0x1F, 0xFF, 0xFF, 0xFF, 0xFF, 0xFF, 0x1F, 0xFF, 0xFF, 
  0xFF, 0xFF, 0xFF, 0x3F, 0xFF, 0xFF, 0xFF, 0xFF, 0xFF, 0x3F, 0xFF, 0xF8, 
  0x0F, 0xFF, 0xFF, 0x3F, 0xFF, 0xE0, 0x07, 0xFF, 0xFF, 0x7F, 0xFF, 0xC0, 
  0x03, 0xFF, 0xFF, 0x7F, 0xFF, 0xC0, 0x01, 0xFF, 0xFF, 0x7F, 0xFF, 0x80, 
  0x00, 0xFF, 0xFF, 0x7F, 0xFF, 0x80, 0x00, 0xFF, 0xFF, 0x7F, 0xFF, 0x00, 
  0x00, 0xFF, 0xFF, 0x7F, 0xFF, 0x00, 0x00, 0x7F, 0xFF, 0x7F, 0xFF, 0x00, 
  0x00, 0x7F, 0xFF, 0x7F, 0xFF, 0x00, 0x00, 0x7F, 0xFF, 0xFF, 0xFF, 0x00, 
  0x00, 0x7F, 0xFF, 0xFF, 0xFF, 0x00, 0x00, 0x7F, 0xFF, 0xFF, 0xFF, 0x00, 
  0x00, 0x7F, 0xFF, 0xFF, 0xFF, 0x00, 0x00, 0x7F, 0xFF, 0xFF, 0xFF, 0x00, 
  0x00, 0x7F, 0xFF, 0xFF, 0xFF, 0x00, 0x00, 0x7F, 0xFF, 0xFF, 0xFF, 0x00, 
  0x00, 0x7F, 0xFF, 0x7F, 0xFF, 0x00, 0x00, 0x7F, 0xFF, 0x7F, 0xFF, 0x00, 
  0x00, 0x7F, 0xFF, 0x7F, 0xFF, 0x00, 0x00, 0x7F, 0xFF, 0x7F, 0xFF, 0x00, 
  0x00, 0xFF, 0xFF, 0x7F, 0xFF, 0x80, 0x00, 0xFF, 0xFF, 0x7F, 0xFF, 0x80, 
  0x00, 0xFF, 0xFF, 0x7F, 0xFF, 0xC0, 0x01, 0xFF, 0xFF, 0x3F, 0xFF, 0xC0, 
  0x03, 0xFF, 0xFF, 0x3F, 0xFF, 0xE0, 0x07, 0xFF, 0xFF, 0x3F, 0xFF, 0xF8, 
  0x0F, 0xFF, 0xFF, 0x1F, 0xFF, 0xFF, 0xFF, 0xFF, 0xFF, 0x1F, 0xFF, 0xFF, 
  0xFF, 0xFF, 0xFF, 0x1F, 0xFF, 0xFF, 0xFF, 0xFF, 0xFF, 0x0F, 0xFF, 0xFF, 
  0xFF, 0xFF, 0xFF, 0x07, 0xFF, 0xFF, 0xFF, 0x7F, 0xFF, 0x07, 0xFF, 0xFF, 
  0xFF, 0x7F, 0xFF, 0x03, 0xFF, 0xFF, 0xFE, 0x7F, 0xFF, 0x01, 0xFF, 0xFF, 
  0xFC, 0x7F, 0xFF, 0x00, 0xFF, 0xFF, 0xF8, 0x7F, 0xFF, 0x00, 0x3F, 0xFF, 
  0xE0, 0x7F, 0xFF, 0x00, 0x0F, 0xFF, 0x80, 0x7F, 0xFF, 0x00, 0x00, 0x38, 
  0x00, 0x7F, 0xFF, 0x00, 0x00, 0x00, 0x00, 0x7F, 0xFF, 0x00, 0x00, 0x00, 
  0x00, 0x7F, 0xFF, 0x00, 0x00, 0x00, 0x00, 0x7F, 0xFF, 0x00, 0x00, 0x00, 
  0x00, 0x7F, 0xFF, 0x00, 0x00, 0x00, 0x00, 0x7F, 0xFF, 0x00, 0x00, 0x00, 
  0x00, 0x7F, 0xFF, 0x00, 0x00, 0x00, 0x00, 0x7F, 0xFF, 0x00, 0x00, 0x00, 
  0x00, 0x7F, 0xFF, 0x00, 0x00, 0x00, 0x00, 0x7F, 0xFF, 0x00, 0x00, 0x00, 
  0x00, 0x7F, 0xFF, 0x00, 0x00, 0x00, 0x00, 0x7F, 0xFF, 0x00, 0x00, 0x00, 
  0x00, 0x7F, 0xFF, 0x00, 0x00, 0x00, 0x00, 0x7F, 0xFF, 0x00, 0x00, 0x00, 
  0x00, 0x7F, 0xFF, 0x00, 0x00, 0x00, 0x00, 0x7F, 0xFF, 0x00, 0x00, 0x00, 
  0xF9, 0xFF, 0xFC, 0x0F, 0xFF, 0xFF, 0xF8, 0x3F, 0xFF, 0xFF, 0xF0, 0xFF, 
  0xFF, 0xFF, 0xE3, 0xFF, 0xFF, 0xFF, 0xCF, 0xFF, 0xFF, 0xFF, 0xBF, 0xFF, 
  0xFF, 0xFF, 0x7F, 0xFF, 0xFF, 0xFF, 0xFF, 0xFF, 0xFF, 0xFF, 0xFF, 0xFF, 
  0xFF, 0xFF, 0xFF, 0xFF, 0xFF, 0xFF, 0xFF, 0xFF, 0xFF, 0xFF, 0xFF, 0xFF, 
  0xFF, 0xFF, 0x00, 0x3F, 0xFF, 0xF8, 0x00, 0x7F, 0xFF, 0xE0, 0x00, 0xFF, 
  0xFF, 0x80, 0x01, 0xFF, 0xFF, 0x00, 0x03, 0xFF, 0xFC, 0x00, 0x07, 0xFF, 
  0xF8, 0x00, 0x0F, 0xFF, 0xF0, 0x00, 0x1F, 0xFF, 0xE0, 0x00, 0x3F, 0xFF, 
  0x80, 0x00, 0x7F, 0xFF, 0x00, 0x00, 0xFF, 0xFE, 0x00, 0x01, 0xFF, 0xFC, 
  0x00, 0x03, 0xFF, 0xF8, 0x00, 0x07, 0xFF, 0xF0, 0x00, 0x0F, 0xFF, 0xE0, 
  0x00, 0x1F, 0xFF, 0xC0, 0x00, 0x3F, 0xFF, 0x80, 0x00, 0x7F, 0xFF, 0x00, 
  0x00, 0xFF, 0xFE, 0x00, 0x01, 0xFF, 0xFC, 0x00, 0x03, 0xFF, 0xF8, 0x00, 
  0x07, 0xFF, 0xF0, 0x00, 0x0F, 0xFF, 0xE0, 0x00, 0x1F, 0xFF, 0xC0, 0x00, 
  0x3F, 0xFF, 0x80, 0x00, 0x7F, 0xFF, 0x00, 0x00, 0xFF, 0xFE, 0x00, 0x01, 
  0xFF, 0xFC, 0x00, 0x03, 0xFF, 0xF8, 0x00, 0x07, 0xFF, 0xF0, 0x00, 0x0F, 
  0xFF, 0xE0, 0x00, 0x1F, 0xFF, 0xC0, 0x00, 0x3F, 0xFF, 0x80, 0x00, 0x7F, 
  0xFF, 0x00, 0x00, 0xFF, 0xFE, 0x00, 0x01, 0xFF, 0xFC, 0x00, 0x00, 0x00, 
  0x00, 0xFF, 0xE0, 0x00, 0x00, 0x01, 0xFF, 0xFF, 0xC0, 0x00, 0x01, 0xFF, 
  0xFF, 0xFE, 0x00, 0x00, 0xFF, 0xFF, 0xFF, 0xF0, 0x00, 0x3F, 0xFF, 0xFF, 
  0xFF, 0x00, 0x0F, 0xFF, 0xFF, 0xFF, 0xF0, 0x03, 0xFF, 0xFF, 0xFF, 0xFF, 
  0x00, 0xFF, 0xFF, 0xFF, 0xFF, 0xF0, 0x1F, 0xFF, 0xFF, 0xFF, 0xFF, 0x07, 
  0xFF, 0xFF, 0xFF, 0xFF, 0xE0, 0xFF, 0xFE, 0x01, 0xFF, 0xFC, 0x3F, 0xFF, 
  0x80, 0x1F, 0xFF, 0xC7, 0xFF, 0xE0, 0x01, 0xFF, 0xF8, 0xFF, 0xFC, 0x00, 
  0x1F, 0xFF, 0x1F, 0xFF, 0x80, 0x03, 0xFF, 0xE3, 0xFF, 0xF0, 0x00, 0x00, 
  0x00, 0x7F, 0xFE, 0x00, 0x00, 0x00, 0x0F, 0xFF, 0xE0, 0x00, 0x00, 0x01, 
  0xFF, 0xFF, 0x00, 0x00, 0x00, 0x3F, 0xFF, 0xFE, 0x00, 0x00, 0x03, 0xFF, 
  0xFF, 0xFE, 0x00, 0x00, 0x7F, 0xFF, 0xFF, 0xFE, 0x00, 0x0F, 0xFF, 0xFF, 
  0xFF, 0xF8, 0x00, 0xFF, 0xFF, 0xFF, 0xFF, 0xC0, 0x0F, 0xFF, 0xFF, 0xFF, 
  0xFC, 0x00, 0xFF, 0xFF, 0xFF, 0xFF, 0xC0, 0x0F, 0xFF, 0xFF, 0xFF, 0xFC, 
  0x00, 0x7F, 0xFF, 0xFF, 0xFF, 0xC0, 0x03, 0xFF, 0xFF, 0xFF, 0xF8, 0x00, 
  0x1F, 0xFF, 0xFF, 0xFF, 0x80, 0x00, 0x1F, 0xFF, 0xFF, 0xF0, 0x00, 0x00, 
  0x1F, 0xFF, 0xFE, 0x00, 0x00, 0x00, 0x7F, 0xFF, 0xE0, 0x00, 0x00, 0x03, 
  0xFF, 0xFC, 0x00, 0x00, 0x00, 0x3F, 0xFF, 0x80, 0x00, 0x00, 0x07, 0xFF, 
  0xFF, 0xFF, 0xC0, 0x00, 0xFF, 0xFF, 0xFF, 0xFC, 0x00, 0x1F, 0xFF, 0xBF, 
  0xFF, 0x80, 0x03, 0xFF, 0xF7, 0xFF, 0xF8, 0x00, 0xFF, 0xFE, 0x7F, 0xFF, 
  0xC0, 0x7F, 0xFF, 0xCF, 0xFF, 0xFF, 0xFF, 0xFF, 0xF1, 0xFF, 0xFF, 0xFF, 
  0xFF, 0xFE, 0x1F, 0xFF, 0xFF, 0xFF, 0xFF, 0x81, 0xFF, 0xFF, 0xFF, 0xFF, 
  0xE0, 0x1F, 0xFF, 0xFF, 0xFF, 0xF8, 0x01, 0xFF, 0xFF, 0xFF, 0xFE, 0x00, 
  0x1F, 0xFF, 0xFF, 0xFF, 0x80, 0x00, 0xFF, 0xFF, 0xFF, 0xC0, 0x00, 0x03, 
  0xFF, 0xFF, 0xC0, 0x00, 0x00, 0x07, 0xFF, 0x80, 0x00, 0x00, 0x00, 0xFF, 
  0xFC, 0x00, 0x01, 0xFF, 0xF8, 0x00, 0x03, 0xFF, 0xF0, 0x00, 0x07, 0xFF, 
  0xE0, 0x00, 0x0F, 0xFF, 0xC0, 0x00, 0x1F, 0xFF, 0x80, 0x00, 0x3F, 0xFF, 
  0x00, 0x00, 0x7F, 0xFE, 0x00, 0x00, 0xFF, 0xFC, 0x00, 0x01, 0xFF, 0xF8, 
  0x00, 0x03, 0xFF, 0xF0, 0x07, 0xFF, 0xFF, 0xFF, 0xFF, 0xFF, 0xFF, 0xFF, 
  0xFF, 0xFF, 0xFF, 0xFF, 0xFF, 0xFF, 0xFF, 0xFF, 0xFF, 0xFF, 0xFF, 0xFF, 
  0xFF, 0xFF, 0xFF, 0xFF, 0xFF, 0xFF, 0xFF, 0xFF, 0xFF, 0xFF, 0xFF, 0xFF, 
  0xFF, 0xFF, 0xFF, 0xFF, 0xFF, 0xFF, 0xFF, 0xFF, 0xFF, 0xFF, 0xFF, 0xC0, 
  0x7F, 0xFF, 0x00, 0x00, 0xFF, 0xFE, 0x00, 0x01, 0xFF, 0xFC, 0x00, 0x03, 
  0xFF, 0xF8, 0x00, 0x07, 0xFF, 0xF0, 0x00, 0x0F, 0xFF, 0xE0, 0x00, 0x1F, 
  0xFF, 0xC0, 0x00, 0x3F, 0xFF, 0x80, 0x00, 0x7F, 0xFF, 0x00, 0x00, 0xFF, 
  0xFE, 0x00, 0x01, 0xFF, 0xFC, 0x00, 0x03, 0xFF, 0xF8, 0x00, 0x07, 0xFF, 
  0xF0, 0x00, 0x0F, 0xFF, 0xE0, 0x00, 0x1F, 0xFF, 0xC0, 0x00, 0x3F, 0xFF, 
  0x80, 0x00, 0x7F, 0xFF, 0x00, 0x00, 0xFF, 0xFE, 0x00, 0x01, 0xFF, 0xFC, 
  0x00, 0x03, 0xFF, 0xF8, 0x00, 0x07, 0xFF, 0xF0, 0x00, 0x0F, 0xFF, 0xE0, 
  0x00, 0x1F, 0xFF, 0xC0, 0x00, 0x3F, 0xFF, 0x80, 0x00, 0x7F, 0xFF, 0x00, 
  0x00, 0xFF, 0xFF, 0x00, 0x01, 0xFF, 0xFF, 0x00, 0x01, 0xFF, 0xFF, 0xFC, 
  0x03, 0xFF, 0xFF, 0xF8, 0x07, 0xFF, 0xFF, 0xF0, 0x0F, 0xFF, 0xFF, 0xE0, 
  0x0F, 0xFF, 0xFF, 0xC0, 0x1F, 0xFF, 0xFF, 0x80, 0x1F, 0xFF, 0xFF, 0x00, 
  0x1F, 0xFF, 0xFE, 0x00, 0x1F, 0xFF, 0xFC, 0x00, 0x0F, 0xFF, 0xF8, 0x00, 
  0x01, 0xFF, 0xF0, 0xFF, 0xFE, 0x00, 0x01, 0xFF, 0xFF, 0xFF, 0xF0, 0x00, 
  0x0F, 0xFF, 0xFF, 0xFF, 0x80, 0x00, 0x7F, 0xFF, 0xFF, 0xFC, 0x00, 0x03, 
  0xFF, 0xFF, 0xFF, 0xE0, 0x00, 0x1F, 0xFF, 0xFF, 0xFF, 0x00, 0x00, 0xFF, 
  0xFF, 0xFF, 0xF8, 0x00, 0x07, 0xFF, 0xFF, 0xFF, 0xC0, 0x00, 0x3F, 0xFF, 
  0xFF, 0xFE, 0x00, 0x01, 0xFF, 0xFF, 0xFF, 0xF0, 0x00, 0x0F, 0xFF, 0xFF, 
  0xFF, 0x80, 0x00, 0x7F, 0xFF, 0xFF, 0xFC, 0x00, 0x03, 0xFF, 0xFF, 0xFF, 
  0xE0, 0x00, 0x1F, 0xFF, 0xFF, 0xFF, 0x00, 0x00, 0xFF, 0xFF, 0xFF, 0xF8, 
  0x00, 0x07, 0xFF, 0xFF, 0xFF, 0xC0, 0x00, 0x3F, 0xFF, 0xFF, 0xFE, 0x00, 
  0x01, 0xFF, 0xFF, 0xFF, 0xF0, 0x00, 0x0F, 0xFF, 0xFF, 0xFF, 0x80, 0x00, 
  0x7F, 0xFF, 0xFF, 0xFC, 0x00, 0x03, 0xFF, 0xFF, 0xFF, 0xE0, 0x00, 0x1F, 
  0xFF, 0xFF, 0xFF, 0x00, 0x00, 0xFF, 0xFF, 0xFF, 0xF8, 0x00, 0x07, 0xFF, 
  0xFF, 0xFF, 0xC0, 0x00, 0x3F, 0xFF, 0xFF, 0xFE, 0x00, 0x01, 0xFF, 0xFF, 
  0xFF, 0xF0, 0x00, 0x0F, 0xFF, 0xFF, 0xFF, 0x80, 0x00, 0x7F, 0xFF, 0xFF, 
  0xFC, 0x00, 0x03, 0xFF, 0xFF, 0xFF, 0xE0, 0x00, 0x1F, 0xFF, 0xFF, 0xFF, 
  0x00, 0x00, 0xFF, 0xFF, 0xFF, 0xF8, 0x00, 0x07, 0xFF, 0xFF, 0xFF, 0xC0, 
  0x00, 0x7F, 0xFF, 0xFF, 0xFE, 0x00, 0x03, 0xFF, 0xFF, 0xFF, 0xF8, 0x00, 
  0x3F, 0xFF, 0xFF, 0xFF, 0xC0, 0x01, 0xFF, 0xFF, 0xFF, 0xFF, 0x00, 0x1F, 
  0xFF, 0xFF, 0xFF, 0xFC, 0x01, 0xFF, 0xFF, 0xFF, 0xFF, 0xFE, 0xFF, 0xFF, 
  0xFD, 0xFF, 0xFF, 0xFF, 0xFF, 0xFF, 0xEF, 0xFF, 0xFF, 0xFF, 0xFF, 0xFF, 
  0x7F, 0xFF, 0xFF, 0xFF, 0xFF, 0xF9, 0xFF, 0xFF, 0xFF, 0xEF, 0xFF, 0xCF, 
  0xFF, 0xFF, 0xFF, 0x7F, 0xFE, 0x3F, 0xFF, 0xFF, 0xF3, 0xFF, 0xF0, 0xFF, 
  0xFF, 0xFF, 0x9F, 0xFF, 0x83, 0xFF, 0xFF, 0xF8, 0xFF, 0xFC, 0x0F, 0xFF, 
  0xFF, 0x87, 0xFF, 0xE0, 0x3F, 0xFF, 0xF0, 0x3F, 0xFF, 0x00, 0x7F, 0xFE, 
  0x01, 0xFF, 0xF8, 0x00, 0x3F, 0x00, 0x00, 0x00, 0x00, 0xFF, 0xFF, 0x00, 
  0x00, 0x3F, 0xFF, 0xFF, 0xFF, 0x80, 0x00, 0x3F, 0xFF, 0xDF, 0xFF, 0xC0, 
  0x00, 0x1F, 0xFF, 0xCF, 0xFF, 0xF0, 0x00, 0x0F, 0xFF, 0xE7, 0xFF, 0xF8, 
  0x00, 0x07, 0xFF, 0xF1, 0xFF, 0xFC, 0x00, 0x07, 0xFF, 0xF0, 0xFF, 0xFE, 
  0x00, 0x03, 0xFF, 0xF8, 0x7F, 0xFF, 0x00, 0x01, 0xFF, 0xFC, 0x1F, 0xFF, 
  0xC0, 0x00, 0xFF, 0xFC, 0x0F, 0xFF, 0xE0, 0x00, 0xFF, 0xFE, 0x07, 0xFF, 
  0xF0, 0x00, 0x7F, 0xFF, 0x01, 0xFF, 0xF8, 0x00, 0x3F, 0xFF, 0x00, 0xFF, 
  0xFE, 0x00, 0x1F, 0xFF, 0x80, 0x7F, 0xFF, 0x00, 0x1F, 0xFF, 0xC0, 0x3F, 
  0xFF, 0x80, 0x0F, 0xFF, 0xC0, 0x0F, 0xFF, 0xC0, 0x07, 0xFF, 0xE0, 0x07, 
  0xFF, 0xF0, 0x07, 0xFF, 0xF0, 0x03, 0xFF, 0xF8, 0x03, 0xFF, 0xF0, 0x00, 
  0xFF, 0xFC, 0x01, 0xFF, 0xF8, 0x00, 0x7F, 0xFE, 0x00, 0xFF, 0xFC, 0x00, 
  0x3F, 0xFF, 0x00, 0xFF, 0xFC, 0x00, 0x0F, 0xFF, 0xC0, 0x7F, 0xFE, 0x00, 
  0x07, 0xFF, 0xE0, 0x3F, 0xFF, 0x00, 0x03, 0xFF, 0xF0, 0x1F, 0xFF, 0x00, 
  0x00, 0xFF, 0xF8, 0x1F, 0xFF, 0x80, 0x00, 0x7F, 0xFE, 0x0F, 0xFF, 0x80, 
  0x00, 0x3F, 0xFF, 0x07, 0xFF, 0xC0, 0x00, 0x0F, 0xFF, 0x83, 0xFF, 0xE0, 
  0x00, 0x07, 0xFF, 0xC3, 0xFF, 0xE0, 0x00, 0x03, 0xFF, 0xF1, 0xFF, 0xF0, 
  0x00, 0x00, 0xFF, 0xF8, 0xFF, 0xF8, 0x00, 0x00, 0x7F, 0xFC, 0x7F, 0xF8, 
  0x00, 0x00, 0x3F, 0xFE, 0x7F, 0xFC, 0x00, 0x00, 0x0F, 0xFF, 0xBF, 0xFE, 
  0x00, 0x00, 0x07, 0xFF, 0xDF, 0xFE, 0x00, 0x00, 0x03, 0xFF, 0xFF, 0xFF, 
  0x00, 0x00, 0x01, 0xFF, 0xFF, 0xFF, 0x80, 0x00, 0x00, 0x7F, 0xFF, 0xFF, 
  0x80, 0x00, 0x00, 0x3F, 0xFF, 0xFF, 0xC0, 0x00, 0x00, 0x1F, 0xFF, 0xFF, 
  0xE0, 0x00, 0x00, 0x07, 0xFF, 0xFF, 0xE0, 0x00, 0x00, 0x03, 0xFF, 0xFF, 
  0xF0, 0x00, 0x00, 0x01, 0xFF, 0xFF, 0xF8, 0x00, 0x00, 0x00, 0x7F, 0xFF, 
  0xF8, 0x00, 0x00, 0x00, 0x3F, 0xFF, 0xFC, 0x00, 0x00, 0x00, 0x1F, 0xFF, 
  0xFE, 0x00, 0x00, 0x00, 0x07, 0xFF, 0xFE, 0x00, 0x00, 0x00, 0x03, 0xFF, 
  0xFF, 0x00, 0x00, 0x00, 0x01, 0xFF, 0xFF, 0x80, 0x00, 0x00, 0xFF, 0xFE, 
  0x00, 0x07, 0xFF, 0xF0, 0x00, 0x3F, 0xFF, 0xFF, 0xFF, 0x00, 0x03, 0xFF, 
  0xF8, 0x00, 0x1F, 0xFF, 0xFF, 0xFF, 0x80, 0x01, 0xFF, 0xFC, 0x00, 0x0F, 
  0xFF, 0xCF, 0xFF, 0xC0, 0x00, 0xFF, 0xFE, 0x00, 0x07, 0xFF, 0xE7, 0xFF, 
  0xF0, 0x00, 0x7F, 0xFF, 0x80, 0x03, 0xFF, 0xF3, 0xFF, 0xF8, 0x00, 0x7F, 
  0xFF, 0xC0, 0x03, 0xFF, 0xF9, 0xFF, 0xFC, 0x00, 0x3F, 0xFF, 0xE0, 0x01, 
  0xFF, 0xF8, 0x7F, 0xFE, 0x00, 0x1F, 0xFF, 0xF0, 0x00, 0xFF, 0xFC, 0x3F, 
  0xFF, 0x00, 0x0F, 0xFF, 0xF8, 0x00, 0x7F, 0xFE, 0x1F, 0xFF, 0x80, 0x0F, 
  0xFF, 0xFE, 0x00, 0x3F, 0xFF, 0x0F, 0xFF, 0xE0, 0x07, 0xFF, 0xFF, 0x00, 
  0x1F, 0xFF, 0x03, 0xFF, 0xF0, 0x03, 0xFF, 0xFF, 0x80, 0x1F, 0xFF, 0x81, 
  0xFF, 0xF8, 0x01, 0xFF, 0xFF, 0xC0, 0x0F, 0xFF, 0xC0, 0xFF, 0xFC, 0x01, 
  0xFF, 0xFF, 0xF0, 0x07, 0xFF, 0xE0, 0x7F, 0xFE, 0x00, 0xFF, 0xFF, 0xF8, 
  0x03, 0xFF, 0xE0, 0x1F, 0xFF, 0x00, 0x7F, 0xFF, 0xFC, 0x01, 0xFF, 0xF0, 
  0x0F, 0xFF, 0xC0, 0x3F, 0xF7, 0xFE, 0x01, 0xFF, 0xF8, 0x07, 0xFF, 0xE0, 
  0x3F, 0xFB, 0xFF, 0x80, 0xFF, 0xFC, 0x03, 0xFF, 0xF0, 0x1F, 0xFD, 0xFF, 
  0xC0, 0x7F, 0xFC, 0x00, 0xFF, 0xF8, 0x0F, 0xFC, 0x7F, 0xE0, 0x3F, 0xFE, 
  0x00, 0x7F, 0xFC, 0x07, 0xFE, 0x3F, 0xF0, 0x1F, 0xFF, 0x00, 0x3F, 0xFF, 
  0x03, 0xFF, 0x1F, 0xFC, 0x0F, 0xFF, 0x80, 0x1F, 0xFF, 0x83, 0xFF, 0x8F, 
  0xFE, 0x0F, 0xFF, 0x80, 0x07, 0xFF, 0xC1, 0xFF, 0x83, 0xFF, 0x07, 0xFF, 
  0xC0, 0x03, 0xFF, 0xE0, 0xFF, 0xC1, 0xFF, 0x83, 0xFF, 0xE0, 0x01, 0xFF, 
  0xF0, 0x7F, 0xE0, 0xFF, 0xE1, 0xFF, 0xF0, 0x00, 0xFF, 0xF8, 0x7F, 0xF0, 
  0x7F, 0xF0, 0xFF, 0xF0, 0x00, 0x3F, 0xFE, 0x3F, 0xF0, 0x1F, 0xF8, 0xFF, 
  0xF8, 0x00, 0x1F, 0xFF, 0x1F, 0xF8, 0x0F, 0xFC, 0x7F, 0xFC, 0x00, 0x0F, 
  0xFF, 0x8F, 0xFC, 0x07, 0xFE, 0x3F, 0xFE, 0x00, 0x07, 0xFF, 0xCF, 0xFE, 
  0x03, 0xFF, 0x9F, 0xFE, 0x00, 0x01, 0xFF, 0xE7, 0xFE, 0x00, 0xFF, 0xCF, 
  0xFF, 0x00, 0x00, 0xFF, 0xFB, 0xFF, 0x00, 0x7F, 0xE7, 0xFF, 0x80, 0x00, 
  0x7F, 0xFD, 0xFF, 0x80, 0x3F, 0xF7, 0xFF, 0xC0, 0x00, 0x3F, 0xFF, 0xFF, 
  0xC0, 0x1F, 0xFF, 0xFF, 0xC0, 0x00, 0x0F, 0xFF, 0xFF, 0xC0, 0x07, 0xFF, 
  0xFF, 0xE0, 0x00, 0x07, 0xFF, 0xFF, 0xE0, 0x03, 0xFF, 0xFF, 0xF0, 0x00, 
  0x03, 0xFF, 0xFF, 0xF0, 0x01, 0xFF, 0xFF, 0xF8, 0x00, 0x00, 0xFF, 0xFF, 
  0xF8, 0x00, 0xFF, 0xFF, 0xF8, 0x00, 0x00, 0x7F, 0xFF, 0xF8, 0x00, 0x3F, 
  0xFF, 0xFC, 0x00, 0x00, 0x3F, 0xFF, 0xFC, 0x00, 0x1F, 0xFF, 0xFE, 0x00, 
  0x00, 0x1F, 0xFF, 0xFE, 0x00, 0x0F, 0xFF, 0xFF, 0x00, 0x00, 0x07, 0xFF, 
  0xFF, 0x00, 0x07, 0xFF, 0xFF, 0x00, 0x00, 0x03, 0xFF, 0xFF, 0x00, 0x01, 
  0xFF, 0xFF, 0x80, 0x00, 0x01, 0xFF, 0xFF, 0x80, 0x00, 0xFF, 0xFF, 0xC0, 
  0x00, 0x00, 0xFF, 0xFF, 0xC0, 0x00, 0x7F, 0xFF, 0xE0, 0x00, 0x00, 0x3F, 
  0xFF, 0xE0, 0x00, 0x3F, 0xFF, 0xE0, 0x00, 0x00, 0x1F, 0xFF, 0xE0, 0x00, 
  0x0F, 0xFF, 0xF0, 0x00, 0x00, 0x0F, 0xFF, 0xF0, 0x00, 0x07, 0xFF, 0xF8, 
  0x00, 0x00, 0xFF, 0xFF, 0x80, 0x00, 0x7F, 0xFF, 0x9F, 0xFF, 0xE0, 0x00, 
  0x1F, 0xFF, 0xE7, 0xFF, 0xFC, 0x00, 0x0F, 0xFF, 0xF0, 0xFF, 0xFF, 0x00, 
  0x03, 0xFF, 0xF8, 0x3F, 0xFF, 0xE0, 0x01, 0xFF, 0xFE, 0x07, 0xFF, 0xF8, 
  0x00, 0x7F, 0xFF, 0x00, 0xFF, 0xFF, 0x00, 0x3F, 0xFF, 0x80, 0x3F, 0xFF, 
  0xE0, 0x1F, 0xFF, 0xE0, 0x07, 0xFF, 0xF8, 0x07, 0xFF, 0xF0, 0x00, 0xFF, 
  0xFF, 0x03, 0xFF, 0xF8, 0x00, 0x3F, 0xFF, 0xC0, 0xFF, 0xFE, 0x00, 0x07, 
  0xFF, 0xF8, 0x7F, 0xFF, 0x00, 0x01, 0xFF, 0xFE, 0x1F, 0xFF, 0xC0, 0x00, 
  0x3F, 0xFF, 0xCF, 0xFF, 0xE0, 0x00, 0x07, 0xFF, 0xF3, 0xFF, 0xF0, 0x00, 
  0x01, 0xFF, 0xFF, 0xFF, 0xFC, 0x00, 0x00, 0x3F, 0xFF, 0xFF, 0xFE, 0x00, 
  0x00, 0x0F, 0xFF, 0xFF, 0xFF, 0x00, 0x00, 0x01, 0xFF, 0xFF, 0xFF, 0xC0, 
  0x00, 0x00, 0x3F, 0xFF, 0xFF, 0xE0, 0x00, 0x00, 0x0F, 0xFF, 0xFF, 0xF0, 
  0x00, 0x00, 0x01, 0xFF, 0xFF, 0xFC, 0x00, 0x00, 0x00, 0x3F, 0xFF, 0xFE, 
  0x00, 0x00, 0x00, 0x0F, 0xFF, 0xFF, 0x00, 0x00, 0x00, 0x01, 0xFF, 0xFF, 
  0xC0, 0x00, 0x00, 0x00, 0xFF, 0xFF, 0xF8, 0x00, 0x00, 0x00, 0x3F, 0xFF, 
  0xFE, 0x00, 0x00, 0x00, 0x1F, 0xFF, 0xFF, 0xC0, 0x00, 0x00, 0x0F, 0xFF, 
  0xFF, 0xF0, 0x00, 0x00, 0x03, 0xFF, 0xFF, 0xFE, 0x00, 0x00, 0x01, 0xFF, 
  0xFF, 0xFF, 0xC0, 0x00, 0x00, 0x7F, 0xFF, 0xFF, 0xF0, 0x00, 0x00, 0x3F, 
  0xFF, 0xFF, 0xFE, 0x00, 0x00, 0x1F, 0xFF, 0xFF, 0xFF, 0xC0, 0x00, 0x07, 
  0xFF, 0xE7, 0xFF, 0xF0, 0x00, 0x03, 0xFF, 0xF8, 0xFF, 0xFE, 0x00, 0x00, 
  0xFF, 0xFC, 0x3F, 0xFF, 0x80, 0x00, 0x7F, 0xFF, 0x07, 0xFF, 0xF0, 0x00, 
  0x3F, 0xFF, 0x81, 0xFF, 0xFE, 0x00, 0x0F, 0xFF, 0xE0, 0x3F, 0xFF, 0x80, 
  0x07, 0xFF, 0xF0, 0x0F, 0xFF, 0xF0, 0x01, 0xFF, 0xFC, 0x01, 0xFF, 0xFC, 
  0x00, 0xFF, 0xFE, 0x00, 0x7F, 0xFF, 0x80, 0x7F, 0xFF, 0x00, 0x0F, 0xFF, 
  0xF0, 0x1F, 0xFF, 0xC0, 0x03, 0xFF, 0xFC, 0x0F, 0xFF, 0xE0, 0x00, 0x7F, 
  0xFF, 0x83, 0xFF, 0xF8, 0x00, 0x0F, 0xFF, 0xF1, 0xFF, 0xFC, 0x00, 0x03, 
  0xFF, 0xFC, 0xFF, 0xFF, 0x00, 0x00, 0x7F, 0xFF, 0x80, 0xFF, 0xFF, 0x00, 
  0x00, 0x3F, 0xFF, 0xDF, 0xFF, 0xE0, 0x00, 0x0F, 0xFF, 0xF7, 0xFF, 0xF8, 
  0x00, 0x03, 0xFF, 0xF9, 0xFF, 0xFE, 0x00, 0x00, 0xFF, 0xFE, 0x3F, 0xFF, 
  0x80, 0x00, 0x7F, 0xFF, 0x8F, 0xFF, 0xF0, 0x00, 0x1F, 0xFF, 0xC3, 0xFF, 
  0xFC, 0x00, 0x07, 0xFF, 0xF0, 0x7F, 0xFF, 0x00, 0x01, 0xFF, 0xFC, 0x1F, 
  0xFF, 0xC0, 0x00, 0xFF, 0xFE, 0x07, 0xFF, 0xF8, 0x00, 0x3F, 0xFF, 0x80, 
  0xFF, 0xFE, 0x00, 0x0F, 0xFF, 0xE0, 0x3F, 0xFF, 0x80, 0x03, 0xFF, 0xF0, 
  0x0F, 0xFF, 0xE0, 0x01, 0xFF, 0xFC, 0x01, 0xFF, 0xF8, 0x00, 0x7F, 0xFF, 
  0x00, 0x7F, 0xFF, 0x00, 0x1F, 0xFF, 0xC0, 0x1F, 0xFF, 0xC0, 0x07, 0xFF, 
  0xE0, 0x03, 0xFF, 0xF0, 0x03, 0xFF, 0xF8, 0x00, 0xFF, 0xFC, 0x00, 0xFF, 
  0xFE, 0x00, 0x3F, 0xFF, 0x80, 0x3F, 0xFF, 0x00, 0x07, 0xFF, 0xE0, 0x0F, 
  0xFF, 0xC0, 0x01, 0xFF, 0xF8, 0x07, 0xFF, 0xF0, 0x00, 0x7F, 0xFE, 0x01, 
  0xFF, 0xF8, 0x00, 0x0F, 0xFF, 0xC0, 0x7F, 0xFE, 0x00, 0x03, 0xFF, 0xF0, 
  0x1F, 0xFF, 0x80, 0x00, 0xFF, 0xFC, 0x07, 0xFF, 0xC0, 0x00, 0x1F, 0xFF, 
  0x03, 0xFF, 0xF0, 0x00, 0x07, 0xFF, 0xE0, 0xFF, 0xFC, 0x00, 0x01, 0xFF, 
  0xF8, 0x3F, 0xFE, 0x00, 0x00, 0x3F, 0xFE, 0x0F, 0xFF, 0x80, 0x00, 0x0F, 
  0xFF, 0x87, 0xFF, 0xE0, 0x00, 0x03, 0xFF, 0xF1, 0xFF, 0xF0, 0x00, 0x00, 
  0x7F, 0xFC, 0x7F, 0xFC, 0x00, 0x00, 0x1F, 0xFF, 0x1F, 0xFF, 0x00, 0x00, 
  0x07, 0xFF, 0xCF, 0xFF, 0x80, 0x00, 0x00, 0xFF, 0xF3, 0xFF, 0xE0, 0x00, 
  0x00, 0x3F, 0xFE, 0xFF, 0xF8, 0x00, 0x00, 0x0F, 0xFF, 0xBF, 0xFC, 0x00, 
  0x00, 0x01, 0xFF, 0xFF, 0xFF, 0x00, 0x00, 0x00, 0x7F, 0xFF, 0xFF, 0xC0, 
  0x00, 0x00, 0x1F, 0xFF, 0xFF, 0xE0, 0x00, 0x00, 0x03, 0xFF, 0xFF, 0xF8, 
  0x00, 0x00, 0x00, 0xFF, 0xFF, 0xFE, 0x00, 0x00, 0x00, 0x3F, 0xFF, 0xFF, 
  0x00, 0x00, 0x00, 0x07, 0xFF, 0xFF, 0xC0, 0x00, 0x00, 0x01, 0xFF, 0xFF, 
  0xF0, 0x00, 0x00, 0x00, 0x7F, 0xFF, 0xF8, 0x00, 0x00, 0x00, 0x0F, 0xFF, 
  0xFE, 0x00, 0x00, 0x00, 0x03, 0xFF, 0xFF, 0x80, 0x00, 0x00, 0x00, 0xFF, 
  0xFF, 0xC0, 0x00, 0x00, 0x00, 0x3F, 0xFF, 0xF0, 0x00, 0x00, 0x00, 0x0F, 
  0xFF, 0xF8, 0x00, 0x00, 0x00, 0x03, 0xFF, 0xFE, 0x00, 0x00, 0x00, 0x01, 
  0xFF, 0xFF, 0x80, 0x00, 0x00, 0x00, 0x7F, 0xFF, 0xC0, 0x00, 0x00, 0x00, 
  0x7F, 0xFF, 0xF0, 0x00, 0x00, 0x40, 0xFF, 0xFF, 0xF8, 0x00, 0x00, 0x1F, 
  0xFF, 0xFF, 0xFE, 0x00, 0x00, 0x07, 0xFF, 0xFF, 0xFF, 0x00, 0x00, 0x01, 
  0xFF, 0xFF, 0xFF, 0x80, 0x00, 0x00, 0x7F, 0xFF, 0xFF, 0xC0, 0x00, 0x00, 
  0x1F, 0xFF, 0xFF, 0xE0, 0x00, 0x00, 0x07, 0xFF, 0xFF, 0xF0, 0x00, 0x00, 
  0x01, 0xFF, 0xFF, 0xF8, 0x00, 0x00, 0x00, 0x7F, 0xFF, 0xF8, 0x00, 0x00, 
  0x00, 0x1F, 0xFF, 0xF8, 0x00, 0x00, 0x00, 0x07, 0xFF, 0xF0, 0x00, 0x00, 
  0x00, 0x00, 0xFF, 0xFF, 0xFF, 0xFF, 0xFE, 0xFF, 0xFF, 0xFF, 0xFF, 0xFE, 
  0xFF, 0xFF, 0xFF, 0xFF, 0xFE, 0xFF, 0xFF, 0xFF, 0xFF, 0xFE, 0xFF, 0xFF, 
  0xFF, 0xFF, 0xFE, 0xFF, 0xFF, 0xFF, 0xFF, 0xFE, 0xFF, 0xFF, 0xFF, 0xFF, 
  0xFE, 0xFF, 0xFF, 0xFF, 0xFF, 0xFE, 0xFF, 0xFF, 0xFF, 0xFF, 0xFE, 0xFF, 
  0xFF, 0xFF, 0xFF, 0xFE, 0xFF, 0xFF, 0xFF, 0xFF, 0xFC, 0x00, 0x00, 0x03, 
  0xFF, 0xF8, 0x00, 0x00, 0x07, 0xFF, 0xF8, 0x00, 0x00, 0x0F, 0xFF, 0xF0, 
  0x00, 0x00, 0x1F, 0xFF, 0xE0, 0x00, 0x00, 0x1F, 0xFF, 0xC0, 0x00, 0x00, 
  0x3F, 0xFF, 0xC0, 0x00, 0x00, 0x7F, 0xFF, 0x80, 0x00, 0x00, 0x7F, 0xFF, 
  0x00, 0x00, 0x00, 0xFF, 0xFF, 0x00, 0x00, 0x01, 0xFF, 0xFE, 0x00, 0x00, 
  0x03, 0xFF, 0xFC, 0x00, 0x00, 0x03, 0xFF, 0xF8, 0x00, 0x00, 0x07, 0xFF, 
  0xF8, 0x00, 0x00, 0x0F, 0xFF, 0xF0, 0x00, 0x00, 0x1F, 0xFF, 0xE0, 0x00, 
  0x00, 0x1F, 0xFF, 0xC0, 0x00, 0x00, 0x3F, 0xFF, 0xC0, 0x00, 0x00, 0x7F, 
  0xFF, 0x80, 0x00, 0x00, 0xFF, 0xFF, 0x00, 0x00, 0x00, 0xFF, 0xFE, 0x00, 
  0x00, 0x01, 0xFF, 0xFE, 0x00, 0x00, 0x03, 0xFF, 0xFC, 0x00, 0x00, 0x07, 
  0xFF, 0xF8, 0x00, 0x00, 0x07, 0xFF, 0xF8, 0x00, 0x00, 0x0F, 0xFF, 0xF0, 
  0x00, 0x00, 0x1F, 0xFF, 0xE0, 0x00, 0x00, 0x3F, 0xFF, 0xE0, 0x00, 0x00, 
  0x3F, 0xFF, 0xFF, 0xFF, 0xFF, 0x7F, 0xFF, 0xFF, 0xFF, 0xFF, 0xFF, 0xFF, 
  0xFF, 0xFF, 0xFF, 0xFF, 0xFF, 0xFF, 0xFF, 0xFF, 0xFF, 0xFF, 0xFF, 0xFF, 
  0xFF, 0xFF, 0xFF, 0xFF, 0xFF, 0xFF, 0xFF, 0xFF, 0xFF, 0xFF, 0xFF, 0xFF, 
  0xFF, 0xFF, 0xFF, 0xFF, 0xFF, 0xFF, 0xFF, 0xFF, 0xFF, 0xFF, 0xFF, 0xFF, 
  0xFF, 0xFF, 0xFF, 0xFF, 0xFF, 0xFF, 0xFF, 0x00, 0x00, 0x07, 0xFF, 0x80, 
  0x00, 0x7F, 0xFF, 0xC0, 0x00, 0xFF, 0xFF, 0xE0, 0x00, 0xFF, 0xFF, 0xF0, 
  0x00, 0xFF, 0xFF, 0xF8, 0x00, 0xFF, 0xFF, 0xFC, 0x00, 0xFF, 0xFF, 0xFE, 
  0x00, 0xFF, 0xFF, 0xFF, 0x00, 0x7F, 0xFF, 0xFF, 0x80, 0x3F, 0xFF, 0xFF, 
  0xC0, 0x3F, 0xFF, 0xFF, 0xE0, 0x1F, 0xFF, 0xF0, 0x00, 0x0F, 0xFF, 0xE0, 
  0x00, 0x07, 0xFF, 0xF0, 0x00, 0x03, 0xFF, 0xF0, 0x00, 0x01, 0xFF, 0xF8, 
  0x00, 0x00, 0xFF, 0xFC, 0x00, 0x00, 0x7F, 0xFE, 0x00, 0x00, 0x3F, 0xFF, 
  0x00, 0x00, 0x1F, 0xFF, 0x80, 0x00, 0x0F, 0xFF, 0xC0, 0x00, 0x07, 0xFF, 
  0xE0, 0x00, 0x03, 0xFF, 0xF0, 0x00, 0x01, 0xFF, 0xF8, 0x00, 0x00, 0xFF, 
  0xFC, 0x00, 0x00, 0x7F, 0xFE, 0x00, 0x00, 0x3F, 0xFF, 0x00, 0x00, 0x3F, 
  0xFF, 0x80, 0x00, 0x1F, 0xFF, 0xC0, 0x00, 0x0F, 0xFF, 0xE0, 0x00, 0x07, 
  0xFF, 0xF0, 0x00, 0x07, 0xFF, 0xF8, 0x00, 0x0F, 0xFF, 0xF8, 0x00, 0x7F, 
  0xFF, 0xFC, 0x00, 0x3F, 0xFF, 0xFE, 0x00, 0x1F, 0xFF, 0xFE, 0x00, 0x0F, 
  0xFF, 0xFE, 0x00, 0x07, 0xFF, 0xFE, 0x00, 0x03, 0xFF, 0xF8, 0x00, 0x01, 
  0xFF, 0xE0, 0x00, 0x00, 0xFF, 0xF8, 0x00, 0x00, 0x7F, 0xFF, 0xC0, 0x00, 
  0x3F, 0xFF, 0xF0, 0x00, 0x1F, 0xFF, 0xFC, 0x00, 0x0F, 0xFF, 0xFF, 0x00, 
  0x07, 0xFF, 0xFF, 0xC0, 0x00, 0x3F, 0xFF, 0xE0, 0x00, 0x07, 0xFF, 0xF0, 
  0x00, 0x03, 0xFF, 0xF8, 0x00, 0x00, 0xFF, 0xFE, 0x00, 0x00, 0x7F, 0xFF, 
  0x00, 0x00, 0x3F, 0xFF, 0x80, 0x00, 0x0F, 0xFF, 0xC0, 0x00, 0x07, 0xFF, 
  0xE0, 0x00, 0x03, 0xFF, 0xF0, 0x00, 0x01, 0xFF, 0xF8, 0x00, 0x00, 0xFF, 
  0xFC, 0x00, 0x00, 0x7F, 0xFE, 0x00, 0x00, 0x3F, 0xFF, 0x00, 0x00, 0x1F, 
  0xFF, 0x80, 0x00, 0x0F, 0xFF, 0xC0, 0x00, 0x07, 0xFF, 0xE0, 0x00, 0x03, 
  0xFF, 0xF0, 0x00, 0x01, 0xFF, 0xF8, 0x00, 0x00, 0xFF, 0xFC, 0x00, 0x00, 
  0x7F, 0xFE, 0x00, 0x00, 0x3F, 0xFF, 0x00, 0x00, 0x1F, 0xFF, 0xC0, 0x00, 
  0x0F, 0xFF, 0xF0, 0x00, 0x07, 0xFF, 0xFE, 0x00, 0x01, 0xFF, 0xFF, 0xFE, 
  0x00, 0xFF, 0xFF, 0xFF, 0x00, 0x7F, 0xFF, 0xFF, 0x80, 0x1F, 0xFF, 0xFF, 
  0xC0, 0x07, 0xFF, 0xFF, 0xE0, 0x03, 0xFF, 0xFF, 0xF0, 0x00, 0xFF, 0xFF, 
  0xF8, 0x00, 0x1F, 0xFF, 0xFC, 0x00, 0x03, 0xFF, 0xFE, 0x00, 0x00, 0x7F, 
  0xFF, 0xFF, 0xFF, 0xFF, 0xFF, 0xFF, 0xFF, 0xFF, 0xFF, 0xFF, 0xFF, 0xFF, 
  0xFF, 0xFF, 0xFF, 0xFF, 0xFF, 0xFF, 0xFF, 0xFF, 0xFF, 0xFF, 0xFF, 0xFF, 
  0xFF, 0xFF, 0xFF, 0xFF, 0xFF, 0xFF, 0xFF, 0xFF, 0xFF, 0xFF, 0xFF, 0xFF, 
  0xFF, 0xFF, 0xFF, 0xFF, 0xFF, 0xFF, 0xFF, 0xFF, 0xFF, 0xFF, 0xFF, 0xFF, 
  0xFF, 0xFF, 0xFF, 0xFF, 0xFF, 0xFF, 0xFF, 0xFF, 0xFF, 0xFF, 0xFF, 0xFF, 
  0xFF, 0xFF, 0xFF, 0xFF, 0xFF, 0xFF, 0xFF, 0xFF, 0xFF, 0xFF, 0xFF, 0xFF, 
  0xFF, 0xFF, 0xFF, 0xFF, 0xFF, 0xFF, 0xFF, 0xFF, 0xFF, 0xFF, 0xFF, 0xFF, 
  0xFF, 0xFF, 0xFF, 0xFF, 0xFF, 0xFF, 0xFF, 0xFF, 0xFF, 0xFF, 0xFF, 0xFF, 
  0xFF, 0xFF, 0xFF, 0xFF, 0xFF, 0xFF, 0xFF, 0xFF, 0xFF, 0xFF, 0xFF, 0xFF, 
  0xFF, 0xFF, 0xFF, 0xFF, 0xFF, 0xFF, 0xFF, 0xFF, 0xFF, 0xFF, 0xFF, 0xFF, 
  0xFF, 0xFF, 0xFF, 0xFF, 0xFF, 0xFF, 0xFF, 0xFF, 0xFF, 0xFF, 0xFF, 0xFF, 
  0xF0, 0x00, 0x00, 0x7F, 0xFF, 0xC0, 0x00, 0x3F, 0xFF, 0xF8, 0x00, 0x1F, 
  0xFF, 0xFE, 0x00, 0x0F, 0xFF, 0xFF, 0x80, 0x07, 0xFF, 0xFF, 0xE0, 0x03, 
  0xFF, 0xFF, 0xF8, 0x01, 0xFF, 0xFF, 0xFE, 0x00, 0xFF, 0xFF, 0xFF, 0x00, 
  0x7F, 0xFF, 0xFF, 0x80, 0x3F, 0xFF, 0xFF, 0xE0, 0x00, 0x1F, 0xFF, 0xF0, 
  0x00, 0x03, 0xFF, 0xF8, 0x00, 0x01, 0xFF, 0xFC, 0x00, 0x00, 0x7F, 0xFE, 
  0x00, 0x00, 0x3F, 0xFF, 0x00, 0x00, 0x1F, 0xFF, 0x80, 0x00, 0x0F, 0xFF, 
  0xC0, 0x00, 0x07, 0xFF, 0xE0, 0x00, 0x03, 0xFF, 0xF0, 0x00, 0x01, 0xFF, 
  0xF8, 0x00, 0x00, 0xFF, 0xFC, 0x00, 0x00, 0x7F, 0xFE, 0x00, 0x00, 0x3F, 
  0xFF, 0x00, 0x00, 0x1F, 0xFF, 0x80, 0x00, 0x0F, 0xFF, 0xC0, 0x00, 0x07, 
  0xFF, 0xF0, 0x00, 0x03, 0xFF, 0xF8, 0x00, 0x01, 0xFF, 0xFC, 0x00, 0x00, 
  0xFF, 0xFE, 0x00, 0x00, 0x7F, 0xFF, 0x80, 0x00, 0x1F, 0xFF, 0xC0, 0x00, 
  0x0F, 0xFF, 0xF8, 0x00, 0x07, 0xFF, 0xFF, 0xC0, 0x01, 0xFF, 0xFF, 0xE0, 
  0x00, 0xFF, 0xFF, 0xF0, 0x00, 0x3F, 0xFF, 0xF8, 0x00, 0x0F, 0xFF, 0xFC, 
  0x00, 0x00, 0xFF, 0xFE, 0x00, 0x00, 0x0F, 0xFF, 0x00, 0x00, 0x1F, 0xFF, 
  0x80, 0x00, 0x7F, 0xFF, 0xC0, 0x00, 0x7F, 0xFF, 0xE0, 0x00, 0x7F, 0xFF, 
  0xF0, 0x00, 0x7F, 0xFF, 0xF8, 0x00, 0x7F, 0xFF, 0xFC, 0x00, 0x3F, 0xFF, 
  0xF0, 0x00, 0x1F, 0xFF, 0xE0, 0x00, 0x0F, 0xFF, 0xE0, 0x00, 0x0F, 0xFF, 
  0xE0, 0x00, 0x07, 0xFF, 0xF0, 0x00, 0x03, 0xFF, 0xF8, 0x00, 0x01, 0xFF, 
  0xFC, 0x00, 0x00, 0xFF, 0xFC, 0x00, 0x00, 0x7F, 0xFE, 0x00, 0x00, 0x3F, 
  0xFF, 0x00, 0x00, 0x1F, 0xFF, 0x80, 0x00, 0x0F, 0xFF, 0xC0, 0x00, 0x07, 
  0xFF, 0xE0, 0x00, 0x03, 0xFF, 0xF0, 0x00, 0x01, 0xFF, 0xF8, 0x00, 0x00, 
  0xFF, 0xFC, 0x00, 0x00, 0x7F, 0xFE, 0x00, 0x00, 0x3F, 0xFF, 0x00, 0x00, 
  0x1F, 0xFF, 0x80, 0x00, 0x0F, 0xFF, 0xC0, 0x00, 0x07, 0xFF, 0xE0, 0x00, 
  0x07, 0xFF, 0xF0, 0x00, 0x07, 0xFF, 0xF8, 0x00, 0x0F, 0xFF, 0xFC, 0x03, 
  0xFF, 0xFF, 0xFC, 0x01, 0xFF, 0xFF, 0xFE, 0x00, 0xFF, 0xFF, 0xFF, 0x00, 
  0x7F, 0xFF, 0xFF, 0x00, 0x3F, 0xFF, 0xFF, 0x80, 0x1F, 0xFF, 0xFF, 0x80, 
  0x0F, 0xFF, 0xFF, 0x80, 0x07, 0xFF, 0xFF, 0x00, 0x03, 0xFF, 0xFF, 0x00, 
  0x01, 0xFF, 0xFC, 0x00, 0x00, 0x00, 0x1F, 0x80, 0x00, 0x00, 0x00, 0x01, 
  0xFF, 0xE0, 0x00, 0x1F, 0xFC, 0x0F, 0xFF, 0xF0, 0x00, 0x3F, 0xF8, 0x3F, 
  0xFF, 0xF0, 0x00, 0x7F, 0xF0, 0xFF, 0xFF, 0xF8, 0x00, 0xFF, 0xE3, 0xFF, 
  0xFF, 0xF8, 0x03, 0xFF, 0x87, 0xFF, 0xFF, 0xF8, 0x07, 0xFF, 0x1F, 0xFF, 
  0xFF, 0xFC, 0x1F, 0xFE, 0x3F, 0xFF, 0xFF, 0xFF, 0xFF, 0xFC, 0xFF, 0xFF, 
  0xFF, 0xFF, 0xFF, 0xF9, 0xFF, 0xFF, 0xFF, 0xFF, 0xFF, 0xE3, 0xFF, 0xFF, 
  0xFF, 0xFF, 0xFF, 0xC7, 0xFF, 0xC3, 0xFF, 0xFF, 0xFF, 0x9F, 0xFE, 0x01, 
  0xFF, 0xFF, 0xFE, 0x3F, 0xFC, 0x01, 0xFF, 0xFF, 0xFC, 0x7F, 0xF0, 0x01, 
  0xFF, 0xFF, 0xF0, 0xFF, 0xE0, 0x01, 0xFF, 0xFF, 0xC1, 0xFF, 0xC0, 0x00, 
  0xFF, 0xFF, 0x03, 0xFF, 0x80, 0x00, 0x7F, 0xF8, 0x00, 0x00, 0x00, 0x00, 
  0x3F, 0xC0, 0x00 };

const GFXglyph SFCompactBold48pt7bGlyphs[] PROGMEM = {
  {     0,   1,   1,  18,    0,    0 },   // 0x20 ' '
  {     1,  16,  64,  27,    5,  -62 },   // 0x21 '!'
  {   129,  33,  26,  41,    4,  -62 },   // 0x22 '"'
  {   237,  57,  63,  58,    0,  -62 },   // 0x23 '#'
  {   686,  47,  74,  57,    5,  -67 },   // 0x24 '$'
  {  1121,  70,  65,  74,    2,  -63 },   // 0x25 '%'
  {  1690,  61,  64,  64,    3,  -62 },   // 0x26 '&'
  {  2178,  14,  26,  22,    4,  -62 },   // 0x27 '\''
  {  2224,  27,  80,  35,    7,  -65 },   // 0x28 '('
  {  2494,  27,  80,  35,    1,  -65 },   // 0x29 ')'
  {  2764,  33,  33,  43,    5,  -62 },   // 0x2A '*'
  {  2901,  49,  50,  57,    4,  -50 },   // 0x2B '+'
  {  3208,  18,  25,  21,    1,  -10 },   // 0x2C ','
  {  3265,  29,  13,  36,    4,  -31 },   // 0x2D '-'
  {  3313,  16,  16,  26,    5,  -14 },   // 0x2E '.'
  {  3345,  36,  80,  35,    0,  -65 },   // 0x2F '/'
  {  3705,  50,  65,  56,    3,  -63 },   // 0x30 '0'
  {  4112,  30,  63,  40,    3,  -62 },   // 0x31 '1'
  {  4349,  46,  64,  53,    4,  -63 },   // 0x32 '2'
  {  4717,  49,  65,  54,    3,  -63 },   // 0x33 '3'
  {  5116,  51,  63,  56,    3,  -62 },   // 0x34 '4'
  {  5518,  49,  64,  56,    4,  -62 },   // 0x35 '5'
  {  5910,  49,  65,  55,    3,  -63 },   // 0x36 '6'
  {  6309,  45,  63,  51,    3,  -62 },   // 0x37 '7'
  {  6664,  51,  65,  57,    3,  -63 },   // 0x38 '8'
  {  7079,  49,  65,  55,    3,  -63 },   // 0x39 '9'
  {  7478,  17,  47,  27,    5,  -45 },   // 0x3A ':'
  {  7578,  18,  60,  27,    4,  -45 },   // 0x3B ';'
  {  7713,  44,  55,  57,    6,  -52 },   // 0x3C '<'
  {  8016,  45,  33,  57,    6,  -41 },   // 0x3D '='
  {  8202,  44,  55,  57,    6,  -52 },   // 0x3E '>'
  {  8505,  43,  65,  46,    1,  -63 },   // 0x3F '?'
  {  8855,  72,  73,  80,    4,  -60 },   // 0x40 '@'
  {  9512,  59,  63,  60,    0,  -62 },   // 0x41 'A'
  {  9977,  50,  63,  59,    6,  -62 },   // 0x42 'B'
  { 10371,  52,  65,  60,    4,  -63 },   // 0x43 'C'
  { 10794,  53,  63,  62,    6,  -62 },   // 0x44 'D'
  { 11212,  42,  63,  53,    6,  -62 },   // 0x45 'E'
  { 11543,  42,  63,  50,    6,  -62 },   // 0x46 'F'
  { 11874,  53,  65,  61,    4,  -63 },   // 0x47 'G'
  { 12305,  53,  63,  66,    6,  -62 },   // 0x48 'H'
  { 12723,  15,  63,  27,    6,  -62 },   // 0x49 'I'
  { 12842,  45,  64,  52,    1,  -62 },   // 0x4A 'J'
  { 13202,  54,  63,  60,    6,  -62 },   // 0x4B 'K'
  { 13628,  40,  63,  48,    6,  -62 },   // 0x4C 'L'
  { 13943,  64,  63,  76,    6,  -62 },   // 0x4D 'M'
  { 14447,  52,  63,  64,    6,  -62 },   // 0x4E 'N'
  { 14857,  55,  65,  63,    4,  -63 },   // 0x4F 'O'
  { 15304,  49,  63,  56,    6,  -62 },   // 0x50 'P'
  { 15690,  56,  70,  63,    4,  -63 },   // 0x51 'Q'
  { 16180,  51,  63,  59,    6,  -62 },   // 0x52 'R'
  { 16582,  51,  65,  57,    3,  -63 },   // 0x53 'S'
  { 16997,  49,  63,  50,    1,  -62 },   // 0x54 'T'
  { 17383,  53,  64,  63,    5,  -62 },   // 0x55 'U'
  { 17807,  59,  63,  59,    0,  -62 },   // 0x56 'V'
  { 18272,  82,  63,  82,    0,  -62 },   // 0x57 'W'
  { 18918,  58,  63,  56,   -1,  -62 },   // 0x58 'X'
  { 19375,  57,  63,  55,   -1,  -62 },   // 0x59 'Y'
  { 19824,  47,  63,  55,    4,  -62 },   // 0x5A 'Z'
  { 20195,  28,  80,  35,    6,  -65 },   // 0x5B '['
  { 20475,  36,  80,  35,    0,  -65 },   // 0x5C '\\'
  { 20835,  28,  80,  35,    1,  -65 },   // 0x5D ']'
  { 21115,  41,  27,  43,    1,  -62 },   // 0x5E '^'
  { 21254,  42,  11,  39,   -1,    6 },   // 0x5F '_'
  { 21312,  23,  13,  44,   10,  -67 },   // 0x60 '`'
  { 21350,  43,  51,  51,    3,  -49 },   // 0x61 'a'
  { 21625,  47,  67,  56,    6,  -65 },   // 0x62 'b'
  { 22019,  44,  51,  50,    3,  -49 },   // 0x63 'c'
  { 22300,  48,  67,  56,    3,  -65 },   // 0x64 'd'
  { 22702,  46,  51,  52,    3,  -49 },   // 0x65 'e'
  { 22996,  31,  68,  36,    2,  -67 },   // 0x66 'f'
  { 23260,  47,  68,  56,    4,  -49 },   // 0x67 'g'
  { 23660,  45,  66,  56,    6,  -65 },   // 0x68 'h'
  { 24032,  16,  69,  26,    5,  -68 },   // 0x69 'i'
  { 24170,  24,  86,  26,   -3,  -68 },   // 0x6A 'j'
  { 24428,  47,  66,  53,    5,  -65 },   // 0x6B 'k'
  { 24816,  14,  66,  26,    6,  -65 },   // 0x6C 'l'
  { 24932,  73,  50,  83,    5,  -49 },   // 0x6D 'm'
  { 25389,  46,  50,  56,    5,  -49 },   // 0x6E 'n'
  { 25677,  47,  51,  53,    3,  -49 },   // 0x6F 'o'
  { 25977,  48,  66,  56,    5,  -49 },   // 0x70 'p'
  { 26373,  48,  66,  56,    3,  -49 },   // 0x71 'q'
  { 26769,  31,  50,  38,    5,  -49 },   // 0x72 'r'
  { 26963,  43,  51,  49,    3,  -49 },   // 0x73 's'
  { 27238,  31,  60,  37,    2,  -59 },   // 0x74 't'
  { 27471,  45,  50,  56,    5,  -48 },   // 0x75 'u'
  { 27753,  49,  49,  49,    0,  -48 },   // 0x76 'v'
  { 28054,  73,  49,  75,    1,  -48 },   // 0x77 'w'
  { 28502,  50,  49,  51,    1,  -48 },   // 0x78 'x'
  { 28809,  50,  66,  50,    0,  -48 },   // 0x79 'y'
  { 29222,  40,  49,  47,    4,  -48 },   // 0x7A 'z'
  { 29467,  33,  80,  35,    1,  -65 },   // 0x7B '{'
  { 29797,  13,  80,  35,   11,  -65 },   // 0x7C '|'
  { 29927,  33,  80,  35,    1,  -65 },   // 0x7D '}'
  { 30257,  47,  20,  51,    2,  -41 } }; // 0x7E '~'

const GFXfont SFCompactBold48pt7b PROGMEM = {
  (uint8_t *)SFCompactBold48pt7bBitmaps,
  (GFXglyph *)SFCompactBold48pt7bGlyphs,
  0x20, 0x7E, 112 };
